time_s,mission_id,mission_type,phase,random_seed,model_version,altitude_ft,altitude_m,ambient_temperature_C,ambient_pressure_hPa,throttle_pct,rpm,power_kW,torque_Nm,fuelflow_kgh,p_plenum_bar,t_plenum_K,coolant_temp_C,EGT1_C,EGT2_C,EGT3_C,EGT4_C,EGT_mean_C,EGT_max_C,EGT_min_C,EGT_spread_C,oil_pressure_bar,oil_temperature_C,battery_voltage_V,battery_soc_pct,generator_A_current_A,generator_B_current_A,generator_voltage_V,generator_power_W,generator_switch_ready,generator_switch_latched,generator_switch_threshold_rpm,generator_switch_hold_time_s,generator_time_above_threshold_s,vibration_amplitude,vibration_frequency_Hz,vibration_1x,vibration_2x,vibration_3x,engine_state_valid,outside_calibrated_envelope,extrapolation_used,health_state_valid,mission_generated_values,stage3_values,stage3_validation_status,stage3_ambient_source,stage4_production_source,ambient_source
0.0,endurance_42,ENDURANCE,TAKEOFF,42,stage5_mission_generator,0.0,0.0,15.0,1013.25,100.0,5800.0,104.3921186,171.8743623623316,33.95,1.5206,292.75,85.62089243784948,588.5919123838711,634.3565700605736,680.1212277372761,725.8858854139786,657.2388988989248,725.8858854139786,588.5919123838711,137.2939730301075,4.253939295225806,79.95881779,14.5,91.0,44.0,42.0,14.5,420.0,True,False,2400.0,8.0,0.0,0.3608842130666667,96.66666666666667,0.3608842130666667,0.21653052784000001,0.14435368522666667,True,False,False,True,python_mission_generator,csv_authoritative,validated_csv,explicit_input,calibrated_csv,python_generated_isa_plus_offset
10.0,endurance_42,ENDURANCE,TAKEOFF,42,stage5_mission_generator,455.4100022595471,138.80896868870997,14.098288195526097,996.6852423204896,93.22930708456524,5664.586141691305,69.74348035194882,117.57278680695579,20.200510693625883,1.0923651031112418,291.61812500138757,76.21068292049858,509.2251800122302,547.8214117547635,586.4176434972968,625.0138752398301,567.1195276260302,625.0138752398301,509.2251800122302,115.78869522759987,3.870957223140568,74.90288131749368,14.5,91.0,43.0972409446087,41.0972409446087,14.476103436769053,420.0,True,True,2400.0,8.0,10.0,0.348190848824099,94.40976902818842,0.348190848824099,0.2089145092944594,0.1392763395296396,True,False,False,True,python_mission_generator,csv_authoritative,validated_csv,explicit_input,calibrated_csv,python_generated_isa_plus_offset
20.0,endurance_42,ENDURANCE,TAKEOFF,42,stage5_mission_generator,1007.6222415007612,307.12325920943204,13.004907961828494,976.8943240912037,85.01943141759206,5500.388628351841,44.96042729411812,78.05638543973379,13.692010225836707,0.8015944606107346,290.14889052443607,69.58974177475123,450.80313144128155,484.30536784061053,517.8076042399395,551.3098406392685,501.056486040275,551.3098406392685,450.80313144128155,100.50670919798694,3.5639935595976953,71.35683003787955,14.5,91.0,42.00259085567894,40.00259085567894,14.447127405003267,420.0,True,True,2400.0,8.0,20.0,0.3360813791889982,91.67314380586403,0.3360813791889982,0.20164882751339894,0.13443255167559928,True,False,False,True,python_mission_generator,csv_authoritative,validated_csv,explicit_input,calibrated_csv,python_generated_isa_plus_offset
30.0,endurance_42,ENDURANCE,CLIMB,42,stage5_mission_generator,1009.413486286361,307.6692306200829,13.001361297153005,976.8306489689801,84.99872950692115,5499.923770415269,44.79415981953047,77.77429929420656,13.620449187993238,0.8008520921915314,290.1393192883413,69.55130821245375,450.4223911560026,483.8936344511727,517.3648777463429,550.836121041513,500.6292560987578,550.836121041513,450.4223911560026,100.4137298855104,3.562596208930903,71.33244591907285,14.5,91.0,41.999390163322154,39.999390163322154,14.447045371249754,420.0,True,True,2400.0,8.0,30.0,0.33602879058669294,91.66539617358782,0.33602879058669294,0.20161727435201576,0.13441151623467718,True,False,False,True,python_mission_generator,csv_authoritative,validated_csv,explicit_input,calibrated_csv,python_generated_isa_plus_offset
40.0,endurance_42,ENDURANCE,CLIMB,42,stage5_mission_generator,1013.401867189311,308.884889119302,12.993464302965165,976.6888821825613,84.98826546397484,5499.295927838491,44.76413721598179,77.73104562460942,13.612543145140174,0.8004836653806932,290.1312493462219,69.54363948002754,450.34029377418955,483.8052814643459,517.2702691545022,550.7352568446586,500.5377753094241,550.7352568446586,450.34029377418955,100.39496307046903,3.561984259892443,71.32918052197283,14.5,91.0,41.994367422707924,39.994367422707924,14.44693457550091,420.0,True,True,2400.0,8.0,40.0,0.3359948190795857,91.65493213064151,0.3359948190795857,0.20159689144775142,0.1343979276318343,True,False,False,True,python_mission_generator,csv_authoritative,validated_csv,explicit_input,calibrated_csv,python_generated_isa_plus_offset
50.0,endurance_42,ENDURANCE,CLIMB,42,stage5_mission_generator,1024.3498875313842,312.2218457195659,12.97178722268786,976.2998210128427,84.95954188971648,5497.572513382989,44.68275556468562,77.61405313099347,13.590875217630066,0.7995019139677308,290.10841770437173,69.52295736262461,450.1168743065619,483.56494660856845,517.013018910575,550.4610912125817,500.28898275957175,550.4610912125817,450.1168743065619,100.34421690601977,3.560317988731166,71.32037153979257,14.5,91.0,41.980580107063915,39.980580107063915,14.446630443538174,420.0,True,True,2400.0,8.0,50.0,0.33590176416217465,91.62620855638315,0.33590176416217465,0.20154105849730478,0.13436070566486988,True,False,False,True,python_mission_generator,csv_authoritative,validated_csv,explicit_input,calibrated_csv,python_generated_isa_plus_offset
60.0,endurance_42,ENDURANCE,CLIMB,42,stage5_mission_generator,1045.1762067227025,318.5697078090798,12.930551110689048,975.560059928069,84.90490129651981,5494.294077791188,44.527943992067605,77.39129677134795,13.549656516856773,0.797634337213758,290.0649852804287,69.48361395942226,449.6918654920928,483.1077598055823,516.5236541190718,549.9395484325613,499.81570696232706,549.9395484325613,449.6918654920928,100.24768294046851,3.5571482563065095,71.30361429337687,14.5,91.0,41.9543526223295,39.9543526223295,14.446051896080798,420.0,True,True,2400.0,8.0,60.0,0.3357247466419497,91.57156796318647,0.3357247466419497,0.2014348479851698,0.13428989865677987,True,False,False,True,python_mission_generator,csv_authoritative,validated_csv,explicit_input,calibrated_csv,python_generated_isa_plus_offset
70.0,endurance_42,ENDURANCE,CLIMB,42,stage5_mission_generator,1078.2889646518615,328.6624764258874,12.864987849989314,974.3848130741817,84.81802561200703,5489.081536720422,44.28180169098971,77.03657795194843,13.484120939094682,0.7946649878822531,289.99592999864365,69.42106000668669,449.016123712569,482.3808567077946,515.7455897030202,549.1103226982458,499.0632232054074,549.1103226982458,449.016123712569,100.09419898567677,3.552108547584405,71.2769711482764,14.5,91.0,41.91265229376338,39.91265229376338,14.44513203589184,420.0,True,True,2400.0,8.0,70.0,0.33544329804594086,91.4846922786737,0.33544329804594086,0.2012659788275645,0.13417731921837636,True,False,False,True,python_mission_generator,csv_authoritative,validated_csv,explicit_input,calibrated_csv,python_generated_isa_plus_offset
80.0,endurance_42,ENDURANCE,CLIMB,42,stage5_mission_generator,1125.6130464149717,343.0868565472834,12.771286168098356,972.7071644179281,84.69386464643891,5481.631878786335,43.93002010860117,76.52844997637713,13.390458821096528,0.7904212540667864,289.8972375910717,69.33165916667828,448.05036727230646,481.34198154955,514.6335958267935,547.925210104037,497.98778868817175,547.925210104037,448.05036727230646,99.87484283173052,3.544905898136196,71.23889330589739,14.5,91.0,41.853055030290676,39.853055030290676,14.44381739037406,420.0,True,True,2400.0,8.0,80.0,0.33504105742321383,91.36053131310558,0.33504105742321383,0.2010246344539283,0.13401642296928554,True,False,False,True,python_mission_generator,csv_authoritative,validated_csv,explicit_input,calibrated_csv,python_generated_isa_plus_offset
90.0,endurance_42,ENDURANCE,CLIMB,42,stage5_mission_generator,1188.6173470446993,362.29056737922434,12.646537652851496,970.4772792385844,84.52856456010464,5471.713873606278,43.46168027511521,75.84981317349315,13.26576297872366,0.7847714142570967,289.7658447381125,69.2126365213233,446.76461999881536,479.95888862205413,513.153157245293,546.3474258685317,496.55602293367355,546.3474258685317,446.76461999881536,99.58280586971631,3.5353167444905513,71.18819886578996,14.5,91.0,41.773710988850226,39.773710988850226,14.442067154165814,420.0,True,True,2400.0,8.0,90.0,0.3345055396027806,91.1952312267713,0.3345055396027806,0.20070332376166836,0.13380221584111227,True,False,False,True,python_mission_generator,csv_authoritative,validated_csv,explicit_input,calibrated_csv,python_generated_isa_plus_offset
100.0,endurance_42,ENDURANCE,CLIMB,42,stage5_mission_generator,1268.342036239308,386.5906526457411,12.48868276824617,967.661550936305,84.31939633071201,5459.16377984272,43.019591764447156,75.25087308486371,13.150181794756971,0.7797181254629468,289.62164751819114,69.10438684109329,445.4782219876596,478.5810047988286,511.6837876099975,544.7865704211665,495.13239620441306,544.7865704211665,445.4782219876596,99.30834843350692,3.524583898332111,71.14663213271574,14.5,91.0,41.67331023874176,39.67331023874176,14.43985243173695,420.0,True,True,2400.0,8.0,100.0,0.33385657804805524,90.98606299737867,0.33385657804805524,0.20031394682883313,0.1335426312192221,True,False,False,True,python_mission_generator,csv_authoritative,validated_csv,explicit_input,calibrated_csv,python_generated_isa_plus_offset
110.0,endurance_42,ENDURANCE,CLIMB,42,stage5_mission_generator,1365.4258230916994,416.18179087835,12.296456870278435,964.241667781265,84.06468422077731,5443.881053246639,42.55478593286348,74.64679481995833,13.026001957151912,0.7746925988445938,289.4338449578053,68.99379814350486,444.0676203502366,477.07474921402684,510.081878077817,543.0890069416072,493.5783136459219,543.0890069416072,444.0676203502366,99.02138659137057,3.5122254552858725,71.1070460654172,14.5,91.0,41.55104842597311,39.55104842597311,14.437155479984702,420.0,True,True,2400.0,8.0,110.0,0.33308032090712036,90.73135088744398,0.33308032090712036,0.19984819254427222,0.13323212836284815,True,False,False,True,python_mission_generator,csv_authoritative,validated_csv,explicit_input,calibrated_csv,python_generated_isa_plus_offset
120.0,endurance_42,ENDURANCE,CLIMB,42,stage5_mission_generator,1480.133220818455,451.1446057054651,12.069336222779459,960.2135934110869,83.76373424501541,5425.8240547009245,42.00560394153629,73.92867263062486,12.879279765078124,0.7687547888426594,289.2119506159516,68.86313428984157,442.4009523276563,475.29506319182116,508.18917405598603,541.0832849201508,491.7421186239036,541.0832849201508,442.4009523276563,98.68233259249456,3.4976235852131303,71.06027394297249,14.5,91.0,41.406592437607394,39.406592437607394,14.433968950829575,420.0,True,True,2400.0,8.0,120.0,0.3321631498789771,90.43040091168207,0.3321631498789771,0.19929788992738626,0.13286525995159085,True,False,False,True,python_mission_generator,csv_authoritative,validated_csv,explicit_input,calibrated_csv,python_generated_isa_plus_offset
130.0,endurance_42,ENDURANCE,CLIMB,42,stage5_mission_generator,1612.3818114888768,491.4539761418097,11.807484013252024,955.5864626113723,83.41676263772975,5405.005758263785,41.372440380912174,73.09477941994328,12.710120639281762,0.7619089618080754,288.9561239250018,68.71248916284023,440.4794154305613,473.2432254469426,506.00703546332386,538.7708454797051,489.6251304551332,538.7708454797051,440.4794154305613,98.29143004914386,3.48078877964224,71.00634937142298,14.5,91.0,41.240046066110274,39.240046066110274,14.430295133811256,420.0,True,True,2400.0,8.0,130.0,0.3311057239563298,90.0834293043964,0.3311057239563298,0.19866343437379788,0.13244228958253193,True,False,False,True,python_mission_generator,csv_authoritative,validated_csv,explicit_input,calibrated_csv,python_generated_isa_plus_offset
140.0,endurance_42,ENDURANCE,CLIMB,42,stage5_mission_generator,1761.7695107540296,536.9873468778283,11.511696368707021,950.3814002004459,83.02482432020233,5381.48945921214,40.657220301055986,72.14505536803436,12.519038885712082,0.7541759315725222,288.6671426921746,68.54232077908544,438.3088518377478,470.9254743206816,503.54209680361544,536.1587192865493,487.2337855621485,536.1587192865493,438.3088518377478,97.84986744880149,3.461772222572993,70.94543630129644,14.5,91.0,41.05191567369712,39.05191567369712,14.426145198684495,420.0,True,True,2400.0,8.0,140.0,0.32991125810284266,89.691490986869,0.32991125810284266,0.1979467548617056,0.13196450324113707,True,False,False,True,python_mission_generator,csv_authoritative,validated_csv,explicit_input,calibrated_csv,python_generated_isa_plus_offset
150.0,endurance_42,ENDURANCE,CLIMB,42,stage5_mission_generator,1927.60183257578,587.5330385690978,11.183348371499957,944.6302757119057,82.58974136808376,5355.384482085026,39.88282350189616,71.11588562153523,12.313494347971083,0.7450338650706003,288.33813594916535,68.3546385529007,435.93967545269345,468.39488286869636,500.8500902846992,533.3052977007021,484.6224865766978,533.3052977007021,435.93967545269345,97.36562224800866,3.4406301176182157,70.88075113411594,14.5,91.0,40.84307585668021,38.84307585668021,14.421538438015006,420.0,True,True,2400.0,8.0,150.0,0.32858902997990164,89.25640803475044,0.32858902997990164,0.19715341798794098,0.13143561199196066,True,False,False,True,python_mission_generator,csv_authoritative,validated_csv,explicit_input,calibrated_csv,python_generated_isa_plus_offset
160.0,endurance_42,ENDURANCE,CLIMB,42,stage5_mission_generator,2108.9191539558396,642.79855812574,10.824340075167438,938.3744100745893,82.11403147878329,5326.841888726997,39.13439407124829,70.15525211506278,12.105360928649459,0.7355620873715881,287.98233956786333,68.17272700542114,433.56798165516,465.86521335998174,498.1624450648034,530.4596767696252,482.0138292123926,530.4596767696252,433.56798165516,96.89169511446516,3.4182106219388197,70.82476761607514,14.5,91.0,40.61473510981598,38.61473510981598,14.416501509775353,420.0,True,True,2400.0,8.0,160.0,0.3271620552920003,88.78069814544996,0.3271620552920003,0.19629723317520018,0.13086482211680014,True,False,False,True,python_mission_generator,csv_authoritative,validated_csv,explicit_input,calibrated_csv,python_generated_isa_plus_offset
170.0,endurance_42,ENDURANCE,CLIMB,42,stage5_mission_generator,2304.5239796648066,702.4189090018331,10.437042520263683,931.6632527010049,81.60083643885875,5296.050186331525,38.45509159962456,69.33829212110959,11.897733151790634,0.7268069149328066,287.612610138282,68.01087233009979,431.297515357398,463.4504655305285,495.60341570365904,527.7563658767895,479.52694061709377,527.7563658767895,431.297515357398,96.45885051939143,3.3951340578729914,70.78358798323164,14.5,91.0,40.3684014906522,38.3684014906522,14.411067679940857,420.0,True,True,2400.0,8.0,170.0,0.3256470377372281,88.26750310552542,0.3256470377372281,0.19538822264233685,0.13025881509489123,True,False,False,True,python_mission_generator,csv_authoritative,validated_csv,explicit_input,calibrated_csv,python_generated_isa_plus_offset
180.0,endurance_42,ENDURANCE,CLIMB,42,stage5_mission_generator,2513.008206971204,765.964901484823,10.024243750197016,924.5530484094674,81.05385059140661,5263.231035484397,37.67839968844853,68.36147056185777,11.669194440693321,0.717282341744846,287.20745160007004,67.82633092524475,428.7562058394243,460.7456816803793,492.7351575213342,524.7246333622892,476.74041960085674,524.7246333622892,428.7562058394243,95.96842752286489,3.3701873310435495,70.73179770071113,14.5,91.0,40.105848283875176,38.105848283875176,14.405276065085483,420.0,True,True,2400.0,8.0,180.0,0.32402223463269286,87.72051725807327,0.32402223463269286,0.19441334077961572,0.12960889385307714,True,False,False,True,python_mission_generator,csv_authoritative,validated_csv,explicit_input,calibrated_csv,python_generated_isa_plus_offset
190.0,endurance_42,ENDURANCE,CLIMB,42,stage5_mission_generator,2732.780390370524,832.9514629849357,9.589094827066363,917.1055135424914,80.47724930345204,5228.6349582071225,36.777987220141114,67.1693301579782,11.41570543773678,0.7070370735629891,286.7631073363808,67.61362838168496,425.8889680221522,457.69132997820105,489.49369193424997,521.2960538902988,473.5925109562255,521.2960538902988,425.8889680221522,95.40708586814662,3.3433703342604724,70.66495311619218,14.5,91.0,39.82907966565698,37.82907966565698,14.399170874977727,420.0,True,True,2400.0,8.0,190.0,0.322293904018395,87.14391597011871,0.322293904018395,0.19337634241103702,0.128917561607358,True,False,False,True,python_mission_generator,csv_authoritative,validated_csv,explicit_input,calibrated_csv,python_generated_isa_plus_offset
200.0,endurance_42,ENDURANCE,CLIMB,42,stage5_mission_generator,2962.0930063142678,902.8459483245889,9.13505584749775,909.3865396441165,79.87561743333885,5192.5370460003305,35.83848734648889,65.90850326458725,11.151212336372268,0.6963470525990618,286.2994738414129,67.39169230257272,422.8972618187478,454.5043871722224,486.1115125256969,517.7186378791715,470.30794984895965,517.7186378791715,422.8972618187478,94.82137606042375,3.315389196752687,70.59520677113329,14.5,91.0,39.54029636800264,37.54029636800264,14.39280065517653,420.0,True,True,2400.0,8.0,200.0,0.32049054561220325,86.5422841000055,0.32049054561220325,0.19229432736732194,0.1281962182448813,True,False,False,True,python_mission_generator,csv_authoritative,validated_csv,explicit_input,calibrated_csv,python_generated_isa_plus_offset
210.0,endurance_42,ENDURANCE,CLIMB,42,stage5_mission_generator,3199.069717938988,975.0764500278036,8.665841958480804,901.4649412749902,79.2538777981195,5155.2326678871705,34.838322707751914,64.53277621211754,10.88426793294948,0.684540043692142,285.82122896988955,67.1522859410688,419.74214429972955,451.14043759393854,482.53873088814754,513.9370241823565,466.83958424104304,513.9370241823565,419.74214429972955,94.19487988262694,3.2861095922428856,70.51873964661105,14.5,91.0,39.24186134309736,37.24186134309736,14.386217529627148,420.0,True,True,2400.0,8.0,210.0,0.3186213410468754,85.92054446478618,0.3186213410468754,0.19117280462812522,0.12744853641875017,True,False,False,True,python_mission_generator,csv_authoritative,validated_csv,explicit_input,calibrated_csv,python_generated_isa_plus_offset
220.0,endurance_42,ENDURANCE,CLIMB,42,stage5_mission_generator,3441.7326397953257,1049.0401086096153,8.185369373205255,893.4112621372025,78.61721964094521,5117.033178456712,33.808687070350224,63.09304019384294,10.612425737345792,0.6722355572501252,285.3306733945961,66.90488310844897,416.4991036995342,447.68204588042653,478.8649880613188,510.0479302422111,463.27351697087266,510.0479302422111,416.4991036995342,93.54882654267692,3.2560408895025343,70.439616871945,14.5,91.0,38.9362654276537,36.9362654276537,14.379476443257067,420.0,True,True,2400.0,8.0,220.0,0.316706242948714,85.28388630761188,0.316706242948714,0.1900237457692284,0.12668249717948563,True,False,False,True,python_mission_generator,csv_authoritative,validated_csv,explicit_input,calibrated_csv,python_generated_isa_plus_offset
230.0,endurance_42,ENDURANCE,CLIMB,42,stage5_mission_generator,3688.0296025770585,1124.1114228654876,7.697701386897424,885.2966508131649,77.97102709845583,5078.26162590735,32.763631944812715,61.60959432721759,10.336512521511581,0.6597468028245441,284.83277141869405,66.65377525154308,413.2074963789941,444.1718624183984,475.13622845780264,506.10059449720694,459.6540454381005,506.10059449720694,413.2074963789941,92.89309811821283,3.2255218876579934,70.35930918036183,14.5,91.0,38.6260930072588,36.6260930072588,14.372634404571885,420.0,True,True,2400.0,8.0,230.0,0.3147624649648427,84.6376937651225,0.3147624649648427,0.18885747897890562,0.1259049859859371,True,False,False,True,python_mission_generator,csv_authoritative,validated_csv,explicit_input,calibrated_csv,python_generated_isa_plus_offset
240.0,endurance_42,ENDURANCE,CLIMB,42,stage5_mission_generator,3935.8614178501357,1199.6505601607214,7.206994392656731,877.1918142519748,77.32080766817002,5039.248460090202,31.712064333514498,60.093863213523875,10.058879893135966,0.6471802220399719,284.3317666595522,66.40110256202452,409.8953766995545,440.63980449323884,471.38423228692324,502.1286600806076,456.01201839008104,502.1286600806076,409.8953766995545,92.23328338105307,3.1948127000901474,70.27850103412786,14.5,91.0,38.31398768072161,36.31398768072161,14.365749728251211,420.0,True,True,2400.0,8.0,240.0,0.3128065739104428,83.98747433483669,0.3128065739104428,0.18768394434626567,0.12512262956417713,True,False,False,True,python_mission_generator,csv_authoritative,validated_csv,explicit_input,calibrated_csv,python_generated_isa_plus_offset
250.0,endurance_42,ENDURANCE,CLIMB,42,stage5_mission_generator,4183.109142781722,1275.0116667198688,6.717443897292192,869.1660538107099,76.67212067587512,5000.327240552507,30.66297505811722,58.55813608547295,9.781901589696552,0.6346432581891813,283.83194266907196,66.14902537182611,406.5910630280421,437.11607092674734,467.64107882545255,498.1660867241578,452.37857487609995,498.1660867241578,406.5910630280421,91.57502369611575,3.1641758879751203,70.19788333663702,14.5,91.0,38.00261792442005,36.00261792442005,14.35888127774456,420.0,True,True,2400.0,8.0,250.0,0.31085529250259947,83.33878734254178,0.31085529250259947,0.18651317550155969,0.1243421170010398,True,False,False,True,python_mission_generator,csv_authoritative,validated_csv,explicit_input,calibrated_csv,python_generated_isa_plus_offset
260.0,endurance_42,ENDURANCE,CLIMB,42,stage5_mission_generator,4427.66134486924,1349.5511779161443,6.2332305371589065,861.2863853111877,76.03050574301722,4961.830344581033,29.462190475531838,56.701494281644386,9.475117031592337,0.6237392242379323,283.3681035409715,65.87323877566956,402.9733616094372,433.2567195759565,463.54007754247584,493.82343550899515,448.39839855921616,493.82343550899515,402.9733616094372,90.85007389955797,3.1333270247591245,70.09367465277718,14.5,91.0,37.618303445810334,35.580133790391365,14.352087707867241,420.0,True,True,2400.0,8.0,260.0,0.3088942113110097,82.69717240968389,0.3088942113110097,0.1853365267866058,0.12355768452440388,True,False,False,True,python_mission_generator,csv_authoritative,validated_csv,explicit_input,calibrated_csv,python_generated_isa_plus_offset
270.0,endurance_42,ENDURANCE,CLIMB,42,stage5_mission_generator,4667.441366669405,1422.6361285608348,5.758466093994578,853.616741322785,75.4014112540912,4924.084675245472,28.283466651902536,54.85023701629174,9.174043117949582,0.6130605486056007,282.91357243186104,65.60261146342732,399.42331868657584,429.46953529197594,459.51575189737605,489.56196850277615,444.492643594676,489.56196850277615,399.42331868657584,90.13864981620031,3.1030755546581563,69.99129379799956,14.5,91.0,37.240846752454715,35.16493142770019,14.34542670739626,420.0,True,True,2400.0,8.0,270.0,0.30697113736736104,82.06807792075786,0.30697113736736104,0.1841826824204166,0.12278845494694442,True,False,False,True,python_mission_generator,csv_authoritative,validated_csv,explicit_input,calibrated_csv,python_generated_isa_plus_offset
280.0,endurance_42,ENDURANCE,CLIMB,42,stage5_mission_generator,4900.43459052728,1493.652463192715,5.297139510755985,846.2172508287662,74.7901228240307,4887.407369441842,27.15067823570123,53.04855097441424,8.883649774542802,0.6026488778258653,282.4692629498288,65.3420963744132,396.00045210606567,425.8183436994443,455.6362352928229,485.45412688620155,440.7272894961336,485.45412688620155,396.00045210606567,89.45367478013588,3.0737430770202847,69.89369663225484,14.5,91.0,36.87407369441842,34.76148106386026,14.338954241666208,420.0,True,True,2400.0,8.0,280.0,0.3051048893840641,81.45678949069737,0.3051048893840641,0.18306293363043846,0.12204195575362564,True,False,False,True,python_mission_generator,csv_authoritative,validated_csv,explicit_input,calibrated_csv,python_generated_isa_plus_offset
290.0,endurance_42,ENDURANCE,CLIMB,42,stage5_mission_generator,5124.715703305299,1562.0133463674551,4.853062907455508,839.1435886588669,74.20169176559817,4852.101505935891,26.360001460667522,51.87844311058709,8.66188718836763,0.5935835078547484,281.9862090207489,65.15906744010009,393.3431694113875,422.99608124025843,452.6489930691293,482.3019048980002,437.82253715469386,482.3019048980002,393.3431694113875,88.95873548661268,3.0474672487766923,69.84471197340609,14.5,91.0,36.5210150593589,34.373116565294794,14.332723795165156,420.0,True,True,2400.0,8.0,290.0,0.3033655204262899,80.86835843226484,0.3033655204262899,0.18201931225577392,0.12134620817051596,True,False,False,True,python_mission_generator,csv_authoritative,validated_csv,explicit_input,calibrated_csv,python_generated_isa_plus_offset
300.0,endurance_42,ENDURANCE,CLIMB,42,stage5_mission_generator,5338.475961112325,1627.167472947037,4.429817596997596,832.4463846394833,73.64086355677485,4818.451813406491,25.55214572490914,50.63971320508446,8.441394109375095,0.5860592602662473,281.55208470364323,64.97901294835938,390.7007523636537,420.18982763405523,449.6789029044567,479.16797817485826,434.934365269256,479.16797817485826,390.7007523636537,88.46722581120457,3.022401858082313,69.78988479706564,14.5,91.0,36.18451813406491,34.0029699474714,14.326785614130557,420.0,True,True,2400.0,8.0,300.0,0.30169740697946523,80.30753022344152,0.30169740697946523,0.18101844418767912,0.1206789627917861,True,False,False,True,python_mission_generator,csv_authoritative,validated_csv,explicit_input,calibrated_csv,python_generated_isa_plus_offset
310.0,endurance_42,ENDURANCE,CLIMB,42,stage5_mission_generator,5540.050454032674,1688.607378389159,4.030700101015306,826.1706803748111,73.11200630815081,4786.720378489049,24.830123037946834,49.53500317455272,8.250123693548897,0.5764747374468943,281.14314475309243,64.8047100730215,388.30046300788234,417.63556342907594,446.97066385026955,476.30576427146315,432.30311363967274,476.30576427146315,388.30046300788234,88.0053012635808,2.998350299708517,69.74415011662377,14.5,91.0,35.86720378489049,33.65392416337954,14.321185949145127,420.0,True,True,2400.0,8.0,310.0,0.3001319642773304,79.77867297481748,0.3001319642773304,0.18007917856639824,0.12005278571093217,True,False,False,True,python_mission_generator,csv_authoritative,validated_csv,explicit_input,calibrated_csv,python_generated_isa_plus_offset
320.0,endurance_42,ENDURANCE,CLIMB,42,stage5_mission_generator,5727.945370855174,1745.877749036657,3.6586681657067572,820.3554199661686,72.61903923031495,4757.142353818897,24.157099428931243,48.49199160656242,8.071833581781288,0.5675406551042576,280.7619569506035,64.642236022912,386.0630659924236,415.2546408560651,444.4462157197066,473.6377905833481,429.85042828788585,473.6377905833481,386.0630659924236,87.57472459092446,2.975930967308749,69.70151915745313,14.5,91.0,35.571423538188974,33.32856589200787,14.315966297732746,420.0,True,True,2400.0,8.0,320.0,0.2986727581940278,79.28570589698163,0.2986727581940278,0.17920365491641665,0.11946910327761112,True,False,False,True,python_mission_generator,csv_authoritative,validated_csv,explicit_input,calibrated_csv,python_generated_isa_plus_offset
330.0,endurance_42,ENDURANCE,CLIMB,42,stage5_mission_generator,5900.865263802195,1798.5837324069091,3.316286777671655,815.0329598338019,72.16536110124501,4729.921666074701,23.537715081606216,47.520580281852645,7.907753001200749,0.5593186095673469,280.4111494082079,64.49271098079423,384.0039871257046,413.0634752651985,442.12296340469237,471.1824515441863,427.59321933494545,471.1824515441863,384.0039871257046,87.17846441848167,2.955298431718796,69.66228584012514,14.5,91.0,35.29921666074701,33.02913832682171,14.31116264695436,420.0,True,True,2400.0,8.0,330.0,0.29732984927461986,78.83202776791168,0.29732984927461986,0.17839790956477192,0.11893193970984794,True,False,False,True,python_mission_generator,csv_authoritative,validated_csv,explicit_input,calibrated_csv,python_generated_isa_plus_offset
340.0,endurance_42,ENDURANCE,CLIMB,42,stage5_mission_generator,6057.740313258693,1846.3992474812499,3.0056741797477873,810.2285821538778,71.75377873369762,4705.226724021857,23.031711300872477,46.74304873792892,7.777726126254498,0.5526622805468887,280.10150754614295,64.37291790095293,382.26260555661247,411.21409671214514,440.16558786767786,469.1170790232105,425.6898422899115,469.1170790232105,382.26260555661247,86.85447346659805,2.9371070010862503,69.63507928836637,14.5,91.0,35.05226724021857,32.757493964240425,14.306804716003857,420.0,True,True,2400.0,8.0,340.0,0.29612219520972116,78.42044540036429,0.29612219520972116,0.1776733171258327,0.11844887808388847,True,False,False,True,python_mission_generator,csv_authoritative,validated_csv,explicit_input,calibrated_csv,python_generated_isa_plus_offset
350.0,endurance_42,ENDURANCE,CLIMB,42,stage5_mission_generator,6197.753592501249,1889.0752949943808,2.728447886847528,805.959996293156,71.38643544259824,4683.186126555895,22.604197466578675,46.0913104567597,7.67293955581767,0.5472260174394207,279.83155366571185,64.2736551838366,380.7639972078248,409.6246099648726,438.48522272192037,467.3458354789682,424.0549163433965,467.3458354789682,380.7639972078248,86.5818382711434,2.9211388296756278,69.61441233509917,14.5,91.0,34.83186126555895,32.51504739211484,14.302915198803982,420.0,True,True,2400.0,8.0,350.0,0.29504893711722074,78.05310210926491,0.29504893711722074,0.17702936227033245,0.1180195748468883,True,False,False,True,python_mission_generator,csv_authoritative,validated_csv,explicit_input,calibrated_csv,python_generated_isa_plus_offset
360.0,endurance_42,ENDURANCE,CLIMB,42,stage5_mission_generator,6320.368332427114,1926.4482677237845,2.485670701794314,802.2368130519286,71.06473951243129,4663.884370745876,22.22980799516411,45.51550010895688,7.581174130771259,0.5424652833812178,279.595145197743,64.18672719879551,379.4516111689334,408.23263839484173,437.0136656207501,465.7946928466584,422.6231520077959,465.7946928466584,379.4516111689334,86.34308167772497,2.907154919040885,69.59631352966,14.5,91.0,34.63884370745876,32.30272807820464,14.299509006602214,420.0,True,True,2400.0,8.0,360.0,0.2941090458255005,77.73140617909795,0.2941090458255005,0.1764654274953003,0.1176436183302002,True,False,False,True,python_mission_generator,csv_authoritative,validated_csv,explicit_input,calibrated_csv,python_generated_isa_plus_offset
370.0,endurance_42,ENDURANCE,CLIMB,42,stage5_mission_generator,6425.355186283248,1958.4482607791342,2.277796731159169,799.0599775603204,70.78929266463001,4647.357559877801,21.909243169561215,45.01867099629449,7.502601495260889,0.5383889831654467,279.3927243363359,64.11229654170619,378.3279022139478,407.04078563812516,435.7536690623025,464.4665524864798,421.3972273502138,464.4665524864798,378.3279022139478,86.138650272532,2.895181425617219,69.5808167252565,14.5,91.0,34.473575598778005,32.12093315865581,14.29659251056667,420.0,True,True,2400.0,8.0,370.0,0.2933042793696556,77.45595933129668,0.2933042793696556,0.17598256762179335,0.11732171174786224,True,False,False,True,python_mission_generator,csv_authoritative,validated_csv,explicit_input,calibrated_csv,python_generated_isa_plus_offset
380.0,endurance_42,ENDURANCE,CLIMB,42,stage5_mission_generator,6512.819494395373,1985.1073818917098,2.104617401097162,796.4211483776493,70.55981852496662,4633.589111497997,21.642181345660283,44.602057595989294,7.437142812111113,0.5349930267677223,279.2240879791145,64.05028853131691,377.391742850587,406.0478558292122,434.7039688078374,463.3600817864626,420.3759123185248,463.3600817864626,377.391742850587,85.96833893587564,2.885206335598604,69.56790637290936,14.5,91.0,34.335891114979965,31.969480226477963,14.294162784382,420.0,True,True,2400.0,8.0,380.0,0.29263383027372614,77.22648519163327,0.29263383027372614,0.17558029816423568,0.11705353210949046,True,False,False,True,python_mission_generator,csv_authoritative,validated_csv,explicit_input,calibrated_csv,python_generated_isa_plus_offset
390.0,endurance_42,ENDURANCE,CLIMB,42,stage5_mission_generator,6583.228548896981,2006.5680617038,1.9652074731839768,794.302012801442,70.37509109094223,4622.505465456534,21.42719570271396,44.26487935820153,7.384448357779091,0.5322592707447973,279.0883351592176,64.00037187985907,376.63813149688417,405.24854408090005,433.8589566649158,462.4693692489317,419.5537503729079,462.4693692489317,376.63813149688417,85.83123775204751,2.8771763554622636,69.55751349698471,14.5,91.0,34.22505465456534,31.84756012002187,14.292206846845271,420.0,True,True,2400.0,8.0,390.0,0.2920941165555848,77.04175775760889,0.2920941165555848,0.1752564699333509,0.11683764662223393,True,False,False,True,python_mission_generator,csv_authoritative,validated_csv,explicit_input,calibrated_csv,python_generated_isa_plus_offset
400.0,endurance_42,ENDURANCE,CLIMB,42,stage5_mission_generator,6637.43885845841,2023.0913640581236,1.8578710602523465,792.6735317048486,70.23286319917696,4613.971791950618,21.261670993741806,44.00417067504858,7.3438771173082475,0.5301544596332549,278.98381447728906,63.9619393636585,376.05790065779075,404.63312696418376,433.20835327057677,461.78357957696977,418.92074011738026,461.78357957696977,376.05790065779075,85.72567891917902,2.8709938024931265,69.54951167072676,14.5,91.0,34.13971791950618,31.7536897114568,14.290700904461874,420.0,True,True,2400.0,8.0,400.0,0.2916785727318239,76.89952986584363,0.2916785727318239,0.17500714363909434,0.11667142909272957,True,False,False,True,python_mission_generator,csv_authoritative,validated_csv,explicit_input,calibrated_csv,python_generated_isa_plus_offset
410.0,endurance_42,ENDURANCE,CLIMB,42,stage5_mission_generator,6676.723413015876,2035.065296287239,1.7800876422285654,791.4951115119214,70.12979499279982,4607.787699567989,21.141720295934846,43.814639605202544,7.314476379281935,0.528629167348199,278.9080715334686,63.93408849374691,375.63742510178133,404.1871529881481,432.7368808745149,461.2866087608817,418.4620169313315,461.2866087608817,375.63742510178133,85.64918365910034,2.866513495308285,69.54371299179036,14.5,91.0,34.07787699567989,31.68566469524788,14.28960959404141,420.0,True,True,2400.0,8.0,410.0,0.29137744082264233,76.79646165946649,0.29137744082264233,0.17482646449358538,0.11655097632905694,True,False,False,True,python_mission_generator,csv_authoritative,validated_csv,explicit_input,calibrated_csv,python_generated_isa_plus_offset
420.0,endurance_42,ENDURANCE,CLIMB,42,stage5_mission_generator,6702.798948500492,2043.01311950295,1.7284580819690252,790.7137063318036,70.06138238883885,4603.682943330331,21.06210176106016,43.68855520817794,7.29496133077712,0.5276167385819466,278.8577963593818,63.915602186473286,375.3583300374578,403.89113307985764,432.42393612225754,460.9567391646574,418.1575346010576,460.9567391646574,375.3583300374578,85.5984091271996,2.8635396443814685,69.53986405777357,14.5,91.0,34.03682943330331,31.64051237663364,14.288885225293589,420.0,True,True,2400.0,8.0,420.0,0.2911775613567335,76.72804905550552,0.2911775613567335,0.1747065368140401,0.11647102454269341,True,False,False,True,python_mission_generator,csv_authoritative,validated_csv,explicit_input,calibrated_csv,python_generated_isa_plus_offset
430.0,endurance_42,ENDURANCE,CLIMB,42,stage5_mission_generator,6717.853211567374,2047.6016588857358,1.6986506410965987,790.2628599603569,70.02188554561098,4601.313132736659,21.016135365865324,43.615660117135015,7.283694652318006,0.5270322302027177,278.82877085013064,63.90492943411519,375.1971992901535,403.7202310642473,432.24326283834114,460.76629461243493,417.9817469512942,460.76629461243493,375.1971992901535,85.56909532228144,2.8618227425674903,69.53764194175031,14.5,91.0,34.013131327366594,31.61444446010325,14.288467023424117,420.0,True,True,2400.0,8.0,430.0,0.29106216437617166,76.68855221227766,0.29106216437617166,0.17463729862570299,0.11642486575046868,True,False,False,True,python_mission_generator,csv_authoritative,validated_csv,explicit_input,calibrated_csv,python_generated_isa_plus_offset
440.0,endurance_42,ENDURANCE,CLIMB,42,stage5_mission_generator,6724.572224324572,2049.64961397413,1.6853469958373477,790.0617055808302,70.00425733011228,4600.255439806737,20.9956196624832,43.583101368414134,7.278666112829773,0.5267713526533297,278.8158161962844,63.90016597549021,375.1252834785389,403.64395414401446,432.16262480949007,460.6812954749656,417.90328947675226,460.6812954749656,375.1252834785389,85.55601199642672,2.8610564556267266,69.53665016780282,14.5,91.0,34.00255439806737,31.602809837874105,14.2882803717306,420.0,True,True,2400.0,8.0,440.0,0.2910106604413,76.67092399677895,0.2910106604413,0.17460639626477997,0.11640426417652,True,False,False,True,python_mission_generator,csv_authoritative,validated_csv,explicit_input,calibrated_csv,python_generated_isa_plus_offset
450.0,endurance_42,ENDURANCE,CLIMB,42,stage5_mission_generator,6726.167549062212,2050.135868954162,1.68218825285682,790.0139507034205,70.00007178540775,4600.004307124465,20.99074852883629,43.57536860201246,7.277472164592187,0.5267094113498865,278.81274031586923,63.899034966567356,375.1082081912248,403.62584337950847,432.1434785677921,460.6611137560758,417.8846609736503,460.6611137560758,375.1082081912248,85.55290556485102,2.860874512749565,69.53641468655435,14.5,91.0,34.000043071244654,31.60004737836912,14.288236054198435,420.0,True,True,2400.0,8.0,450.0,0.2909984316356174,76.66673845207443,0.2909984316356174,0.17459905898137043,0.11639937265424696,True,False,False,True,python_mission_generator,csv_authoritative,validated_csv,explicit_input,calibrated_csv,python_generated_isa_plus_offset
460.0,endurance_42,ENDURANCE,CRUISE,42,stage5_mission_generator,6746.950141522981,2056.470403136205,1.6410387197844987,789.3920525476394,72.66138088637736,4706.455235455094,23.20510441368874,47.08265844638384,7.830551458380591,0.5516949015641877,278.80252439085973,64.49467929218197,382.0876392122948,411.067031745032,440.0464242777692,469.0258168105064,425.5567280114006,469.0258168105064,382.0876392122948,86.93817759821161,2.938523853972968,69.87501898598205,14.5,91.0,35.06455235455094,32.771007590006036,14.307021512139134,420.0,True,True,2400.0,8.0,460.0,0.29621050548380096,78.44092059091824,0.29621050548380096,0.17772630329028058,0.11848420219352039,True,False,False,True,python_mission_generator,csv_authoritative,validated_csv,explicit_input,calibrated_csv,python_generated_isa_plus_offset
470.0,endurance_42,ENDURANCE,CRUISE,42,stage5_mission_generator,6749.567564526295,2057.268193667615,1.6358562222379351,789.3137569143208,72.84512738543172,4713.805095417269,23.39525532336458,47.39445676144377,7.879158223836187,0.5538810050312896,278.80486580615053,64.54614695572862,382.65281523361125,411.6717852621622,440.6907552907131,469.70972531926407,426.18127027643766,469.70972531926407,382.65281523361125,87.05691008565282,2.9442170093123288,69.90435407053364,14.5,91.0,35.138050954172684,32.851856049589955,14.308318546250106,420.0,True,True,2400.0,8.0,470.0,0.2965774684029894,78.56341825695448,0.2965774684029894,0.1779464810417936,0.11863098736119576,True,False,False,True,python_mission_generator,csv_authoritative,validated_csv,explicit_input,calibrated_csv,python_generated_isa_plus_offset
480.0,endurance_42,ENDURANCE,CRUISE,42,stage5_mission_generator,6752.041047200938,2058.022111186846,1.6309587265421417,789.2397727834209,72.9588950032516,4718.355800130064,23.51197899382017,47.584978800913696,7.909045696049718,0.5552154659911401,278.80468349632747,64.57781540518893,382.99980235363915,412.0430515462932,441.08630073894733,470.1295499316014,426.56467614262027,470.1295499316014,382.99980235363915,87.12974757796223,2.9477312663288666,69.92263039012418,14.5,91.0,35.183558001300646,32.90191380143071,14.309121611787658,420.0,True,True,2400.0,8.0,480.0,0.296804483195152,78.63926333550107,0.296804483195152,0.1780826899170912,0.11872179327806082,True,False,False,True,python_mission_generator,csv_authoritative,validated_csv,explicit_input,calibrated_csv,python_generated_isa_plus_offset
490.0,endurance_42,ENDURANCE,CRUISE,42,stage5_mission_generator,6754.355356621141,2058.727512698124,1.6263763938901405,789.1705547552452,72.99988550638831,4719.995420255532,23.552350517600633,47.650126822870924,7.919467657405433,0.5556644419379954,278.80189468028925,64.58889513325319,383.11990861048116,412.1715294089682,441.22315020745526,470.2747710059423,426.6973398082117,470.2747710059423,383.11990861048116,87.15486239546112,2.9489796165799547,69.92940448033531,14.5,91.0,35.19995420255532,32.91994962281085,14.309410956515682,420.0,True,True,2400.0,8.0,490.0,0.29688595591485145,78.6665903375922,0.29688595591485145,0.17813157354891088,0.11875438236594059,True,False,False,True,python_mission_generator,csv_authoritative,validated_csv,explicit_input,calibrated_csv,python_generated_isa_plus_offset
500.0,endurance_42,ENDURANCE,CRUISE,42,stage5_mission_generator,6756.496240128514,2059.3800539911713,1.622137444545542,789.1065280507411,72.96709069058164,4718.683627623266,23.515326420952398,47.58844712205179,7.910157379432279,0.5552159354370877,278.7964863023588,64.5791037151327,383.0100325464351,412.05390020471594,441.0977678629968,470.14163552127764,426.5758340338564,470.14163552127764,383.0100325464351,87.13160297484251,2.94793082075251,69.92451539607875,14.5,91.0,35.18683627623266,32.905519903855925,14.309179463698223,420.0,True,True,2400.0,8.0,500.0,0.2968198730375141,78.64472712705444,0.2968198730375141,0.17809192382250846,0.11872794921500565,True,False,False,True,python_mission_generator,csv_authoritative,validated_csv,explicit_input,calibrated_csv,python_generated_isa_plus_offset
510.0,endurance_42,ENDURANCE,CRUISE,42,stage5_mission_generator,6758.450513106935,2059.975716394994,1.618267984048268,789.0480859187813,72.86131717859735,4714.452687143894,23.401770640117345,47.40114352574625,7.881334247252728,0.5538800950917524,278.7885158562387,64.54867281610657,382.67274039884956,411.6929104333307,440.71308046781184,469.733250502293,426.2029954505713,469.733250502293,382.67274039884956,87.06051010344345,2.9446101803203106,69.90808863528599,14.5,91.0,35.14452687143894,32.85897955858283,14.30843282714304,420.0,True,True,2400.0,8.0,510.0,0.2966078510434023,78.57421145239823,0.2966078510434023,0.17796471062604138,0.11864314041736093,True,False,False,True,python_mission_generator,csv_authoritative,validated_csv,explicit_input,calibrated_csv,python_generated_isa_plus_offset
520.0,endurance_42,ENDURANCE,CRUISE,42,stage5_mission_generator,6760.206140179927,2060.510831526842,1.6147918424437435,788.9955872403782,72.68516658049714,4707.406663219886,23.214433559581803,47.092067243138615,7.833698422765014,0.5516889713651487,278.77811043605067,64.49834254991397,382.116203820109,411.09730509037246,440.07840636063594,469.0595076308994,425.5878557255042,469.0595076308994,382.116203820109,86.94330381079044,2.9390989182747607,69.88053301984911,14.5,91.0,35.07406663219886,32.78147329541874,14.30718941115645,420.0,True,True,2400.0,8.0,520.0,0.2962550967133866,78.45677772033143,0.2962550967133866,0.17775305802803196,0.11850203868535465,True,False,False,True,python_mission_generator,csv_authoritative,validated_csv,explicit_input,calibrated_csv,python_generated_isa_plus_offset
530.0,endurance_42,ENDURANCE,CRUISE,42,stage5_mission_generator,6761.752309330427,2060.982103883914,1.6117304275257531,788.9493543439424,72.44297150432065,4697.718860172826,22.95788462608566,46.66768186771236,7.7684136774590264,0.5486957332289166,278.76546403493484,64.42934332640542,381.3539996534234,410.2816133996398,439.2092271458563,468.1368408920727,424.74542027274805,468.1368408920727,381.3539996534234,86.78284123864933,2.9315321841418998,69.84253061072901,14.5,91.0,34.97718860172826,32.674907461901086,14.305479798854028,420.0,True,True,2400.0,8.0,530.0,0.2957702791127459,78.29531433621376,0.2957702791127459,0.17746216746764754,0.11830811164509836,True,False,False,True,python_mission_generator,csv_authoritative,validated_csv,explicit_input,calibrated_csv,python_generated_isa_plus_offset
540.0,endurance_42,ENDURANCE,CRUISE,42,stage5_mission_generator,6763.079498486527,2061.3866311386937,1.6091025929966758,788.9096710444175,72.14068899106299,4685.627559642519,22.638400194202703,46.1369997773545,7.687078816777848,0.5449733648755439,278.7508331550365,64.34336563461169,380.40477668442736,409.265792192668,438.1268077009087,466.9878232091494,423.6962999467884,466.9878232091494,380.40477668442736,86.58304652472202,2.922095732337219,69.79501990546062,14.5,91.0,34.85627559642519,32.54190315606771,14.303346039936915,420.0,True,True,2400.0,8.0,540.0,0.29516531641138055,78.09379266070866,0.29516531641138055,0.17709918984682832,0.11806612656455223,True,False,False,True,python_mission_generator,csv_authoritative,validated_csv,explicit_input,calibrated_csv,python_generated_isa_plus_offset
550.0,endurance_42,ENDURANCE,CRUISE,42,stage5_mission_generator,6764.179534163084,2061.721922012908,1.6069245223570938,788.8767809177706,71.7857539950263,4671.430159801052,22.323798650807742,45.63411352401189,7.608302830701428,0.5413692320318778,278.74276893895876,64.25899146947096,379.4273621910993,408.2227265431604,437.0180908952214,465.8134552472825,422.6204087191909,465.8134552472825,379.4273621910993,86.3860930561832,2.911559340520932,69.74817112502538,14.5,91.0,34.714301598010515,32.38573175781157,14.30084061643548,420.0,True,True,2400.0,8.0,550.0,0.2944665093150107,77.85716933001753,0.2944665093150107,0.17667990558900643,0.1177866037260043,True,False,False,True,python_mission_generator,csv_authoritative,validated_csv,explicit_input,calibrated_csv,python_generated_isa_plus_offset
560.0,endurance_42,ENDURANCE,CRUISE,42,stage5_mission_generator,6765.045641798071,2061.9859116200523,1.6052096292398197,788.8508858209153,71.38689651334914,4655.475860533966,22.014971723703866,45.157036704564526,7.532128898079417,0.5378855124249234,278.74049405431697,64.17641802024838,378.4303097217595,407.16116623787156,435.89202275398367,464.6228792700957,421.5265944959276,464.6228792700957,378.4303097217595,86.19256954833622,2.9001207262116004,69.7021159257697,14.5,91.0,34.55475860533966,32.210234465873626,14.298025151858935,420.0,True,True,2400.0,8.0,560.0,0.2936897416714006,77.59126434223276,0.2936897416714006,0.17621384500284035,0.11747589666856025,True,False,False,True,python_mission_generator,csv_authoritative,validated_csv,explicit_input,calibrated_csv,python_generated_isa_plus_offset
570.0,endurance_42,ENDURANCE,CRUISE,42,stage5_mission_generator,6765.672487473671,2062.176974181975,1.603968474802132,788.8321446656967,70.95392686260388,4638.157074504155,21.680103251071554,44.63620628268073,7.449516503901721,0.5341108570812769,278.7386241791181,64.08685525222944,377.349066423138,406.0099809162029,434.67089540926776,463.3318099023326,420.3404381627353,463.3318099023326,377.349066423138,85.9827434791946,2.887707755161065,69.65208022777256,14.5,91.0,34.38157074504156,32.01972781954571,14.294968895500734,420.0,True,True,2400.0,8.0,570.0,0.2928466118290816,77.3026179084026,0.2928466118290816,0.17570796709744896,0.11713864473163266,True,False,False,True,python_mission_generator,csv_authoritative,validated_csv,explicit_input,calibrated_csv,python_generated_isa_plus_offset
580.0,endurance_42,ENDURANCE,CRUISE,42,stage5_mission_generator,6766.05621076517,2062.293933041224,1.603208702684963,788.820672454066,70.49749438380869,4619.899775352347,21.32741599632691,44.083601518394964,7.362494772286874,0.5301378490876713,278.73718318959544,63.99250337183175,376.2101867018249,404.79744222679966,433.38469775177435,461.9719532767491,419.091069989287,461.9719532767491,376.2101867018249,85.7617665749242,2.8746255925007267,69.59929624727054,14.5,91.0,34.19899775352347,31.81889752887582,14.291747019179827,420.0,True,True,2400.0,8.0,580.0,0.29195785484253695,76.99832958920578,0.29195785484253695,0.17517471290552217,0.11678314193701478,True,False,False,True,python_mission_generator,csv_authoritative,validated_csv,explicit_input,calibrated_csv,python_generated_isa_plus_offset
590.0,endurance_42,ENDURANCE,CRUISE,42,stage5_mission_generator,6766.194448515361,2062.336067907482,1.6029349919395859,788.8165395800421,70.02882551075655,4601.153020430262,20.965576298932252,43.512246881543504,7.27320237104496,0.5260640504832178,278.73619299052086,63.8956814194762,375.04165806856383,403.5533475295271,432.06503699049046,460.57672645145374,417.8091922600088,460.57672645145374,375.04165806856383,85.5350683828899,2.86119591901423,69.545063201659,14.5,91.0,34.011530204302616,31.612683224732876,14.288438768311222,420.0,True,True,2400.0,8.0,590.0,0.29104532902392033,76.6858836738377,0.29104532902392033,0.1746271974143522,0.11641813160956814,True,False,False,True,python_mission_generator,csv_authoritative,validated_csv,explicit_input,calibrated_csv,python_generated_isa_plus_offset
600.0,endurance_42,ENDURANCE,CRUISE,42,stage5_mission_generator,6766.086349388023,2062.3031192934695,1.603149028211714,788.8197714025229,69.55944764414438,4582.377905765775,20.603480968280298,42.935950396525996,7.1838349195166264,0.5219896035936465,278.7356730598065,63.7987702404807,373.87221290660534,402.3082871602109,430.7443614138164,459.180435667422,416.52632428701367,459.180435667422,373.87221290660534,85.30822276081665,2.8477490196085573,69.4907153480921,14.5,91.0,33.823779057657745,31.406156963423523,14.285125512782196,420.0,True,True,2400.0,8.0,600.0,0.29013147832484665,76.37296509609625,0.29013147832484665,0.17407888699490798,0.11605259132993867,True,False,False,True,python_mission_generator,csv_authoritative,validated_csv,explicit_input,calibrated_csv,python_generated_isa_plus_offset
610.0,endurance_42,ENDURANCE,CRUISE,42,stage5_mission_generator,6765.732579110879,2062.1952901129957,1.6038494933604603,788.8303480913988,69.10090562310658,4564.0362249242635,20.250038475944447,42.36899396609557,7.096590988842778,0.5180147682772395,278.73563999946083,63.70415392932612,372.73062182290806,401.0928920877017,429.4551623524954,457.81743261728906,415.27402722009856,457.81743261728906,372.73062182290806,85.086810794381,2.8346156598083287,69.43758916394768,14.5,91.0,33.640362249242635,31.2043984741669,14.28188874557487,420.0,True,True,2400.0,8.0,610.0,0.289238780307486,76.0672704154044,0.289238780307486,0.1735432681844916,0.1156955121229944,True,False,False,True,python_mission_generator,csv_authoritative,validated_csv,explicit_input,calibrated_csv,python_generated_isa_plus_offset
620.0,endurance_42,ENDURANCE,CRUISE,42,stage5_mission_generator,6765.135316375706,2062.0132444313153,1.605032073576103,788.8482047478905,68.66447776783212,4546.5791107132845,19.91394982798611,41.82577900126884,7.013618022821265,0.5142374556543042,278.73610710375794,63.61416118751121,371.6449859626176,399.9370804675655,428.2291749725135,456.5212694774614,414.0831277200395,456.5212694774614,371.6449859626176,84.87628351484375,2.822118950078223,69.38699047640094,14.5,91.0,33.465791107132844,31.01237021784613,14.278808078361168,420.0,True,True,2400.0,8.0,620.0,0.2883891932826666,75.77631851188808,0.2883891932826666,0.17303351596959995,0.11535567731306665,True,False,False,True,python_mission_generator,csv_authoritative,validated_csv,explicit_input,calibrated_csv,python_generated_isa_plus_offset
630.0,endurance_42,ENDURANCE,CRUISE,42,stage5_mission_generator,6764.298239420887,2061.7581033754864,1.606689485946644,788.8732317983802,68.26089847749341,4530.435939099737,19.603494507082857,41.3204348714006,6.93695950950191,0.510750818982374,278.7370839553857,63.53100803737897,370.6420456933494,398.8693216244772,427.096597555605,455.3238734867328,412.9829595900411,455.3238734867328,370.6420456933494,84.68182779338338,2.8105663980799505,69.34016234957866,14.5,91.0,33.30435939099737,30.83479533009711,14.275959283370542,420.0,True,True,2400.0,8.0,630.0,0.2876036162132182,75.50726565166228,0.2876036162132182,0.17256216972793093,0.1150414464852873,True,False,False,True,python_mission_generator,csv_authoritative,validated_csv,explicit_input,calibrated_csv,python_generated_isa_plus_offset
640.0,endurance_42,ENDURANCE,CRUISE,42,stage5_mission_generator,6763.226503378996,2061.431438229918,1.608811523309587,788.9052756594855,67.90009420648121,4516.003768259248,19.326326749747604,40.866402136113706,6.868504702950076,0.5076409609376208,278.7385760599803,63.45674330098523,369.7465226637629,397.9159355673628,426.0853484709627,454.2547613745626,412.00064201916274,454.2547613745626,369.7465226637629,84.50823871079967,2.800242344349931,69.29825451911098,14.5,91.0,33.16003768259248,30.67604145085173,14.273412429692808,420.0,True,True,2400.0,8.0,640.0,0.2869013746668562,75.26672947098747,0.2869013746668562,0.17214082480011372,0.1147605498667425,True,False,False,True,python_mission_generator,csv_authoritative,validated_csv,explicit_input,calibrated_csv,python_generated_isa_plus_offset
650.0,endurance_42,ENDURANCE,CRUISE,42,stage5_mission_generator,6761.926708528959,2061.035260759627,1.6113851171126612,788.944139670494,67.59093931288552,4503.637572515421,19.08928716990725,40.47600675150954,6.809942131926091,0.5049848137036196,278.74058452883537,63.393198185110634,368.98051142062553,397.1004452679972,425.2203791153689,453.3403129627406,411.16041219168306,453.3403129627406,368.98051142062553,84.35980154211506,2.7914009674553144,69.26229512581348,14.5,91.0,33.036375725154215,30.54001329766963,14.271230159855662,420.0,True,True,2400.0,8.0,650.0,0.2862997454622239,75.06062620859035,0.2862997454622239,0.17177984727733434,0.11451989818488957,True,False,False,True,python_mission_generator,csv_authoritative,validated_csv,explicit_input,calibrated_csv,python_generated_isa_plus_offset
660.0,endurance_42,ENDURANCE,CRUISE,42,stage5_mission_generator,6760.406859648278,2060.572010820795,1.614394417896408,788.9895852877629,67.34103778438464,4493.641511375386,18.906413993552334,40.177427179249705,6.765740905298153,0.5031544882039143,278.72672708452603,63.34523565507907,368.3732820054501,396.455562588922,424.537843172394,452.6201237558659,410.496702880658,452.6201237558659,368.3732820054501,84.2468417504158,2.784385802184684,69.23439238826768,14.5,91.0,32.93641511375385,30.43005662512924,14.269466149066245,420.0,True,True,2400.0,8.0,660.0,0.28581508972494996,74.89402518958975,0.28581508972494996,0.17148905383496996,0.11432603588997999,True,False,False,True,python_mission_generator,csv_authoritative,validated_csv,explicit_input,calibrated_csv,python_generated_isa_plus_offset
670.0,endurance_42,ENDURANCE,CRUISE,42,stage5_mission_generator,6758.676316715662,2060.044541334934,1.617820892902989,789.0413335341269,67.15653621022193,4486.261448408877,18.74088108801585,39.89117304939509,6.727479809459728,0.501572887774646,278.719422437156,63.302162423887,367.85900429102213,395.9075627478946,423.95612120476704,452.0046796616395,409.9318419763308,452.0046796616395,367.85900429102213,84.14567537061737,2.778972710286264,69.2090252919109,14.5,91.0,32.86261448408877,30.34887593249765,14.268163785013332,420.0,True,True,2400.0,8.0,670.0,0.285451456814212,74.77102414014796,0.285451456814212,0.1712708740885272,0.11418058272568482,True,False,False,True,python_mission_generator,csv_authoritative,validated_csv,explicit_input,calibrated_csv,python_generated_isa_plus_offset
680.0,endurance_42,ENDURANCE,CRUISE,42,stage5_mission_generator,6756.745737267669,2059.4561007191855,1.6216434402100166,789.0990666948787,67.04197259942012,4481.678903976805,18.639105372599623,39.71510434039726,6.703929863987939,0.5006099256216558,278.71652557624316,63.27561456901117,367.5426192157377,395.57046399153717,423.59830876733656,451.626153543136,409.58438637943686,451.626153543136,367.5426192157377,84.0835343273983,2.775622228969898,69.19315968273784,14.5,91.0,32.81678903976805,30.29846794374485,14.267355100701788,420.0,True,True,2400.0,8.0,680.0,0.2852258564642133,74.69464839961341,0.2852258564642133,0.17113551387852796,0.11409034258568532,True,False,False,True,python_mission_generator,csv_authoritative,validated_csv,explicit_input,calibrated_csv,python_generated_isa_plus_offset
690.0,endurance_42,ENDURANCE,CRUISE,42,stage5_mission_generator,6754.627010764337,2058.81031288097,1.6258385186866118,789.1624302504105,67.00016476370712,4480.006590548284,18.603632107395462,39.6543167896463,6.695678942400496,0.5002900814366259,278.7181758999624,63.266253289735175,367.4320311976488,395.45268959303877,423.47334798842866,451.4940063838186,409.4630187907337,451.4940063838186,367.4320311976488,84.06197518616978,2.7744172117767705,69.18718104025056,14.5,91.0,32.800065905482846,30.280072496031128,14.267059986567345,420.0,True,True,2400.0,8.0,690.0,0.28514384554751,74.66677650913807,0.28514384554751,0.171086307328506,0.114057538219004,True,False,False,True,python_mission_generator,csv_authoritative,validated_csv,explicit_input,calibrated_csv,python_generated_isa_plus_offset
700.0,endurance_42,ENDURANCE,CRUISE,42,stage5_mission_generator,6752.333185368032,2058.111154900176,1.6303802929712958,789.231035034218,67.03214101049194,4481.285640419678,18.63537986566068,39.71065082658712,6.702939464562105,0.500622094194539,278.7244076050684,63.27431786533314,367.5300948089224,395.5572811757963,423.5844675426702,451.6116539095441,409.57087435923324,451.6116539095441,367.5300948089224,84.08155910062169,2.7753877856792717,69.19123120058734,14.5,91.0,32.81285640419678,30.29414204461646,14.26728570125053,420.0,True,True,2400.0,8.0,700.0,0.2852074499837733,74.68809400699463,0.2852074499837733,0.17112446999026396,0.11408297999350932,True,False,False,True,python_mission_generator,csv_authoritative,validated_csv,explicit_input,calibrated_csv,python_generated_isa_plus_offset
710.0,endurance_42,ENDURANCE,CRUISE,42,stage5_mission_generator,6749.878387586427,2057.362932536343,1.6352407925788732,789.3044596035849,67.1371148505694,4485.484594022776,18.733617656819586,39.88261856098539,6.725543113614466,0.5015987418388019,278.73514838520816,63.29961971414192,367.8345437360642,395.8818230095182,423.9291022829722,451.97638155642625,409.9054626462452,451.97638155642625,367.8345437360642,84.14183782036207,2.7785106070693435,69.20520490002976,14.5,91.0,32.85484594022776,30.340330534250537,14.268026693062843,420.0,True,True,2400.0,8.0,710.0,0.2854151148561334,74.75807656704627,0.2854151148561334,0.17124906891368005,0.11416604594245337,True,False,False,True,python_mission_generator,csv_authoritative,validated_csv,explicit_input,calibrated_csv,python_generated_isa_plus_offset
720.0,endurance_42,ENDURANCE,CRUISE,42,stage5_mission_generator,6747.277735274506,2056.5702537116695,1.6403900841564791,789.3822528089863,67.31250434264395,4492.500173705758,18.895982598762785,40.16546135410578,6.7629449126990115,0.5031970131007676,278.7502207107243,63.34154697172489,368.3380456252,396.4185004619285,424.49895529865694,452.57941013538544,410.4587278802927,452.57941013538544,368.3380456252,84.24136451018546,2.783709432663093,69.22875239884362,14.5,91.0,32.925001737057585,30.41750191076334,14.26926473653631,420.0,True,True,2400.0,8.0,720.0,0.28576174259747583,74.87500289509597,0.28576174259747583,0.17145704555848548,0.11430469703899034,True,False,False,True,python_mission_generator,csv_authoritative,validated_csv,explicit_input,calibrated_csv,python_generated_isa_plus_offset
730.0,endurance_42,ENDURANCE,CRUISE,42,stage5_mission_generator,6744.547244531358,2055.738000133158,1.6457964558279112,789.4639365470449,67.55399559887404,4502.159823954961,19.08134341562993,40.472443149702016,6.8071377346567425,0.5050526580960946,278.7737829682341,63.389603758382364,368.94844012666425,397.06701427676796,425.1855884268716,453.30416257697533,411.1263013518198,453.30416257697533,368.94844012666425,84.35572245031108,2.7905603210957928,69.25570897704702,14.5,91.0,33.02159823954961,30.523758063504573,14.270969380697935,420.0,True,True,2400.0,8.0,730.0,0.2862317336809504,75.03599706591602,0.2862317336809504,0.17173904020857023,0.11449269347238017,True,False,False,True,python_mission_generator,csv_authoritative,validated_csv,explicit_input,calibrated_csv,python_generated_isa_plus_offset
740.0,endurance_42,ENDURANCE,CRUISE,42,stage5_mission_generator,6741.703731065143,2054.8712972286557,1.6514266124910169,789.5490086806856,67.85564888945163,4514.225955578066,19.317496937931317,40.86381793142591,6.865280435711896,0.5077363219896095,278.7796911135661,63.4525616435233,369.71006008347183,397.87799958566666,426.0459390878616,454.2138785900564,411.9619693367641,454.2138785900564,369.71006008347183,84.5038185065846,2.799238700611498,69.2902493788123,14.5,91.0,33.142259555780655,30.65648551135872,14.273098698043189,420.0,True,True,2400.0,8.0,740.0,0.2868196912272856,75.23709925963443,0.2868196912272856,0.17209181473637136,0.11472787649091426,True,False,False,True,python_mission_generator,csv_authoritative,validated_csv,explicit_input,calibrated_csv,python_generated_isa_plus_offset
750.0,endurance_42,ENDURANCE,CRUISE,42,stage5_mission_generator,6738.764706633672,2053.975482581943,1.6572458808653288,789.6369461091223,68.21004473646394,4528.401789458558,19.594465403133885,41.319955752310904,6.933491296942487,0.5108802270034237,278.78586368523395,63.52643413798801,370.6034587074251,398.8292886695588,427.05511863169255,455.2809485938263,412.9422036506257,455.2809485938263,370.6034587074251,84.67748988640119,2.809429416515929,69.33088237540917,14.5,91.0,33.284017894585574,30.812419684044134,14.275600315786804,420.0,True,True,2400.0,8.0,750.0,0.28751035965004157,75.47336315764262,0.28751035965004157,0.17250621579002492,0.11500414386001663,True,False,False,True,python_mission_generator,csv_authoritative,validated_csv,explicit_input,calibrated_csv,python_generated_isa_plus_offset
760.0,endurance_42,ENDURANCE,CRUISE,42,stage5_mission_generator,6735.748271198368,2053.0560730612624,1.6632184230272316,789.7272079693099,68.6084664037061,4544.338656148244,19.90550060646072,41.82864512464183,7.010105794857989,0.5144082575378077,278.7922525520397,63.609416852210835,371.60684901118077,399.8976849888251,428.1885209664694,456.47935694411376,414.04310297764727,456.47935694411376,371.60684901118077,84.87250793293299,2.820882496707011,69.37660135434909,14.5,91.0,33.44338656148244,30.987725217630683,14.278412704026161,420.0,True,True,2400.0,8.0,760.0,0.2882867634517111,75.73897760247073,0.2882867634517111,0.17297205807102667,0.11531470538068445,True,False,False,True,python_mission_generator,csv_authoritative,validated_csv,explicit_input,calibrated_csv,python_generated_isa_plus_offset
770.0,endurance_42,ENDURANCE,CRUISE,42,stage5_mission_generator,6732.673001455779,2052.1187308437216,1.669307457117558,789.8192389496444,69.04111429391719,4561.644571756688,20.243018125075054,42.37651154566593,7.093253057256618,0.5182348819480999,278.7988069938639,63.699481652638696,372.69574357473385,401.05711693394176,429.4184902931497,457.7798636523576,415.23780361354574,457.7798636523576,372.69574357473385,85.08412007762377,2.8333169378034437,69.42627441841312,14.5,91.0,33.616445717566876,31.178090289323563,14.281466689133532,420.0,True,True,2400.0,8.0,770.0,0.2891298187052558,76.02740952927813,0.2891298187052558,0.17347789122315346,0.11565192748210232,True,False,False,True,python_mission_generator,csv_authoritative,validated_csv,explicit_input,calibrated_csv,python_generated_isa_plus_offset
780.0,endurance_42,ENDURANCE,CRUISE,42,stage5_mission_generator,6729.557836433125,2051.1692285448166,1.675475483862412,789.9124726959227,69.49734698011564,4579.893879204626,20.598783459576822,42.94944331558057,7.180901795887384,0.5222672486240116,278.805474293788,63.79442646627053,373.8435556565912,402.2792778109125,430.7149999652337,459.150722119555,416.4971388880731,459.150722119555,373.8435556565912,85.30716646296378,2.8464276124234655,69.47867227136537,14.5,91.0,33.79893879204626,31.37883267125088,14.284687155153758,420.0,True,True,2400.0,8.0,780.0,0.29001880236603234,76.33156465341042,0.29001880236603234,0.17401128141961938,0.11600752094641294,True,False,False,True,python_mission_generator,csv_authoritative,validated_csv,explicit_input,calibrated_csv,python_generated_isa_plus_offset
790.0,endurance_42,ENDURANCE,CRUISE,42,stage5_mission_generator,6726.421960852429,2050.2134136678205,1.6816845175121902,790.0063352889385,69.96594294261612,4598.637717704645,20.964114156905925,43.53301043179051,7.27091018308588,0.5264074619617131,278.8122003665479,63.89192936186802,375.02225191688615,403.5343207761077,432.04638963532926,460.5584584945508,417.79035520571847,460.5584584945508,375.02225191688615,85.53620657766464,2.8598927697348784,69.53249850018449,14.5,91.0,33.98637717704645,31.585014894751097,14.287994891359643,420.0,True,True,2400.0,8.0,790.0,0.2909318618980245,76.64396196174408,0.2909318618980245,0.1745591171388147,0.1163727447592098,True,False,False,True,python_mission_generator,csv_authoritative,validated_csv,explicit_input,calibrated_csv,python_generated_isa_plus_offset
800.0,endurance_42,ENDURANCE,CRUISE,42,stage5_mission_generator,6723.284686981541,2049.257172591974,1.6878963197765486,790.1002487725368,70.43537657403297,4617.415062961319,21.330092945773636,44.11285989203107,7.361078446139553,0.5305549822968907,278.8189304119749,63.98960557815329,376.2030407054525,404.79159163585774,433.38014256626303,461.96869349666827,419.0858671010604,461.96869349666827,376.2030407054525,85.76565279121576,2.8733819448194406,69.58642150870512,14.5,91.0,34.17415062961319,31.791565692574505,14.291308540522586,420.0,True,True,2400.0,8.0,800.0,0.29184655268007337,76.95691771602198,0.29184655268007337,0.17510793160804403,0.11673862107202936,True,False,False,True,python_mission_generator,csv_authoritative,validated_csv,explicit_input,calibrated_csv,python_generated_isa_plus_offset
810.0,endurance_42,ENDURANCE,CRUISE,42,stage5_mission_generator,6720.165335699669,2048.306394321259,1.6940726353146545,790.1936347105743,70.89410166363812,4635.764066545526,21.687786644910638,44.6750749137939,7.449202886299342,0.5346090908186361,278.82560958152055,64.08506609683093,377.3570789932136,406.0203814949221,434.6836839966307,463.3469864983392,420.3520327457764,463.3469864983392,377.3570789932136,85.98990750512564,2.8865640823398215,69.63910731693777,14.5,91.0,34.35764066545526,31.99340473200078,14.294546599978622,420.0,True,True,2400.0,8.0,810.0,0.29274038997453167,77.26273444242543,0.29274038997453167,0.17564423398471898,0.11709615598981267,True,False,False,True,python_mission_generator,csv_authoritative,validated_csv,explicit_input,calibrated_csv,python_generated_isa_plus_offset
820.0,endurance_42,ENDURANCE,CRUISE,42,stage5_mission_generator,6717.0831175098865,2047.3669342170135,1.700175427330425,790.2859177509318,71.33083538847991,4653.233415539196,22.028465462449923,45.20649003383485,7.5331299943176635,0.5384713588860796,278.8321836456673,64.17597632027905,378.4561805667411,407.1906807498113,435.92518093288146,464.6596811159516,421.5579308413464,464.6596811159516,378.4561805667411,86.2035005492105,2.8991156747265503,69.68925241904256,14.5,91.0,34.532334155391965,32.18556757093116,14.297629426271623,420.0,True,True,2400.0,8.0,820.0,0.29359140188258764,77.55389025898661,0.29359140188258764,0.17615484112955257,0.11743656075303506,True,False,False,True,python_mission_generator,csv_authoritative,validated_csv,explicit_input,calibrated_csv,python_generated_isa_plus_offset
830.0,endurance_42,ENDURANCE,CRUISE,42,stage5_mission_generator,6714.0570142313745,2046.4445779377231,1.7061671118218786,790.3765291745912,71.73483582620423,4669.393433048169,22.34381729514293,45.694958298805176,7.610809332018645,0.5420480610614189,278.8385996500086,64.26011341117939,379.47350807477255,408.2739158898609,437.07432370494934,465.8747315200377,422.6741197974051,465.8747315200377,379.47350807477255,86.40122344526515,2.910728714745233,69.73561589148886,14.5,91.0,34.69393433048169,32.36332776352986,14.300481194067324,420.0,True,True,2400.0,8.0,830.0,0.29437866968624243,77.82322388413614,0.29437866968624243,0.17662720181174546,0.11775146787449697,True,False,False,True,python_mission_generator,csv_authoritative,validated_csv,explicit_input,calibrated_csv,python_generated_isa_plus_offset
840.0,endurance_42,ENDURANCE,CRUISE,42,stage5_mission_generator,6711.105662100027,2045.5450058080883,1.7120107890419458,790.4649104077663,72.09616616386032,4683.8466465544125,22.653078468460457,46.18446785173389,7.687801410654932,0.5455919701368298,278.8485042921402,64.34281491656607,380.4450812639872,409.3100779548765,438.17507464576573,467.040071336655,423.7425763003211,467.040071336655,380.4450812639872,86.59499007266777,2.92135974605909,69.78108896778491,14.5,91.0,34.83846646554412,32.52231311209854,14.303031761156662,420.0,True,True,2400.0,8.0,840.0,0.2950879711841791,78.06411077590687,0.2950879711841791,0.17705278271050748,0.11803518847367166,True,False,False,True,python_mission_generator,csv_authoritative,validated_csv,explicit_input,calibrated_csv,python_generated_isa_plus_offset
850.0,endurance_42,ENDURANCE,CRUISE,42,stage5_mission_generator,6708.247236997321,2044.6737578367836,1.717670470745304,790.5505164752516,72.40593910419929,4696.237564167971,22.982252659877833,46.731951664218535,7.771516534713084,0.5494400906228865,278.86636481247217,64.4312709888001,381.4229986055766,410.35663988055853,439.29028115554047,468.2239224305224,424.8234605180495,468.2239224305224,381.4229986055766,86.80092382494581,2.931048809477316,69.82957784134564,14.5,91.0,34.962375641679714,32.65861320584768,14.3052183936767,420.0,True,True,2400.0,8.0,850.0,0.29570826232277353,78.27062606946619,0.29570826232277353,0.17742495739366412,0.11828330492910942,True,False,False,True,python_mission_generator,csv_authoritative,validated_csv,explicit_input,calibrated_csv,python_generated_isa_plus_offset
860.0,endurance_42,ENDURANCE,CRUISE,42,stage5_mission_generator,6705.499342514276,2043.8361995983514,1.723111301821735,790.6328193733561,72.65653545803733,4706.261418321494,23.249059377054536,47.17378479262083,7.8393454213345075,0.5525628376955771,278.88164676876033,64.50293022907947,382.21560594211206,411.2048936044569,440.19418126680176,469.1834689291466,425.69953743562934,469.1834689291466,382.21560594211206,86.96786298703455,2.938892409286499,69.86874590247461,14.5,91.0,35.06261418321493,32.76887560153643,14.306987309115557,420.0,True,True,2400.0,8.0,860.0,0.2962101560867633,78.43769030535823,0.2962101560867633,0.177726093652058,0.11848406243470533,True,False,False,True,python_mission_generator,csv_authoritative,validated_csv,explicit_input,calibrated_csv,python_generated_isa_plus_offset
870.0,endurance_42,ENDURANCE,CRUISE,42,stage5_mission_generator,6702.878901539862,2043.0374891893503,1.728299774951072,790.7113113412679,72.84179154617584,4713.671661847034,23.446996183924703,47.50061876646923,7.889632084069284,0.5548845373364273,278.89407123185157,64.5560418669323,382.80358318679686,411.83416375128877,440.8647443157806,469.89532488027254,426.3494540335347,469.89532488027254,382.80358318679686,87.09174169347568,2.9446982589877884,69.89762303862668,14.5,91.0,35.13671661847034,32.85038828031737,14.308294999149476,420.0,True,True,2400.0,8.0,870.0,0.2965813192943403,78.56119436411723,0.2965813192943403,0.17794879157660418,0.11863252771773612,True,False,False,True,python_mission_generator,csv_authoritative,validated_csv,explicit_input,calibrated_csv,python_generated_isa_plus_offset
880.0,endurance_42,ENDURANCE,CRUISE,42,stage5_mission_generator,6700.40205204151,2042.2825454622523,1.7332039369578123,790.7855080102055,72.95715080153235,4718.2860320612945,23.571251791037092,47.70564410782432,7.921151433629155,0.5563491655648718,278.90342505902635,64.58931078393665,383.1726352306521,412.22915234138026,441.2856694521085,470.3421865628367,426.7574108967444,470.3421865628367,383.1726352306521,87.1695513321846,2.9483241632213564,69.91549256560924,14.5,91.0,35.182860320612946,32.90114635267424,14.309109299775523,420.0,True,True,2400.0,8.0,880.0,0.29681263368867006,78.6381005343549,0.29681263368867006,0.17808758021320203,0.11872505347546802,True,False,False,True,python_mission_generator,csv_authoritative,validated_csv,explicit_input,calibrated_csv,python_generated_isa_plus_offset
890.0,endurance_42,ENDURANCE,CRUISE,42,stage5_mission_generator,6698.084047679546,2041.5760177327256,1.7377935855945008,790.8549514104208,72.99977584266968,4719.991033706788,23.61882404214669,47.78465767601113,7.933139337791968,0.5569217197514399,278.90956556711467,64.60192929942674,383.3138425183877,412.38031395453834,441.446785390689,470.51325682683967,426.91354967261367,470.51325682683967,383.3138425183877,87.19941430845199,2.949681511480404,69.92190889472174,14.5,91.0,35.19991033706788,32.91990137077467,14.309410182418844,420.0,True,True,2400.0,8.0,890.0,0.296898420143881,78.66651722844647,0.296898420143881,0.1781390520863286,0.11875936805755241,True,False,False,True,python_mission_generator,csv_authoritative,validated_csv,explicit_input,calibrated_csv,python_generated_isa_plus_offset
900.0,endurance_42,ENDURANCE,CRUISE,42,stage5_mission_generator,6695.9391638676325,2040.9222571468545,1.7420404555420888,790.919212816949,72.9686182621574,4718.744730486296,23.588593422578157,47.736100910905414,7.92531134755518,0.5565890732535209,278.9124235037838,64.59359697094382,383.2238794632051,412.28408946431153,441.3442994654179,470.40450946652436,426.8141944648647,470.40450946652436,383.2238794632051,87.18063000331927,2.9487374540540716,69.91670852985125,14.5,91.0,35.187447304862964,32.90619203534926,14.309190246556405,420.0,True,True,2400.0,8.0,900.0,0.2968365782857078,78.64574550810494,0.2968365782857078,0.17810194697142467,0.11873463131428313,True,False,False,True,python_mission_generator,csv_authoritative,validated_csv,explicit_input,calibrated_csv,python_generated_isa_plus_offset
910.0,endurance_42,ENDURANCE,CRUISE,42,stage5_mission_generator,6693.980609857739,2040.325289884639,1.745918392481677,790.9778954159494,72.86444441324825,4714.57777652993,23.481350283396136,47.561073061674385,7.897869629370866,0.555360292391792,278.9120042472313,64.5645279228208,382.9050953343693,411.9429926001394,440.9808898659095,470.0187871316796,426.46194123302445,470.0187871316796,382.9050953343693,87.11369179731025,2.9455157067013764,69.90001412380926,14.5,91.0,35.1457777652993,32.86035554182923,14.308454901740577,420.0,True,True,2400.0,8.0,910.0,0.29662863809306517,78.57629627549883,0.29662863809306517,0.1779771828558391,0.11865145523722608,True,False,False,True,python_mission_generator,csv_authoritative,validated_csv,explicit_input,calibrated_csv,python_generated_isa_plus_offset
920.0,endurance_42,ENDURANCE,CRUISE,42,stage5_mission_generator,6692.220447391048,2039.7887923647916,1.749403514165726,791.0306367745753,72.68981656061897,4707.592662424759,23.299775113693595,47.26332095645456,7.851497933351371,0.5532664080072012,278.908387207876,64.51544552302336,382.3654556336331,411.3655472143281,440.3656387950231,469.3657303757181,425.8655930046756,469.3657303757181,382.3654556336331,87.00027474208503,2.9400959642846924,69.87223149392422,14.5,91.0,35.075926624247586,32.783519286672345,14.307222234545545,420.0,True,True,2400.0,8.0,920.0,0.29627972221172244,78.45987770707931,0.29627972221172244,0.17776783332703347,0.11851188888468898,True,False,False,True,python_mission_generator,csv_authoritative,validated_csv,explicit_input,calibrated_csv,python_generated_isa_plus_offset
930.0,endurance_42,ENDURANCE,CRUISE,42,stage5_mission_generator,6690.66951641581,2039.316068603539,1.7524743574966966,791.0771110985294,72.44902985879303,4697.961194351721,23.048372347996562,46.84920420990063,7.787344721572962,0.5503596472508439,278.9017234496338,64.4475645395239,381.6183454075999,410.566076802412,439.5138081972241,468.46153959203616,425.03994249981804,468.46153959203616,381.6183454075999,86.84319418443624,2.932611937803875,69.83403967009495,14.5,91.0,34.97961194351721,32.67757313786893,14.305522563709127,420.0,True,True,2400.0,8.0,930.0,0.2957984199073506,78.29935323919536,0.2957984199073506,0.17747905194441035,0.11831936796294025,True,False,False,True,python_mission_generator,csv_authoritative,validated_csv,explicit_input,calibrated_csv,python_generated_isa_plus_offset
940.0,endurance_42,ENDURANCE,CRUISE,42,stage5_mission_generator,6689.337368329599,2038.9100298668618,1.7551120107073945,791.1170312627606,72.14800670832659,4685.920268333064,22.733359338482206,46.3276321996511,7.706994871788012,0.5467121445322972,278.8922315919069,64.36256121540916,380.6822393384914,409.5643514589577,438.446463579424,467.3285756998903,424.00540751919084,467.3285756998903,380.6822393384914,86.64633636139888,2.9232480631293907,69.78637421990183,14.5,91.0,34.85920268333064,32.54512295166371,14.303397694411718,420.0,True,True,2400.0,8.0,940.0,0.29519657575850833,78.0986711388844,0.29519657575850833,0.17711794545510498,0.11807863030340333,True,False,False,True,python_mission_generator,csv_authoritative,validated_csv,explicit_input,calibrated_csv,python_generated_isa_plus_offset
950.0,endurance_42,ENDURANCE,CRUISE,42,stage5_mission_generator,6688.2322071570925,2038.5731767414818,1.7573002298289566,791.1501506022048,71.79415108817797,4671.766043527118,22.420151312418277,45.82778169532154,7.628393903919607,0.5431408764211254,278.8881073181082,64.27835932792745,379.7104980830563,408.52729148960924,437.3440848961622,466.16087830271516,422.9356881928857,466.16087830271516,379.7104980830563,86.45038021965888,2.9127518617601074,69.73904997396431,14.5,91.0,34.717660435271185,32.3894264787983,14.300899890034197,420.0,True,True,2400.0,8.0,950.0,0.29449997697060953,77.86276739211864,0.29449997697060953,0.1766999861823657,0.11779999078824382,True,False,False,True,python_mission_generator,csv_authoritative,validated_csv,explicit_input,calibrated_csv,python_generated_isa_plus_offset
960.0,endurance_42,ENDURANCE,CRUISE,42,stage5_mission_generator,6687.3608390256495,2038.3075837350182,1.7590255387292135,791.1762644509821,71.39616644710775,4655.84665788431,22.11405401279938,45.35666141810858,7.552809249873163,0.539703600056995,278.8891584486605,64.19636955089328,378.7216196043761,407.4745051214968,436.2273906386174,464.9802761557381,421.8509478800571,464.9802761557381,378.7216196043761,86.25865655136204,2.9013600331684577,69.69286490635348,14.5,91.0,34.5584665788431,32.214313236727406,14.298090586685467,420.0,True,True,2400.0,8.0,960.0,0.29372530036913674,77.59744429807184,0.29372530036913674,0.17623518022148205,0.1174901201476547,True,False,False,True,python_mission_generator,csv_authoritative,validated_csv,explicit_input,calibrated_csv,python_generated_isa_plus_offset
970.0,endurance_42,ENDURANCE,CRUISE,42,stage5_mission_generator,6686.728630249818,2038.1148865001446,1.7602773121053605,791.1952114200859,70.96384163326142,4638.553665330457,21.78117307346561,44.84046033864538,7.470626223453378,0.5359627067646319,278.88969877537966,64.10723228622714,377.6463302997679,406.3297105306868,435.0130907616056,463.6964709925245,420.6714006461462,463.6964709925245,377.6463302997679,86.0501406927566,2.888981318650262,69.6427365278494,14.5,91.0,34.38553665330457,32.024090318635025,14.29503888211714,420.0,True,True,2400.0,8.0,970.0,0.29288370981100686,77.30922775550762,0.29288370981100686,0.1757302258866041,0.11715348392440275,True,False,False,True,python_mission_generator,csv_authoritative,validated_csv,explicit_input,calibrated_csv,python_generated_isa_plus_offset
980.0,endurance_42,ENDURANCE,CRUISE,42,stage5_mission_generator,6686.339474282927,2037.9962717614362,1.7610478409198045,791.206874405254,70.50781012721981,4620.312405088793,21.42970984260662,44.29108620515898,7.383869040200494,0.5320104684415363,278.88973731287814,64.01314266451763,376.5111182770098,405.1211084613355,433.7310986456611,462.3410888299868,419.4261035534983,462.3410888299868,376.5111182770098,85.82997055297699,2.8759203317276762,69.58989624920841,14.5,91.0,34.20312405088793,31.82343645597672,14.29181983619214,420.0,True,True,2400.0,8.0,980.0,0.2919959077228255,77.00520675147988,0.2919959077228255,0.1751975446336953,0.11679836308913022,True,False,False,True,python_mission_generator,csv_authoritative,validated_csv,explicit_input,calibrated_csv,python_generated_isa_plus_offset
990.0,endurance_42,ENDURANCE,CRUISE,42,stage5_mission_generator,6686.1957677392775,2037.952470006932,1.7613323798762313,791.2111813184882,70.03928850043201,4601.57154001728,21.06831741632952,43.721500321500855,7.2946733307049705,0.5279442550041176,278.88928684282394,63.916416584268376,375.3439300340755,403.87845241295645,432.4129747918374,460.94749717071835,418.14571360239694,460.94749717071835,375.3439300340755,85.60356713664282,2.862498410956413,69.5356427787557,14.5,91.0,34.0157154001728,31.617286940190084,14.288512624708932,420.0,True,True,2400.0,8.0,990.0,0.2910837321419833,76.69285900028801,0.2910837321419833,0.17465023928518997,0.11643349285679333,True,False,False,True,python_mission_generator,csv_authoritative,validated_csv,explicit_input,calibrated_csv,python_generated_isa_plus_offset
1000.0,endurance_42,ENDURANCE,CRUISE,42,stage5_mission_generator,6686.298395634615,2037.9837509894307,1.7611291766434611,791.208105538445,69.56980053191914,4582.792021276766,20.70588775442782,43.14545855788178,7.205233601782405,0.5238641384845036,278.888363515008,63.819433739694496,374.17348293325364,402.6323166577683,431.09115038228293,459.5499841067976,416.8617335200256,459.5499841067976,374.17348293325364,85.37650117354394,2.8490457157143076,69.48131018516916,14.5,91.0,33.82792021276766,31.410712234044425,14.285198591990017,420.0,True,True,2400.0,8.0,1000.0,0.29016961957734544,76.37986702127942,0.29016961957734544,0.17410177174640726,0.11606784783093818,True,False,False,True,python_mission_generator,csv_authoritative,validated_csv,explicit_input,calibrated_csv,python_generated_isa_plus_offset
1010.0,endurance_42,ENDURANCE,CRUISE,42,stage5_mission_generator,6686.646725935763,2038.0899220652207,1.7604394826471879,791.1976660767795,69.11089376888695,4564.435750755479,20.351332954028784,42.577204478427326,7.117749256312133,0.5198704312893618,278.88698641890045,63.72457908586794,373.0285588112771,401.41334417387037,429.7981295364637,458.182914899057,415.60573685516704,458.182914899057,373.0285588112771,85.15435608777989,2.8358931053818726,69.42823508683477,14.5,91.0,33.64435750755479,31.208793258310266,14.281959250133319,420.0,True,True,2400.0,8.0,1010.0,0.28927605315619254,76.07392917925797,0.28927605315619254,0.17356563189371552,0.11571042126247702,True,False,False,True,python_mission_generator,csv_authoritative,validated_csv,explicit_input,calibrated_csv,python_generated_isa_plus_offset
1020.0,endurance_42,ENDURANCE,CRUISE,42,stage5_mission_generator,6687.238613452998,2038.2703293804739,1.7592675453630644,791.1799274593509,68.67385550273491,4546.954220109396,20.01336606104108,42.031117741655585,7.034370499462313,0.516061219172074,278.88517713642284,63.634184180960865,371.9372961002026,400.2514929924861,428.56568988476954,456.879886777053,414.4085914386278,456.879886777053,371.9372961002026,84.94259067685039,2.8233640016561456,69.37772377477197,14.5,91.0,33.469542201093965,31.01649642120336,14.278874274136953,420.0,True,True,2400.0,8.0,1020.0,0.28842500963083545,75.7825703351566,0.28842500963083545,0.17305500577850128,0.11537000385233419,True,False,False,True,python_mission_generator,csv_authoritative,validated_csv,explicit_input,calibrated_csv,python_generated_isa_plus_offset
1030.0,endurance_42,ENDURANCE,CRUISE,42,stage5_mission_generator,6688.070413051179,2038.5238618979993,1.7576205821586655,791.1549993230669,68.26943514632885,4530.777405853154,19.70028681048949,41.521325088718235,6.95714546177706,0.5125299495957903,278.8829592868015,63.550469848319224,370.92649786982366,399.17529949588754,427.4241011219515,455.67290274801536,413.2997003089195,455.67290274801536,370.92649786982366,84.7464048781917,2.811766434151821,69.3310200777845,14.5,91.0,33.30777405853154,30.838551464384693,14.27601954220938,420.0,True,True,2400.0,8.0,1030.0,0.2876374188463423,75.51295676421924,0.2876374188463423,0.1725824513078054,0.11505496753853693,True,False,False,True,python_mission_generator,csv_authoritative,validated_csv,explicit_input,calibrated_csv,python_generated_isa_plus_offset
1040.0,endurance_42,ENDURANCE,CRUISE,42,stage5_mission_generator,6689.137002098293,2038.8489582395598,1.75550873584538,791.1230357309869,67.90757984095838,4516.303193638335,19.419777565388785,41.06128566784914,6.8879698396292115,0.5093631347986428,278.8803580742291,63.47549156859614,370.0209728101918,398.2111767850512,426.40138075991047,454.59158473476987,412.3062787724808,454.59158473476987,370.0209728101918,84.57061192457809,2.8013854649333703,69.28927476025962,14.5,91.0,33.16303193638335,30.679335130021684,14.27346526946559,420.0,True,True,2400.0,8.0,1040.0,0.28693264896427534,75.27171989397225,0.28693264896427534,0.1721595893785652,0.11477305958571014,True,False,False,True,python_mission_generator,csv_authoritative,validated_csv,explicit_input,calibrated_csv,python_generated_isa_plus_offset
1050.0,endurance_42,ENDURANCE,CRUISE,42,stage5_mission_generator,6690.431812013148,2039.2436163016077,1.7529450122139654,791.0842342101538,67.59718979600187,4503.8875918400745,19.178714472763467,40.66336667929119,6.828540291583607,0.5066382260473737,278.87739984866977,63.41108894498668,369.24292536204484,397.38276537288834,425.52260538373196,453.66244539457546,411.45268537831015,453.66244539457546,369.24292536204484,84.41952003253061,2.7924761782995047,69.2535172053634,14.5,91.0,33.03887591840075,30.542763510240817,14.271274280912955,420.0,True,True,2400.0,8.0,1050.0,0.2863280301038059,75.06479319733458,0.2863280301038059,0.17179681806228356,0.11453121204152238,True,False,False,True,python_mission_generator,csv_authoritative,validated_csv,explicit_input,calibrated_csv,python_generated_isa_plus_offset
1060.0,endurance_42,ENDURANCE,CRUISE,42,stage5_mission_generator,6691.946868717933,2039.7054055852261,1.7499451999384927,791.0388345183862,67.3458993789761,4493.835975159044,18.99156949639762,40.35664201986763,6.783373566421787,0.5047254914107081,278.858073363578,63.36220421327505,368.62277944966024,396.7240021024663,424.82522475527225,452.9264474080783,410.77461342886926,452.9264474080783,368.62277944966024,84.30366795841803,2.785384780321496,69.22591573250969,14.5,91.0,32.93835975159044,30.432195726749487,14.269500466204537,420.0,True,True,2400.0,8.0,1060.0,0.28584006069099466,74.89726625265074,0.28584006069099466,0.1715040364145968,0.11433602427639787,True,False,False,True,python_mission_generator,csv_authoritative,validated_csv,explicit_input,calibrated_csv,python_generated_isa_plus_offset
1070.0,endurance_42,ENDURANCE,CRUISE,42,stage5_mission_generator,6693.672841746517,2040.2314821643386,1.7465277733418958,790.9871171480702,67.15988934028911,4486.395573611565,18.820589999465675,40.059640945698696,6.743957414021126,0.5030534803949714,278.84406441429917,63.31797665111399,368.09234342784384,396.15865361040136,424.2249637929588,452.29127397551633,410.1918087016801,452.29127397551633,368.09234342784384,84.19893054767249,2.7798840470598902,69.20080454999797,14.5,91.0,32.86395573611565,30.350351309727216,14.268187454166746,420.0,True,True,2400.0,8.0,1070.0,0.28547267509813296,74.77325956019276,0.28547267509813296,0.17128360505887977,0.11418907003925319,True,False,False,True,python_mission_generator,csv_authoritative,validated_csv,explicit_input,calibrated_csv,python_generated_isa_plus_offset
1080.0,endurance_42,ENDURANCE,CRUISE,42,stage5_mission_generator,6695.599101706066,2040.818606200009,1.7427137786219884,790.9294015766192,67.04373479122495,4481.749391648998,18.71282065457348,39.871545409258374,6.719137973375974,0.5019904465220856,278.83369208688896,63.290162506288276,367.7581887043298,395.8024740857276,423.8467594671254,451.8910448485232,409.8246167764265,451.8910448485232,367.7581887043298,84.1328561441934,2.776438490830488,69.18523705935559,14.5,91.0,32.81749391648999,30.299243308138983,14.267367539702764,420.0,True,True,2400.0,8.0,1080.0,0.2852430694155523,74.69582319414998,0.2852430694155523,0.17114584164933136,0.11409722776622092,True,False,False,True,python_mission_generator,csv_authoritative,validated_csv,explicit_input,calibrated_csv,python_generated_isa_plus_offset
1090.0,endurance_42,ENDURANCE,CRUISE,42,stage5_mission_generator,6697.713785738079,2041.4631618929668,1.7385267042386037,790.8660442749415,67.00029267430067,4480.011706972026,18.670870275290746,39.797591932836625,6.709517085893417,0.5015617433677255,278.82714350519785,63.27943768811313,367.6284118415367,395.66409245434727,423.69977306715793,451.7354536799685,409.6819327607526,451.7354536799685,367.6284118415367,84.10704183843177,2.775132414733016,69.17960090038672,14.5,91.0,32.800117069720265,30.28012877669229,14.267060889465652,420.0,True,True,2400.0,8.0,1090.0,0.2851568830566537,74.6668617828671,0.2851568830566537,0.17109412983399222,0.11406275322266149,True,False,False,True,python_mission_generator,csv_authoritative,validated_csv,explicit_input,calibrated_csv,python_generated_isa_plus_offset
1100.0,endurance_42,ENDURANCE,CRUISE,42,stage5_mission_generator,6700.003870575723,2042.1611797514806,1.7339923362600675,790.7974364867654,67.03063149377948,4481.22525975118,18.69572469170748,39.83977809947,6.7153219256163075,0.5017770449248511,278.82450509293847,63.286056973098184,367.70607054943383,395.74676779445326,423.78746503947264,451.82816228449207,409.76711641696295,451.82816228449207,367.70607054943383,84.12209173505823,2.775997455690379,69.18403990518283,14.5,91.0,32.8122525975118,30.293477857262978,14.267275045838444,420.0,True,True,2400.0,8.0,1100.0,0.2852162271062712,74.68708766251966,0.2852162271062712,0.1711297362637627,0.11408649084250849,True,False,False,True,python_mission_generator,csv_authoritative,validated_csv,explicit_input,calibrated_csv,python_generated_isa_plus_offset
1110.0,endurance_42,ENDURANCE,CRUISE,42,stage5_mission_generator,6702.455252747531,2042.9083610374475,1.7291385995598887,790.7240017931248,67.13400503469194,4485.360201387678,18.78672278610082,39.99678502939468,6.7363994699103475,0.5026301130221519,278.8257609077079,63.30984779395092,367.98910930497823,396.0483100663827,424.1075108277873,452.1667115891918,410.077910447085,452.1667115891918,367.98910930497823,84.17760228421355,2.7790118093070273,69.19845052836796,14.5,91.0,32.85360201387678,30.33896221526446,14.268004741421356,420.0,True,True,2400.0,8.0,1110.0,0.28541963245027424,74.7560033564613,0.28541963245027424,0.17125177947016454,0.1141678529801097,True,False,False,True,python_mission_generator,csv_authoritative,validated_csv,explicit_input,calibrated_csv,python_generated_isa_plus_offset
1120.0,endurance_42,ENDURANCE,CRUISE,42,stage5_mission_generator,6705.052835433526,2043.7001042401387,1.7239953858416204,790.6461934776363,67.30787071677278,4492.314828670911,18.94157306049303,40.26402998214158,6.77222032631889,0.5040989565634106,278.83079353094166,63.35021454415067,368.4704108054567,396.561134943064,424.6518590806714,452.7425832182787,410.6064970118677,452.7425832182787,368.4704108054567,84.27217241282199,2.7841007694213618,69.22248435919252,14.5,91.0,32.92314828670911,30.41546311538002,14.269232028588984,420.0,True,True,2400.0,8.0,1120.0,0.28576208596838015,74.87191381118186,0.28576208596838015,0.1714572515810281,0.11430483438735206,True,False,False,True,python_mission_generator,csv_authoritative,validated_csv,explicit_input,calibrated_csv,python_generated_isa_plus_offset
1130.0,endurance_42,ENDURANCE,CRUISE,42,stage5_mission_generator,6707.780621438888,2044.5315334145732,1.7185943695510009,790.5644917094602,67.54795213187965,4501.918085275186,19.12018753395227,40.557011050366924,6.8149387702322155,0.5058225236541021,278.8441266247279,63.396892244735355,369.06031486066456,397.1876338931011,425.31495292553774,453.4422719579743,411.25129340931943,453.4422719579743,369.06031486066456,84.38195709730974,2.790848006195042,69.25012323498747,14.5,91.0,33.01918085275186,30.52109893802705,14.270926720930916,420.0,True,True,2400.0,8.0,1130.0,0.28622825432004095,75.03196808791976,0.28622825432004095,0.17173695259202457,0.11449130172801639,True,False,False,True,python_mission_generator,csv_authoritative,validated_csv,explicit_input,calibrated_csv,python_generated_isa_plus_offset
1140.0,endurance_42,ENDURANCE,CRUISE,42,stage5_mission_generator,6710.621811712569,2045.3975282099912,1.7129688128091143,790.4794005618885,67.84834422672026,4513.933769068811,19.348640764865994,40.93234828927988,6.871457149527267,0.5083680837328681,278.8391551241364,63.45826977473841,369.7991651406465,397.97414358812836,426.1491220356102,454.3241004830921,412.0616328118693,454.3241004830921,369.7991651406465,84.52493534244559,2.799418998045332,69.28527312508548,14.5,91.0,33.13933769068811,30.65327145975692,14.273047135718025,420.0,True,True,2400.0,8.0,1140.0,0.2868124749918805,75.23222948448019,0.2868124749918805,0.1720874849951283,0.11472498999675221,True,False,False,True,python_mission_generator,csv_authoritative,validated_csv,explicit_input,calibrated_csv,python_generated_isa_plus_offset
1150.0,endurance_42,ENDURANCE,CRUISE,42,stage5_mission_generator,6713.55890880412,2046.292755403496,1.7071533605678422,790.3914448855476,68.2016585438089,4528.0663417523565,19.617821073520993,41.37227188241552,6.938031299790955,0.5113711640195463,278.83408204972403,63.53055457481658,370.6695809946456,398.9007223204385,427.1318636462313,455.36300497202416,413.0162929833349,455.36300497202416,370.6695809946456,84.69342397737853,2.8095050746746746,69.32656184632096,14.5,91.0,33.28066341752356,30.80872975927592,14.275541119132768,420.0,True,True,2400.0,8.0,1150.0,0.2874997132023839,75.46777236253928,0.2874997132023839,0.17249982792143032,0.11499988528095356,True,False,False,True,python_mission_generator,csv_authoritative,validated_csv,explicit_input,calibrated_csv,python_generated_isa_plus_offset
1160.0,endurance_42,ENDURANCE,CRUISE,42,stage5_mission_generator,6716.573824621628,2047.2117017446724,1.7011838272491762,790.301167056012,68.59920494829942,4543.968197931977,19.921043606920627,41.86471942783717,7.013010574956516,0.5147566893815512,278.8289285574019,63.61195615139095,371.6499666724006,399.94437864039804,428.2387906083955,456.53320257639297,414.0915846243968,456.53320257639297,371.6499666724006,84.88323590399239,2.820857479728709,69.37298105620066,14.5,91.0,33.439681979319765,30.983650177251743,14.27834732904682,420.0,True,True,2400.0,8.0,1160.0,0.28827305340349524,75.73280329886627,0.28827305340349524,0.17296383204209714,0.1153092213613981,True,False,False,True,python_mission_generator,csv_authoritative,validated_csv,explicit_input,calibrated_csv,python_generated_isa_plus_offset
1170.0,endurance_42,ENDURANCE,CRUISE,42,stage5_mission_generator,6719.647991827102,2048.1487079089006,1.6950969761823398,790.2091236163465,69.03120537093291,4561.2482148373165,20.250784510115853,42.39645339786023,7.094537246781511,0.5184401459582071,278.82371503557584,63.700459441104336,372.716016647315,401.0792361198888,429.4424555924625,457.8056750650363,415.26084585617565,457.8056750650363,372.716016647315,85.08965841772135,2.833196292198327,69.4233964131805,14.5,91.0,33.61248214837316,31.17373036321048,14.28139674379482,420.0,True,True,2400.0,8.0,1170.0,0.28911346195532034,76.02080358062194,0.28911346195532034,0.1734680771731922,0.11564538478212814,True,False,False,True,python_mission_generator,csv_authoritative,validated_csv,explicit_input,calibrated_csv,python_generated_isa_plus_offset
1180.0,endurance_42,ENDURANCE,CRUISE,42,stage5_mission_generator,6722.7624781832865,2049.098003350266,1.6889302931970942,790.1158818356985,69.48703430986949,4579.481372394779,20.598866388385268,42.953485006796015,7.180592280968152,0.5223296675244887,278.81846125873335,63.79387445289499,373.84131461820033,402.27717108250727,430.71302754681426,459.1488840111212,416.49509931466076,459.1488840111212,373.84131461820033,85.30756939292087,2.8462173156603043,69.47657543148588,14.5,91.0,33.79481372394779,31.37429509634257,14.284614359834373,420.0,True,True,2400.0,8.0,1180.0,0.29000025535555274,76.32468953991298,0.29000025535555274,0.17400015321333165,0.1160001021422211,True,False,False,True,python_mission_generator,csv_authoritative,validated_csv,explicit_input,calibrated_csv,python_generated_isa_plus_offset
1190.0,endurance_42,ENDURANCE,CRUISE,42,stage5_mission_generator,6725.898103147723,2050.053741839426,1.682721755767508,790.0220162054446,69.95548017600967,4598.219207040387,20.956659851869862,43.52149198559851,7.269045082412694,0.5263283028443235,278.81318656900476,63.88989021416213,374.9979844509516,403.50850563218967,432.0190268134278,460.52954799466585,417.7637662228087,460.52954799466585,374.9979844509516,85.53156354371424,2.8595995646814334,69.53121774899753,14.5,91.0,33.98219207040387,31.58041127744426,14.287921036536538,420.0,True,True,2400.0,8.0,1190.0,0.29091160905050695,76.63698678400645,0.29091160905050695,0.17454696543030415,0.11636464362020278,True,False,False,True,python_mission_generator,csv_authoritative,validated_csv,explicit_input,calibrated_csv,python_generated_isa_plus_offset
1200.0,endurance_42,ENDURANCE,CRUISE,42,stage5_mission_generator,6729.035555995982,2051.0100374675753,1.6765095991279573,789.9281048947597,70.42502105374462,4617.000842149785,21.315296182918377,44.08621354376453,7.3577059855241655,0.5303364081974576,278.8079100771183,63.98613169366177,376.15737704214604,404.7427389265097,433.32810081087337,461.913462695237,419.0354198686915,461.913462695237,376.15737704214604,85.75608565309096,2.873013164223287,69.58598706401891,14.5,91.0,34.17000842149785,31.787009263647633,14.291235442732315,420.0,True,True,2400.0,8.0,1200.0,0.29182509431253434,76.95001403582975,0.29182509431253434,0.1750950565875206,0.11673003772501374,True,False,False,True,python_mission_generator,csv_authoritative,validated_csv,explicit_input,calibrated_csv,python_generated_isa_plus_offset
1210.0,endurance_42,ENDURANCE,CRUISE,42,stage5_mission_generator,6732.15551474662,2051.9610008947698,1.6703320808016926,789.8347261875618,70.88410809451098,4635.364323780439,21.665885892789966,44.63380992875523,7.444380198027857,0.5342541061844678,278.8026508736399,64.08021830054915,377.2907762029167,405.94929870012373,434.6078211973308,463.26634369453785,420.27855994872726,463.26634369453785,377.2907762029167,85.97556749162118,2.886127467726199,69.63954395569584,14.5,91.0,34.35364323780439,31.989007561584827,14.294476057137725,420.0,True,True,2400.0,8.0,1210.0,0.29271822997827024,77.25607206300732,0.29271822997827024,0.17563093798696214,0.1170872919913081,True,False,False,True,python_mission_generator,csv_authoritative,validated_csv,explicit_input,calibrated_csv,python_generated_isa_plus_offset
1220.0,endurance_42,ENDURANCE,CRUISE,42,stage5_mission_generator,6735.2387651554745,2052.9007756193887,1.6642272449921602,789.7424549228597,71.32144957279004,4652.8579829116015,21.999737789489178,45.151178421290204,7.526921870915498,0.5379837502839983,278.7974282411057,64.16982252021353,378.3701061935787,407.09829454570865,435.82648289783856,464.5546712499685,421.4623887217736,464.5546712499685,378.3701061935787,86.18456505638983,2.8986191941722126,69.69057878112764,14.5,91.0,34.52857982911601,32.18143781202762,14.29756317345499,420.0,True,True,2400.0,8.0,1220.0,0.2935690354766391,77.54763304852669,0.2935690354766391,0.17614142128598345,0.11742761419065564,True,False,False,True,python_mission_generator,csv_authoritative,validated_csv,explicit_input,calibrated_csv,python_generated_isa_plus_offset
1230.0,endurance_42,ENDURANCE,CRUISE,42,stage5_mission_generator,6738.26631904645,2053.823574045358,1.6582326882880292,789.6518589603533,71.72628861789683,4669.051544715873,22.308573165934657,45.62622183990185,7.603286964100986,0.5414323344947937,278.7922618576329,64.25272724418639,379.3686234988816,408.16125441650604,436.9538853341304,465.7465162517548,422.5575698753182,465.7465162517548,379.3686234988816,86.37789275287321,2.9101803839599394,69.73784384032221,14.5,91.0,34.69051544715873,32.35956699187461,14.300420860832213,420.0,True,True,2400.0,8.0,1230.0,0.2943565715438209,77.81752574526455,0.2943565715438209,0.17661394292629254,0.11774262861752836,True,False,False,True,python_mission_generator,csv_authoritative,validated_csv,explicit_input,calibrated_csv,python_generated_isa_plus_offset
1240.0,endurance_42,ENDURANCE,CRUISE,42,stage5_mission_generator,6741.219531250066,2054.7237131250204,1.6523853281248684,789.5634956929488,72.08866779045562,4683.546711618224,22.609556988219644,46.09868944234052,7.6784596511016865,0.5448268146488794,278.790581402379,64.33369788024714,380.31768056055336,409.1730736745279,438.02846678850244,466.883859902477,423.6007702315152,466.883859902477,380.31768056055336,86.56617934192366,2.9207486281906205,69.78390809073298,14.5,91.0,34.835467116182244,32.51901382780047,14.30297883146204,420.0,True,True,2400.0,8.0,1240.0,0.29506618430629056,78.05911186030374,0.29506618430629056,0.17703971058377432,0.11802647372251623,True,False,False,True,python_mission_generator,csv_authoritative,validated_csv,explicit_input,calibrated_csv,python_generated_isa_plus_offset
1250.0,endurance_42,ENDURANCE,CRUISE,42,stage5_mission_generator,6744.080214429603,2055.595649358143,1.646721175429386,789.4779086273886,72.39967399602708,4695.986959841083,22.93326049077716,46.63481989453524,7.761112788345687,0.5485620817029765,278.79754772704854,64.42117559059093,381.27970667583116,410.202502872654,439.1252990694768,468.04809526629964,424.6639009710654,468.04809526629964,381.27970667583116,86.76838859046848,2.9304044388984503,69.83335157217553,14.5,91.0,34.95986959841083,32.65585655825191,14.30517416938372,420.0,True,True,2400.0,8.0,1250.0,0.2956876532863301,78.26644933068472,0.2956876532863301,0.17741259197179807,0.11827506131453205,True,False,False,True,python_mission_generator,csv_authoritative,validated_csv,explicit_input,calibrated_csv,python_generated_isa_plus_offset
1260.0,endurance_42,ENDURANCE,CRUISE,42,stage5_mission_generator,6746.830751087691,2056.4340129315283,1.6412751128463725,789.3956240537553,72.65165771198022,4706.066308479209,23.195019723609267,47.06608622332886,7.827974717105327,0.5515787936654619,278.8023639177443,64.49195137889947,382.05766623038903,411.0349594182388,440.0122526060886,468.9895457939384,425.5236060121637,468.9895457939384,382.05766623038903,86.93187956354939,2.938222354007073,69.87346922367901,14.5,91.0,35.06066308479208,32.76672939327129,14.30695287796692,420.0,True,True,2400.0,8.0,1260.0,0.2961910828765376,78.43443847465348,0.2961910828765376,0.17771464972592257,0.11847643315061505,True,False,False,True,python_mission_generator,csv_authoritative,validated_csv,explicit_input,calibrated_csv,python_generated_isa_plus_offset
1270.0,endurance_42,ENDURANCE,CRUISE,42,stage5_mission_generator,6749.454202063543,2057.233640788968,1.6360806799141852,789.317147823931,72.83842113549538,4713.536845419815,23.388336433236745,47.38313681790296,7.877388550611525,0.553801617054426,278.8048144754748,64.54427266595953,382.63224940888813,411.6497796800599,440.66730995123174,469.6848402224035,426.1585448156458,469.6848402224035,382.63224940888813,87.0525908135154,2.9440094480788774,69.90328104930603,14.5,91.0,35.13536845419815,32.84890529961797,14.308271208015261,420.0,True,True,2400.0,8.0,1270.0,0.29656407926927014,78.55894742366358,0.29656407926927014,0.17793844756156207,0.11862563170770807,True,False,False,True,python_mission_generator,csv_authoritative,validated_csv,explicit_input,calibrated_csv,python_generated_isa_plus_offset
1280.0,endurance_42,ENDURANCE,CRUISE,42,stage5_mission_generator,6751.934410852657,2057.98960842789,1.6311698665117405,789.2429622583784,72.95537062500135,4718.214825000055,23.5083985543356,47.57915405977938,7.908127126746807,0.5551747973161383,278.80474657008426,64.57684132434073,382.98915674020714,412.0316617278284,441.0741667154496,470.1166717030709,426.552914221639,470.1166717030709,382.98915674020714,87.12751496286376,2.947622775211228,69.92206022427901,14.5,91.0,35.182148250000544,32.9003630750006,14.309096733823539,420.0,True,True,2400.0,8.0,1280.0,0.2967974573258283,78.63691375000091,0.2967974573258283,0.17807847439549698,0.11871898293033133,True,False,False,True,python_mission_generator,csv_authoritative,validated_csv,explicit_input,calibrated_csv,python_generated_isa_plus_offset
1290.0,endurance_42,ENDURANCE,CRUISE,42,stage5_mission_generator,6754.256103106537,2058.6972602268725,1.6265729158490565,789.1735231997498,72.99962968559024,4719.985187423609,23.55219892001731,47.649923420845745,7.919423263910045,0.5556635368293692,278.8020743692758,64.5888456763605,383.1194518363304,412.1710428063508,441.22263377637114,470.2742247463915,426.69683829136096,470.2742247463915,383.1194518363304,87.15477291006107,2.9489728886740734,69.92935093240686,14.5,91.0,35.19985187423609,32.9198370616597,14.309409150721814,420.0,True,True,2400.0,8.0,1290.0,0.2968854665616848,78.66641979039349,0.2968854665616848,0.17813127993701086,0.11875418662467392,True,False,False,True,python_mission_generator,csv_authoritative,validated_csv,explicit_input,calibrated_csv,python_generated_isa_plus_offset
1300.0,endurance_42,ENDURANCE,CRUISE,42,stage5_mission_generator,6756.404980699663,2059.3522381172575,1.622318138214668,789.1092572308714,72.9701097194156,4718.804388776624,23.518609559498827,47.59387324821441,7.910988699219528,0.5552548570882624,278.7967816886299,64.57998052353263,383.0197821644473,412.06433558822715,441.10888901200695,470.1534424357868,426.58661230011705,470.1534424357868,383.0197821644473,87.13366027133952,2.9480260444756285,69.92497953993399,14.5,91.0,35.18804388776624,32.90684827654287,14.309200774489993,420.0,True,True,2400.0,8.0,1300.0,0.29682593264913837,78.64673981294374,0.29682593264913837,0.178095559589483,0.11873037305965535,True,False,False,True,python_mission_generator,csv_authoritative,validated_csv,explicit_input,calibrated_csv,python_generated_isa_plus_offset
1310.0,endurance_42,ENDURANCE,CRUISE,42,stage5_mission_generator,6758.367809784393,2059.9505084222833,1.618431736626901,789.0505590736286,72.86753680089426,4714.70147203577,23.408409753681486,47.41208932505679,7.88302124282722,0.5539579238186821,278.7889228941201,64.55045471445159,382.6924624161568,411.7140173877595,440.73557235936227,469.757127330965,426.2247948735609,469.757127330965,382.6924624161568,87.06466491480819,2.944805034635394,69.9090588312093,14.5,91.0,35.1470147203577,32.86171619239347,14.308476730359253,420.0,True,True,2400.0,8.0,1310.0,0.29662031095659663,78.57835786726284,0.29662031095659663,0.17797218657395797,0.11864812438263866,True,False,False,True,python_mission_generator,csv_authoritative,validated_csv,explicit_input,calibrated_csv,python_generated_isa_plus_offset
1320.0,endurance_42,ENDURANCE,CRUISE,42,stage5_mission_generator,6760.132502291526,2060.4883866984574,1.6149376454627777,788.9977891841213,72.69443381814703,4707.777352725881,23.22426715666064,47.10830577655637,7.836199971980942,0.5518038269951324,278.778622031818,64.50098606459582,382.1454184176171,411.1285701357247,440.1117218538323,469.0948735719399,425.6201459947785,469.0948735719399,382.1454184176171,86.94945515432278,2.939388629648943,69.88198520221037,14.5,91.0,35.07777352725881,32.7855508799847,14.307254826951626,420.0,True,True,2400.0,8.0,1320.0,0.2962736508072667,78.46295587876469,0.2962736508072667,0.17776419048436,0.11850946032290668,True,False,False,True,python_mission_generator,csv_authoritative,validated_csv,explicit_input,calibrated_csv,python_generated_isa_plus_offset
1330.0,endurance_42,ENDURANCE,CRUISE,42,stage5_mission_generator,6761.688190374589,2060.9625604261746,1.6118573830583145,788.9512715582589,72.45505841992916,4698.202336797166,22.970672445724905,46.688871238025826,7.771668582675838,0.5488448211353691,278.76607020332216,64.4327837526535,381.3919929550428,410.32227258581133,439.25255221657983,468.1828318473484,424.7874124011956,468.1828318473484,381.3919929550428,86.7908388923056,2.931909643838808,69.844428881151,14.5,91.0,34.982023367971664,32.68022570476883,14.305565118258324,420.0,True,True,2400.0,8.0,1330.0,0.29579447133601056,78.30337227995277,0.29579447133601056,0.17747668280160633,0.11831778853440422,True,False,False,True,python_mission_generator,csv_authoritative,validated_csv,explicit_input,calibrated_csv,python_generated_isa_plus_offset
1340.0,endurance_42,ENDURANCE,CRUISE,42,stage5_mission_generator,6763.025293339393,2061.370109409847,1.6092099191880003,788.9112917606986,72.15529829430976,4686.21193177239,22.653829105571567,46.162686638209216,7.691007308044324,0.5451530445277373,278.75152124883454,64.34751862603322,380.45061828673295,409.31484985851733,438.17908143030166,467.04331300208605,423.7469656444095,467.04331300208605,380.45061828673295,86.5926947153531,2.9225516711589714,69.79731741688829,14.5,91.0,34.8621193177239,32.54833124949629,14.303449164430422,420.0,True,True,2400.0,8.0,1340.0,0.29519455199748545,78.1035321962065,0.29519455199748545,0.17711673119849128,0.11807782079899419,True,False,False,True,python_mission_generator,csv_authoritative,validated_csv,explicit_input,calibrated_csv,python_generated_isa_plus_offset
1350.0,endurance_42,ENDURANCE,CRUISE,42,stage5_mission_generator,6764.135576646675,2061.7085237619067,1.6070115582395843,788.8780951886476,71.8025263548311,4672.101054193244,22.336794053613435,45.65412192787548,7.611507856557627,0.5415158945342067,278.74287902186853,64.2624655163009,379.4693152749393,408.2673942389016,437.06547320286404,465.86355216682637,422.6664337208828,465.86355216682637,379.4693152749393,86.39423689188709,2.9120404402689397,69.75010679103315,14.5,91.0,34.721010541932436,32.39311159612568,14.300959009563513,420.0,True,True,2400.0,8.0,1350.0,0.2944991748774795,77.86835090322073,0.2944991748774795,0.1766995049264877,0.11779966995099181,True,False,False,True,python_mission_generator,csv_authoritative,validated_csv,explicit_input,calibrated_csv,python_generated_isa_plus_offset
1360.0,endurance_42,ENDURANCE,CRUISE,42,stage5_mission_generator,6765.012202624444,2061.9757193599307,1.6052758388035997,788.8518855806923,71.40541939599527,4656.216775839811,22.029305574291758,45.17924800953465,7.535664752803401,0.5380471441407365,278.7405867208417,64.18025114421977,378.4765892740515,407.2104397316164,435.94429018918134,464.6781406467463,421.5773649603989,464.6781406467463,378.4765892740515,86.20155137269478,2.9006518487579926,69.70425562383839,14.5,91.0,34.56216775839811,32.21838453423792,14.29815590161879,420.0,True,True,2400.0,8.0,1360.0,0.29372581311741847,77.60361293066352,0.29372581311741847,0.17623548787045107,0.1174903252469674,True,False,False,True,python_mission_generator,csv_authoritative,validated_csv,explicit_input,calibrated_csv,python_generated_isa_plus_offset
1370.0,endurance_42,ENDURANCE,CRUISE,42,stage5_mission_generator,6765.649772577743,2062.170050681696,1.604013450296069,788.8328237793293,70.97374467843602,4638.949787137441,21.69542372298813,44.660116014544364,7.453296369567302,0.534283496299657,278.7386983297717,64.09095331680187,377.398536278522,406.0626505664468,434.7267648543716,463.3908791422964,420.3947077104092,463.3908791422964,377.398536278522,85.99234286377441,2.8882758447195376,69.65437124785635,14.5,91.0,34.3894978713744,32.028447658511844,14.29510878596543,420.0,True,True,2400.0,8.0,1370.0,0.29288520208270635,77.315829785624,0.29288520208270635,0.1757311212496238,0.11715408083308254,True,False,False,True,python_mission_generator,csv_authoritative,validated_csv,explicit_input,calibrated_csv,python_generated_isa_plus_offset
1380.0,endurance_42,ENDURANCE,CRUISE,42,stage5_mission_generator,6766.04436003647,2062.290320939116,1.6032321671277892,788.8210267544032,70.51811969293662,4620.724787717465,21.34334676215221,44.108653452164354,7.3664257811201335,0.5303172589340687,278.73723780195337,63.99676567806448,376.26163154344215,404.85221412509236,433.44279670674257,462.0333792883928,419.14750541591746,462.0333792883928,376.26163154344215,85.77174774495063,2.8752166815643134,69.60168218367814,14.5,91.0,34.20724787717465,31.827972664892116,14.2918926095972,420.0,True,True,2400.0,8.0,1380.0,0.29199801483055304,77.01207979529109,0.29199801483055304,0.1751988088983318,0.11679920593222122,True,False,False,True,python_mission_generator,csv_authoritative,validated_csv,explicit_input,calibrated_csv,python_generated_isa_plus_offset
1390.0,endurance_42,ENDURANCE,CRUISE,42,stage5_mission_generator,6766.193534936517,2062.3357894486503,1.602936800825697,788.8165668931198,70.04975101214859,4601.990040485944,20.981725783393863,43.53784354570035,7.277187888976203,0.5262458230721182,278.73622713943234,63.9000031822249,375.0938133111397,403.6088753159158,432.1239373206918,460.6389993254679,417.8664063183038,460.6389993254679,375.0938133111397,85.54518601432824,2.8617954718684073,69.54748534075337,14.5,91.0,34.019900404859435,31.62189044534538,14.288586477732814,420.0,True,True,2400.0,8.0,1390.0,0.2910860710187044,76.69983400809906,0.2910860710187044,0.17465164261122262,0.11643442840748175,True,False,False,True,python_mission_generator,csv_authoritative,validated_csv,explicit_input,calibrated_csv,python_generated_isa_plus_offset
1400.0,endurance_42,ENDURANCE,CRUISE,42,stage5_mission_generator,6766.0963785853055,2062.306176192801,1.603129170401095,788.8194715607501,69.58015865322642,4583.206346129056,20.619451977864106,42.961465728830476,7.187776922668679,0.522169268415024,278.73568593757466,63.80304516538521,373.9237957956003,402.36320513336904,430.8026144711378,459.24202380890654,416.5829098022534,459.24202380890654,373.9237957956003,85.31822801330622,2.8483422898354642,69.4931141125925,14.5,91.0,33.83206346129056,31.41526980741962,14.285271708140423,420.0,True,True,2400.0,8.0,1400.0,0.29017180023825784,76.38677243548427,0.29017180023825784,0.1741030801429547,0.11606872009530314,True,False,False,True,python_mission_generator,csv_authoritative,validated_csv,explicit_input,calibrated_csv,python_generated_isa_plus_offset
1410.0,endurance_42,ENDURANCE,CRUISE,42,stage5_mission_generator,6765.753489319544,2062.201663544597,1.603808091147302,788.8297229345806,69.12089273096701,4564.8357092386805,20.265437968161386,42.39378806155958,7.100392474505426,0.5181879021511022,278.7356309355105,63.70827682720719,372.78036298484795,401.1458487953953,429.5113346059426,457.8768204164899,415.32859170066894,457.8768204164899,372.78036298484795,85.09645743164197,2.8351880529890248,69.439905578309,14.5,91.0,33.6483570923868,31.213192801625485,14.28202983104212,420.0,True,True,2400.0,8.0,1410.0,0.2892776903382476,76.08059515397801,0.2892776903382476,0.17356661420294853,0.11571107613529903,True,False,False,True,python_mission_generator,csv_authoritative,validated_csv,explicit_input,calibrated_csv,python_generated_isa_plus_offset
1420.0,endurance_42,ENDURANCE,CRUISE,42,stage5_mission_generator,6765.166978820383,2062.022895144453,1.6049693819356428,788.8472581120603,68.68324937066636,4547.3299748266545,19.928398580010494,41.84921471904072,7.017185395611542,0.5143997915488991,278.7360755833081,63.61803056187275,371.691660630592,399.9867719512647,428.2818832719373,456.57699459261,414.134327611601,456.57699459261,371.691660630592,84.88533396201797,2.8226563827719473,69.38916761722741,14.5,91.0,33.47329974826654,31.0206297230932,14.27894058379294,420.0,True,True,2400.0,8.0,1420.0,0.288425734311011,75.78883291377757,0.288425734311011,0.17305544058660657,0.1153702937244044,True,False,False,True,python_mission_generator,csv_authoritative,validated_csv,explicit_input,calibrated_csv,python_generated_isa_plus_offset
1430.0,endurance_42,ENDURANCE,CRUISE,42,stage5_mission_generator,6764.340459108629,2061.77097193631,1.6066058909649144,788.8719694925214,68.27799286811322,4531.119714724528,19.61663644594376,41.34189587261949,6.940204884018469,0.5108983510193994,278.7370296366542,63.53452858137163,370.68450383963136,398.91452350040464,427.144543161178,455.37456282195126,413.0295333307913,455.37456282195126,370.68450383963136,84.6900589823199,2.8110556442508257,69.34214674539888,14.5,91.0,33.31119714724528,30.842316861969813,14.27607994965727,420.0,True,True,2400.0,8.0,1430.0,0.2876368893427836,75.51866191207547,0.2876368893427836,0.17258213360567015,0.11505475573711343,True,False,False,True,python_mission_generator,csv_authoritative,validated_csv,explicit_input,calibrated_csv,python_generated_isa_plus_offset
1440.0,endurance_42,ENDURANCE,CRUISE,42,stage5_mission_generator,6763.279020300152,2061.4474453874864,1.6087075398056978,788.9037054302682,67.91509093048546,4516.6036372194185,19.33783771457001,40.8853117278732,6.8713480662818265,0.5077700430014013,278.73849878947016,63.459828242412776,369.7837172983551,397.955533154855,426.12734901135497,454.29916486785487,412.041441083105,454.29916486785487,369.7837172983551,84.51544756949977,2.8006713607201976,69.29999746508666,14.5,91.0,33.166036372194185,30.682640009413603,14.273518288921075,420.0,True,True,2400.0,8.0,1440.0,0.28693056133479194,75.27672728699031,0.28693056133479194,0.17215833680087517,0.11477222453391678,True,False,False,True,python_mission_generator,csv_authoritative,validated_csv,explicit_input,calibrated_csv,python_generated_isa_plus_offset
1450.0,endurance_42,ENDURANCE,CRUISE,42,stage5_mission_generator,6761.989199258439,2061.0543079339723,1.611261385468291,788.9422711552368,67.60346951017559,4504.138780407024,19.09888289066049,40.49184673622101,6.812313312820618,0.5050922492283582,278.74048435428296,63.395771421795814,369.01152435962393,397.13346102405797,425.25539768849194,453.37733435292597,411.19442935627495,453.37733435292597,369.01152435962393,84.36580999330204,2.791759189782421,69.26375388104888,14.5,91.0,33.04138780407024,30.54552658447726,14.271318608307123,420.0,True,True,2400.0,8.0,1450.0,0.28632412757368,75.0689796734504,0.28632412757368,0.17179447654420799,0.11452965102947199,True,False,False,True,python_mission_generator,csv_authoritative,validated_csv,explicit_input,calibrated_csv,python_generated_isa_plus_offset
1460.0,endurance_42,ENDURANCE,CRUISE,42,stage5_mission_generator,6760.4789393373585,2060.593980710027,1.6142517001120318,788.9874299558909,67.35079326166398,4494.03173046656,18.91518941317823,40.192585302208336,6.767768665019911,0.5032385485415628,278.7271505001026,63.3475176310917,368.40054121278206,396.48460996419186,424.5686787156017,452.6527474670115,410.5266443398968,452.6527474670115,368.40054121278206,84.25220625422946,2.7846722609301953,69.23573107474706,14.5,91.0,32.9403173046656,30.434349035132154,14.269535011258805,420.0,True,True,2400.0,8.0,1460.0,0.28583432109255297,74.90052884110932,0.28583432109255297,0.17150059265553178,0.11433372843702119,True,False,False,True,python_mission_generator,csv_authoritative,validated_csv,explicit_input,calibrated_csv,python_generated_isa_plus_offset
1470.0,endurance_42,ENDURANCE,CRUISE,42,stage5_mission_generator,6758.757541462082,2060.069298637643,1.617660067905076,789.0389046174654,67.16327702133228,4486.531080853291,18.746907646606097,39.90160280905242,6.728873320294472,0.5016302701309538,278.7196548553647,63.303731955088175,367.87773156408036,395.9275173239592,423.97730308383797,452.0270888437168,409.9524102038986,452.0270888437168,367.87773156408036,84.14935727963643,2.779170253958365,69.20995448786076,14.5,91.0,32.86531080853291,30.351841889386204,14.268211367209405,420.0,True,True,2400.0,8.0,1470.0,0.2854647381901326,74.77551801422152,0.2854647381901326,0.17127884291407958,0.11418589527605305,True,False,False,True,python_mission_generator,csv_authoritative,validated_csv,explicit_input,calibrated_csv,python_generated_isa_plus_offset
1480.0,endurance_42,ENDURANCE,CRUISE,42,stage5_mission_generator,6756.835606849396,2059.483492967696,1.6214654984381962,789.096379107193,67.04553294706798,4481.821317882719,18.642233074434085,39.720506467701796,6.704654487656263,0.5006391851852998,278.7165584133911,63.27643270500638,367.5523487797016,395.5808294121125,423.60931004452334,451.63779067693423,409.5950697283179,451.63779067693423,367.5523487797016,84.08544189723261,2.7757259800551966,69.19365673353117,14.5,91.0,32.81821317882719,30.30003449670991,14.26738023256754,420.0,True,True,2400.0,8.0,1480.0,0.2852328608427098,74.69702196471198,0.2852328608427098,0.1711397165056259,0.11409314433708394,True,False,False,True,python_mission_generator,csv_authoritative,validated_csv,explicit_input,calibrated_csv,python_generated_isa_plus_offset
1490.0,endurance_42,ENDURANCE,CRUISE,42,stage5_mission_generator,6754.72497172018,2058.840171380311,1.6256445559940431,789.1595004966567,67.0004570774215,4480.018283096861,18.603782069185268,39.65453294268873,6.695716453922234,0.5002904615475221,278.7180051761106,63.26629952464075,367.43251803678794,395.45320476616865,423.47389149554937,451.4945782249301,409.463548130859,451.4945782249301,367.43251803678794,84.06206018814214,2.774424597696135,69.18723394159974,14.5,91.0,32.80018283096861,30.280201114065466,14.26706204995827,420.0,True,True,2400.0,8.0,1490.0,0.28514440027634647,74.66697138494767,0.28514440027634647,0.17108664016580788,0.11405776011053859,True,False,False,True,python_mission_generator,csv_authoritative,validated_csv,explicit_input,calibrated_csv,python_generated_isa_plus_offset
1500.0,endurance_42,ENDURANCE,CRUISE,42,stage5_mission_generator,6752.438634406129,2058.143295766988,1.6301715038758662,789.2278811100432,67.02915810051158,4481.166324020463,18.632546268800034,39.70566981866528,6.702288502995105,0.5005935451824939,278.72403406145855,63.27359064449845,367.5213207281599,395.54792673351665,423.5745327388735,451.60113874423024,409.56122973619506,451.60113874423024,367.5213207281599,84.07981801607036,2.775298602190664,69.19083889243967,14.5,91.0,32.81166324020464,30.292829564225098,14.267264645415375,420.0,True,True,2400.0,8.0,1500.0,0.2852015410130732,74.68610540034106,0.2852015410130732,0.17112092460784392,0.11408061640522929,True,False,False,True,python_mission_generator,csv_authoritative,validated_csv,explicit_input,calibrated_csv,python_generated_isa_plus_offset
1510.0,endurance_42,ENDURANCE,CRUISE,42,stage5_mission_generator,6749.990675299614,2057.3971578313226,1.6350184629067641,789.3011008856578,67.13093008468242,4485.237203387297,18.72786790361886,39.872576837389865,6.724219218227704,0.5015419224935184,278.73457748732676,63.298136474958504,367.8167178468146,395.86282182547455,423.9089258041345,451.9550297827945,409.88587381480454,451.9550297827945,367.8167178468146,84.13831193597991,2.778327023430407,69.20437729115584,14.5,91.0,32.85237203387297,30.337609237260267,14.267983035891875,420.0,True,True,2400.0,8.0,1510.0,0.285402887086451,74.75395338978828,0.285402887086451,0.1712417322518706,0.1141611548345804,True,False,False,True,python_mission_generator,csv_authoritative,validated_csv,explicit_input,calibrated_csv,python_generated_isa_plus_offset
1520.0,endurance_42,ENDURANCE,CRUISE,42,stage5_mission_generator,6747.396170139686,2056.6063526585763,1.6401555831234234,789.3787099368218,67.3032698416305,4492.130793665219,18.887455668739545,40.15063768421031,6.760980143673675,0.5031132747355228,278.7494625367964,63.33934371750303,368.31159924329415,396.39031221395976,424.4690251846255,452.5477381552911,410.4296686992926,452.5477381552911,368.31159924329415,84.23613891199693,2.7834359384256695,69.22751012152229,14.5,91.0,32.92130793665219,30.41343873031741,14.269199551823274,420.0,True,True,2400.0,8.0,1520.0,0.2857434963185043,74.86884656108698,0.2857434963185043,0.1714460977911026,0.11429739852740173,True,False,False,True,python_mission_generator,csv_authoritative,validated_csv,explicit_input,calibrated_csv,python_generated_isa_plus_offset
1530.0,endurance_42,ENDURANCE,CRUISE,42,stage5_mission_generator,6744.67109716824,2055.7757504168794,1.6455512276068855,789.4602312970001,67.54193849493669,4501.677539797467,19.071892275298246,40.45673066844874,6.804811283834457,0.5049451637751405,278.773527306877,63.38708495952321,368.9179629158567,397.03456123373985,425.1511595516231,453.2677578695062,411.0928603926815,453.2677578695062,368.9179629158567,84.3497949536495,2.7902133178230666,69.25432974985576,14.5,91.0,33.01677539797467,30.51845293777214,14.270884271728965,420.0,True,True,2400.0,8.0,1530.0,0.2862082306766571,75.02795899662445,0.2862082306766571,0.17172493840599426,0.11448329227066285,True,False,False,True,python_mission_generator,csv_authoritative,validated_csv,explicit_input,calibrated_csv,python_generated_isa_plus_offset
1540.0,endurance_42,ENDURANCE,CRUISE,42,stage5_mission_generator,6741.832238728129,2054.910466364334,1.6511721673183057,789.545163832894,67.84106573966153,4513.642629586461,19.306090916059954,40.84496784390743,6.862471761966015,0.5076067831305033,278.77942263350945,63.44952008291479,369.67327120214134,397.8388265502788,426.0043818984162,454.1699372465537,411.9216042243475,454.1699372465537,369.67327120214134,84.49666604441234,2.7988192646652843,69.28857836431021,14.5,91.0,33.13642629586461,30.650068925451073,14.272995758162317,420.0,True,True,2400.0,8.0,1540.0,0.28679126898206886,75.22737715977435,0.28679126898206886,0.1720747613892413,0.11471650759282755,True,False,False,True,python_mission_generator,csv_authoritative,validated_csv,explicit_input,calibrated_csv,python_generated_isa_plus_offset
1550.0,endurance_42,ENDURANCE,CRUISE,42,stage5_mission_generator,6738.897077909218,2054.01582934673,1.6569837857397491,789.632985308156,68.19329422862974,4527.73176914519,19.581382238951424,41.298477049438866,6.930268905639919,0.5107317767542711,278.7855844562369,63.5229440758649,370.5612548363178,398.78435033700293,427.007445837688,455.23054133837314,412.8958980873455,455.23054133837314,370.5612548363178,84.66928650205534,2.8089478346636745,69.32896098882573,14.5,91.0,33.2773176914519,30.80504946059709,14.275482076907975,420.0,True,True,2400.0,8.0,1550.0,0.28747771670466715,75.46219615241984,0.28747771670466715,0.1724866300228003,0.11499108668186686,True,False,False,True,python_mission_generator,csv_authoritative,validated_csv,explicit_input,calibrated_csv,python_generated_isa_plus_offset
1560.0,endurance_42,ENDURANCE,CRUISE,42,stage5_mission_generator,6735.883690878898,2053.097348979888,1.6629502920597812,789.7231555793937,68.58996053407243,4543.598421362897,19.89105920596664,41.805108229792104,7.00654834983669,0.5142444925987936,278.7919647719336,63.605563563631634,371.56025977243434,399.8480775930307,428.1358954136271,456.4237132342235,413.9919865033289,456.4237132342235,371.56025977243434,84.86345346178916,2.8203505833667872,69.37447717854381,14.5,91.0,33.43598421362897,30.979582634991868,14.278282074358158,420.0,True,True,2400.0,8.0,1560.0,0.28825070214341925,75.72664035604829,0.28825070214341925,0.17295042128605154,0.11530028085736771,True,False,False,True,python_mission_generator,csv_authoritative,validated_csv,explicit_input,calibrated_csv,python_generated_isa_plus_offset
1570.0,endurance_42,ENDURANCE,CRUISE,42,stage5_mission_generator,6732.810635560138,2052.16068171873,1.6690349415909278,789.8151199053112,69.02130823368655,4560.852329347463,20.227570734999805,42.3515295397882,7.089447449665942,0.5180597744430733,278.7985129632545,63.695359333546314,372.6459062591377,401.0040513404227,429.36219642170767,457.72034150299265,415.18312388106517,457.72034150299265,372.6459062591377,85.07443524385496,2.832747744644385,69.42400003152784,14.5,91.0,33.608523293474626,31.16937562282209,14.281326881649552,420.0,True,True,2400.0,8.0,1570.0,0.2890912254368263,76.01420548912438,0.2890912254368263,0.1734547352620958,0.11563649017473053,True,False,False,True,python_mission_generator,csv_authoritative,validated_csv,explicit_input,calibrated_csv,python_generated_isa_plus_offset
1580.0,endurance_42,ENDURANCE,CRUISE,42,stage5_mission_generator,6729.6968373426425,2051.2115960220376,1.6752002620615674,789.9083123489934,69.47672788003695,4579.069115201478,20.58270702170119,42.9236530259955,7.176941010753364,0.5220850487458754,278.80517638889347,63.79013592021478,373.79168730381855,402.2240497914162,430.6564122790138,459.08877476661144,416.440231035215,459.08877476661144,373.79168730381855,85.29708746279289,2.8458351075390547,69.47630395156634,14.5,91.0,33.79069115201478,31.369760267216257,14.284541608564966,420.0,True,True,2400.0,8.0,1580.0,0.2899786258072477,76.3178185866913,0.2899786258072477,0.1739871754843486,0.11599145032289909,True,False,False,True,python_mission_generator,csv_authoritative,validated_csv,explicit_input,calibrated_csv,python_generated_isa_plus_offset
1590.0,endurance_42,ENDURANCE,CRUISE,42,stage5_mission_generator,6726.561472530974,2050.255936827441,1.6814082843886702,790.0021592527737,69.94501795100301,4597.800718040121,20.94780105527759,43.507054211008,7.266891016052515,0.5262225937840388,278.8119010106572,63.88757552426554,374.9696194350874,403.47827919584233,431.9869389565973,460.49559871735227,417.73260907621983,460.49559871735227,374.9696194350874,85.52597928226487,2.859291494278981,69.53009483936525,14.5,91.0,33.97800718040121,31.57580789844133,14.287847185536492,420.0,True,True,2400.0,8.0,1590.0,0.29089108965566784,76.63001196733535,0.29089108965566784,0.1745346537934007,0.11635643586226714,True,False,False,True,python_mission_generator,csv_authoritative,validated_csv,explicit_input,calibrated_csv,python_generated_isa_plus_offset
1600.0,endurance_42,ENDURANCE,CRUISE,42,stage5_mission_generator,6723.423850247417,2049.2995895554127,1.6876207765101139,790.0960827644942,70.41466036292103,4616.586414516841,21.31394137428856,44.08736874269786,7.357099126521711,0.5303719353122294,278.81863204604576,63.98529493895592,376.1509297648164,404.73610533540585,433.32128090599525,461.9064564765847,419.02869312070055,461.9064564765847,376.1509297648164,85.75552671176831,2.872786655549252,69.58404196926008,14.5,91.0,34.165864145168406,31.78245055968525,14.291162308444148,420.0,True,True,2400.0,8.0,1600.0,0.29180618701026523,76.94310690861401,0.29180618701026523,0.17508371220615912,0.1167224748041061,True,False,False,True,python_mission_generator,csv_authoritative,validated_csv,explicit_input,calibrated_csv,python_generated_isa_plus_offset
1610.0,endurance_42,ENDURANCE,CRUISE,42,stage5_mission_generator,6720.303293516877,2048.3484438639443,1.693799478836583,790.1895043936513,70.87410376988828,4634.964150795531,21.6721908320638,44.650653420416994,7.445360664887158,0.5344323098690749,278.8253146344533,64.08090408497208,377.3067624582576,405.96680568105546,434.62684890385333,463.2868921266512,420.2968272924544,463.2868921266512,377.3067624582576,85.9801296683936,2.885989388856562,69.63681076711721,14.5,91.0,34.34964150795531,31.984605658750844,14.294405438375682,420.0,True,True,2400.0,8.0,1610.0,0.29270142313476344,77.24940251325886,0.29270142313476344,0.17562085388085805,0.11708056925390538,True,False,False,True,python_mission_generator,csv_authoritative,validated_csv,explicit_input,calibrated_csv,python_generated_isa_plus_offset
1620.0,endurance_42,ENDURANCE,CRUISE,42,stage5_mission_generator,6717.219020266171,2047.408357377129,1.6999063398729817,790.2818485755542,71.31204768118697,4652.481907247479,22.01380599357248,45.18370336510394,7.52951875523916,0.5383051351911418,278.83189450480074,64.17206471420779,378.40888724343324,407.1403237214962,435.87176019955916,464.6031966776221,421.5060419605277,464.6031966776221,378.40888724343324,86.19430943418888,2.8985756803351173,69.68709568292648,14.5,91.0,34.52481907247479,32.177300979722276,14.29749680716132,420.0,True,True,2400.0,8.0,1620.0,0.2935547917296742,77.54136512079133,0.2935547917296742,0.1761328750378045,0.11742191669186969,True,False,False,True,python_mission_generator,csv_authoritative,validated_csv,explicit_input,calibrated_csv,python_generated_isa_plus_offset
1630.0,endurance_42,ENDURANCE,CRUISE,42,stage5_mission_generator,6714.190024970561,2046.4851196110271,1.7059037505582886,790.3725462215342,71.71772040866244,4668.708816346498,22.330451770045276,45.67432136569686,7.607517287375598,0.5418964270214086,278.83831863237504,64.25654783915034,379.4303925408475,408.22800691750183,437.02562129415605,465.8232356708104,422.62681410582894,465.8232356708104,379.4303925408475,86.3928431299629,2.910236669765021,69.73365234925765,14.5,91.0,34.68708816346498,32.35579697981147,14.300360379355265,420.0,True,True,2400.0,8.0,1630.0,0.29434531612036297,77.81181360577496,0.29434531612036297,0.17660718967221778,0.11773812644814519,True,False,False,True,python_mission_generator,csv_authoritative,validated_csv,explicit_input,calibrated_csv,python_generated_isa_plus_offset
1640.0,endurance_42,ENDURANCE,CRUISE,42,stage5_mission_generator,6711.234961676409,2045.5844163189695,1.71175477588071,790.4610382331907,72.08114400764993,4683.2457603059975,22.637126491748052,46.157866953231945,7.683743990626468,0.545405567439606,278.84765599086813,64.33852748330298,380.3976902218442,409.25936051911475,438.12103081638537,466.98270111365593,423.69019566775006,466.98270111365593,380.3976902218442,86.58501089181175,2.9208900005479554,69.77873630586657,14.5,91.0,34.83245760305998,32.51570336336597,14.302925722406941,420.0,True,True,2400.0,8.0,1640.0,0.2950578928312457,78.05409600509996,0.2950578928312457,0.17703473569874742,0.1180231571324983,True,False,False,True,python_mission_generator,csv_authoritative,validated_csv,explicit_input,calibrated_csv,python_generated_isa_plus_offset
1650.0,endurance_42,ENDURANCE,CRUISE,42,stage5_mission_generator,6708.37202912036,2044.7117944758859,1.7174233823416873,790.5467789587985,72.39337969495061,4695.7351877980245,22.968896115582076,46.709789304026124,7.768120228355671,0.5492838736605233,278.8656236461004,64.42768256638765,381.3833192748136,410.3141750765747,439.24503087833585,468.175886680097,424.7796029774553,468.175886680097,381.3833192748136,86.79256740528342,2.9306558653087804,69.82761309517628,14.5,91.0,34.957351877980244,32.65308706577827,14.305129739023181,420.0,True,True,2400.0,8.0,1650.0,0.29568311128245056,78.26225312996708,0.29568311128245056,0.17740986676947032,0.11827324451298023,True,False,False,True,python_mission_generator,csv_authoritative,validated_csv,explicit_input,calibrated_csv,python_generated_isa_plus_offset
1660.0,endurance_42,ENDURANCE,DESCENT,42,stage5_mission_generator,6726.035973749416,2050.095764798822,1.682448771976155,790.0178892255879,69.99968100220492,4599.962192853917,20.9906807118278,43.5756267650332,7.277427127272386,0.5267121539141398,278.8129861838474,63.89901764977869,375.1073291585189,403.6249553718957,432.1425815852725,460.6602077986493,417.8837684785841,460.6602077986493,375.1073291585189,85.55287864013042,2.8608516701335174,69.53636367302597,14.5,91.0,33.99962192853917,31.59958412139309,14.288228622268338,420.0,True,True,2400.0,8.0,1660.0,0.2909965235759173,76.66603654756528,0.2909965235759173,0.1745979141455504,0.11639860943036694,True,False,False,True,python_mission_generator,csv_authoritative,validated_csv,explicit_input,calibrated_csv,python_generated_isa_plus_offset
1670.0,endurance_42,ENDURANCE,DESCENT,42,stage5_mission_generator,6723.22642284626,2049.23941368354,1.6880116827644063,790.1019929798872,69.99404201349002,4599.293868265483,20.990958717533474,43.582535960807505,7.2769929723150915,0.5267794140211699,278.81826498133216,63.89905443445423,375.0969671711343,403.6147486672008,432.1325301632673,460.6503116593338,417.87363941523404,460.6503116593338,375.0969671711343,85.55334448819951,2.860503037660887,69.5355332892815,14.5,91.0,33.99293868265483,31.592232550920315,14.288110682635086,420.0,True,True,2400.0,8.0,1670.0,0.2909665019229055,76.65489780442472,0.2909665019229055,0.1745799011537433,0.11638660076916221,True,False,False,True,python_mission_generator,csv_authoritative,validated_csv,explicit_input,calibrated_csv,python_generated_isa_plus_offset
1680.0,endurance_42,ENDURANCE,DESCENT,42,stage5_mission_generator,6713.840886111205,2046.3787020866953,1.7065950454998138,790.3830010788311,69.97520450615995,4597.061274804143,20.991887418544064,43.60563126449336,7.275542641838497,0.5270041019613756,278.83589924012216,63.899177316699614,375.06235209683996,403.5806523275507,432.0989525582615,460.6172527889722,417.8398024429061,460.6172527889722,375.06235209683996,85.55490069213226,2.8593384021046364,69.53275932383053,14.5,91.0,33.97061274804143,31.567674022845573,14.287716695553673,420.0,True,True,2400.0,8.0,1680.0,0.2908662121125758,76.61768791340238,0.2908662121125758,0.17451972726754547,0.11634648484503032,True,False,False,True,python_mission_generator,csv_authoritative,validated_csv,explicit_input,calibrated_csv,python_generated_isa_plus_offset
1690.0,endurance_42,ENDURANCE,DESCENT,42,stage5_mission_generator,6694.4855188866495,2040.479186156651,1.7449186726044346,790.9627668902607,69.93635676817107,4592.457098449905,20.993802636566127,43.65333056719826,7.272551690999571,0.5274674657216353,278.87226557315665,63.89943073118747,374.9909669972569,403.5103369909248,432.0297069845927,460.5490769782606,417.77002198775875,460.5490769782606,374.9909669972569,85.55810998100367,2.8569366269573724,69.52703870054734,14.5,91.0,33.92457098449905,31.517028082948954,14.286904193844101,420.0,True,True,2400.0,8.0,1690.0,0.2906593889800679,76.54095164083175,0.2906593889800679,0.17439563338804073,0.11626375559202716,True,False,False,True,python_mission_generator,csv_authoritative,validated_csv,explicit_input,calibrated_csv,python_generated_isa_plus_offset
1700.0,endurance_42,ENDURANCE,DESCENT,42,stage5_mission_generator,6662.322163750418,2030.6757955111277,1.808602115774173,791.9269414902603,69.87180239528422,4584.806209811464,20.99698520792696,43.73280570137428,7.267581544325977,0.5282374502435299,278.9326965260194,63.8998518371306,374.87234438045573,403.3934920291535,431.9146396778512,460.43578732654896,417.65406585350235,460.43578732654896,374.87234438045573,85.56344294609323,2.852945530011361,69.51753258081717,14.5,91.0,33.84806209811464,31.432868307926107,14.285554037025552,420.0,True,True,2400.0,8.0,1700.0,0.2903157051954067,76.41343683019107,0.2903157051954067,0.17418942311724403,0.1161262820781627,True,False,False,True,python_mission_generator,csv_authoritative,validated_csv,explicit_input,calibrated_csv,python_generated_isa_plus_offset
1710.0,endurance_42,ENDURANCE,DESCENT,42,stage5_mission_generator,6615.039926623093,2016.2641696347189,1.9022209452862757,793.3460689480613,69.77690324208602,4573.558902765751,21.00166379612525,43.850122113255715,7.260275103421941,0.529369377885854,279.0215339819064,63.900470890428174,374.6979613699615,403.2217222878998,431.7454832058382,460.2692441237765,417.483602746869,460.2692441237765,374.6979613699615,85.57128275381501,2.8470783562852326,69.5035579626426,14.5,91.0,33.735589027657504,31.309147930423258,14.283569218135133,420.0,True,True,2400.0,8.0,1710.0,0.2898104675380065,76.2259817127625,0.2898104675380065,0.1738862805228039,0.1159241870152026,True,False,False,True,python_mission_generator,csv_authoritative,validated_csv,explicit_input,calibrated_csv,python_generated_isa_plus_offset
1720.0,endurance_42,ENDURANCE,DESCENT,42,stage5_mission_generator,6550.826752875344,1996.691994276405,2.0293630293068183,795.2766575692938,69.64802237300995,4558.284133097475,21.008017704381782,44.010374490750245,7.250352354674137,0.530906628887128,279.1421825665918,63.901311615812,374.46113487375794,402.9884448266403,431.51575477952264,460.043064732405,417.2520998030815,460.043064732405,374.46113487375794,85.58192985864707,2.839110250950674,69.48457927974978,14.5,91.0,33.58284133097475,31.141125464072225,14.280873670546613,420.0,True,True,2400.0,8.0,1720.0,0.2891243131711734,75.97140221829126,0.2891243131711734,0.173474587902704,0.11564972526846935,True,False,False,True,python_mission_generator,csv_authoritative,validated_csv,explicit_input,calibrated_csv,python_generated_isa_plus_offset
1730.0,endurance_42,ENDURANCE,DESCENT,42,stage5_mission_generator,6468.341003435255,1971.5503378470657,2.1926848131981966,797.7621969506148,69.48246701335755,4538.6627571386725,21.016179688190146,44.2178112091101,7.237605976957565,0.5328813218281077,279.29716305339593,63.90239157899261,374.156916753293,402.6887856586466,431.2206545640003,459.75252346935395,416.95472011132347,459.75252346935395,374.156916753293,85.59560671606096,2.828874732259126,69.46020000069483,14.5,91.0,33.386627571386725,30.9252903285254,14.277411074789178,420.0,True,True,2400.0,8.0,1730.0,0.28824290591660984,75.64437928564455,0.28824290591660984,0.1729457435499659,0.11529716236664395,True,False,False,True,python_mission_generator,csv_authoritative,validated_csv,explicit_input,calibrated_csv,python_generated_isa_plus_offset
1740.0,endurance_42,ENDURANCE,DESCENT,42,stage5_mission_generator,6366.683030895658,1940.5649878169966,2.393967598826597,800.8341014591296,69.27843150031963,4514.480770408253,21.026238767867454,44.47594314462778,7.221896949341451,0.5353149940942978,279.48816576815153,63.903722558805526,373.78198899248355,402.3194764909673,430.85696398945106,459.3944514879348,416.5882202402092,459.3944514879348,373.78198899248355,85.61246249545127,2.8162601644684853,69.43015422797014,14.5,91.0,33.14480770408253,30.659288474490786,14.273143665366163,420.0,True,True,2400.0,8.0,1740.0,0.2871566325289176,75.24134617347089,0.2871566325289176,0.17229397951735057,0.11486265301156705,True,False,False,True,python_mission_generator,csv_authoritative,validated_csv,explicit_input,calibrated_csv,python_generated_isa_plus_offset
1750.0,endurance_42,ENDURANCE,DESCENT,42,stage5_mission_generator,6245.366755621461,1903.5877871134214,2.6341738238695065,804.5125697390994,69.03494023399738,4485.62254625154,21.016999906559768,44.74241052965291,7.201907291665177,0.538484231660274,279.68901148425323,63.90222745725193,373.27498699781387,401.81615421695756,430.3573214361012,458.8984886552449,416.0867378265294,458.8984886552449,373.27498699781387,85.623501657431,2.801153215448068,69.39111182692886,14.5,91.0,32.856225462515404,30.341848008766945,14.268051037573802,420.0,True,True,2400.0,8.0,1750.0,0.2858562526587593,74.760375770859,0.2858562526587593,0.1715137515952556,0.11434250106350373,True,False,False,True,python_mission_generator,csv_authoritative,validated_csv,explicit_input,calibrated_csv,python_generated_isa_plus_offset
1760.0,endurance_42,ENDURANCE,DESCENT,42,stage5_mission_generator,6104.291241856981,1860.587970518008,2.9135033411231763,808.8073572439903,68.75179062842352,4452.064074479825,20.985699444787212,45.01253007598236,7.174107382630111,0.5418651702548595,279.8831806898627,63.894610163505064,372.62255680890365,401.16362802370287,429.7046992385021,458.2457704533013,415.4341636311025,458.2457704533013,372.62255680890365,85.62321364439765,2.783389696474541,69.34262691819048,14.5,91.0,32.52064074479825,29.97270481927807,14.26212895431997,420.0,True,True,2400.0,8.0,1760.0,0.2843401594363135,74.20106790799709,0.2843401594363135,0.1706040956617881,0.11373606377452541,True,False,False,True,python_mission_generator,csv_authoritative,validated_csv,explicit_input,calibrated_csv,python_generated_isa_plus_offset
1770.0,endurance_42,ENDURANCE,DESCENT,42,stage5_mission_generator,5943.712273833268,1811.6435010643802,3.2314496978101275,813.7184647813996,68.42949606258358,4413.866200009907,20.9348508206213,45.292061517213504,7.13785606681298,0.5458028910264955,280.1003735505933,63.883211925567736,371.84439147589507,400.38292643209957,428.921461388304,457.4599963445085,414.6521939102018,457.4599963445085,371.84439147589507,85.61560486861345,2.7631064879550067,69.28515591289104,14.5,91.0,32.13866200009907,29.552528200108974,14.255388152942924,420.0,True,True,2400.0,8.0,1770.0,0.28261156963294515,73.56443666683178,0.28261156963294515,0.16956694177976708,0.11304462785317806,True,False,False,True,python_mission_generator,csv_authoritative,validated_csv,explicit_input,calibrated_csv,python_generated_isa_plus_offset
1780.0,endurance_42,ENDURANCE,DESCENT,42,stage5_mission_generator,5764.213931875441,1756.9324064356344,3.5868564148866273,819.2367508229548,68.06922883143694,4371.167861503638,20.803104247899014,45.44666749407621,7.087493656079084,0.550786535700518,280.36159029983264,63.8577797363216,370.81622193056154,399.3403447015886,427.8644674726156,456.3885902436427,413.6024060871021,456.3885902436427,370.81622193056154,85.57236831308114,2.7401556660695072,69.20967764163898,14.467817861947296,90.51726792920945,31.71167861503638,29.08284647654002,14.247853152030054,414.3681258407769,True,True,2400.0,8.0,1780.0,0.2806650498148826,72.8527976917273,0.2806650498148826,0.16839902988892955,0.11226601992595305,True,False,False,True,python_mission_generator,csv_authoritative,validated_csv,explicit_input,calibrated_csv,python_generated_isa_plus_offset
1790.0,endurance_42,ENDURANCE,DESCENT,42,stage5_mission_generator,5566.680168510014,1696.7241153618522,3.9779732663501726,825.3444790349049,67.67276309693808,4324.179330007478,20.65812019937535,45.62033662990705,7.032070990800319,0.556270921110423,280.64905327563804,63.82979220174265,369.6847451856945,398.1930076811036,426.7012701765127,455.2095326719218,412.44713892880816,455.2095326719218,369.6847451856945,85.5247874862273,2.7148988187364127,69.12661555421182,14.424382351165555,89.86573526748333,31.24179330007478,28.565972630082257,14.239561058236614,406.7669114539722,True,True,2400.0,8.0,1790.0,0.2785229498883128,72.06965550012463,0.2785229498883128,0.16711376993298765,0.11140917995532512,True,False,False,True,python_mission_generator,csv_authoritative,validated_csv,explicit_input,calibrated_csv,python_generated_isa_plus_offset
1800.0,endurance_42,ENDURANCE,DESCENT,42,stage5_mission_generator,5352.266384572227,1631.370794017615,4.40251255854699,832.0158152687578,67.24241783905772,4273.175447592027,20.500746705725717,45.81316936747474,6.971912245399649,0.5622239683681497,280.9610810694407,63.799413024583636,368.4565793968631,396.94762629504163,425.43867319322015,453.9297200913987,411.1931497441309,453.9297200913987,368.4565793968631,85.47314069453557,2.687483676561404,69.03645549163008,14.37729054869201,89.15935823038015,30.73175447592027,28.004929923512297,14.230560373104476,398.52584602110187,True,True,2400.0,8.0,1800.0,0.2761977992760652,71.21959079320045,0.2761977992760652,0.1657186795656391,0.11047911971042608,True,False,False,True,python_mission_generator,csv_authoritative,validated_csv,explicit_input,calibrated_csv,python_generated_isa_plus_offset
1810.0,endurance_42,ENDURANCE,DESCENT,42,stage5_mission_generator,5122.37100531338,1561.2986824195184,4.857705409479507,839.2172902303862,66.78099980680398,4218.488865991583,20.332010170492655,46.02510554501085,6.907409780419893,0.5686068511843869,281.2956386089709,63.7668403404666,367.1397347676108,395.61232302856087,424.0849112895109,452.557499550461,409.8486171590359,452.557499550461,367.1397347676108,85.41776478285021,2.6580890434738804,68.93978548562316,14.32686262861721,88.40293942925815,30.18488865991583,27.403377525907416,14.220909799880868,389.7009600080119,True,True,2400.0,8.0,1810.0,0.2737047628116198,70.30814776652639,0.2737047628116198,0.1642228576869719,0.10948190512464794,True,False,False,True,python_mission_generator,csv_authoritative,validated_csv,explicit_input,calibrated_csv,python_generated_isa_plus_offset
1820.0,endurance_42,ENDURANCE,DESCENT,42,stage5_mission_generator,4878.607056508155,1486.9994308236858,5.340358028113853,846.9082453101886,66.29174646924356,4160.503285243682,20.153094507773705,46.255912656813834,6.83901616754335,0.5753747850378774,281.65037852241034,63.73230269064889,365.74345073691666,394.19646683284594,422.64948292877517,451.10249902470446,408.42297488081056,451.10249902470446,365.74345073691666,85.3590482877878,2.626921162422092,68.83728380650619,14.273465086466885,87.60197629700329,29.605032852436818,26.7655361376805,14.21067705033712,380.3563901317051,True,True,2400.0,8.0,1820.0,0.271061332504113,69.34172142072802,0.271061332504113,0.16263679950246782,0.10842453300164522,True,False,False,True,python_mission_generator,csv_authoritative,validated_csv,explicit_input,calibrated_csv,python_generated_isa_plus_offset
1830.0,endurance_42,ENDURANCE,DESCENT,42,stage5_mission_generator,4622.773740561954,1409.0214361232836,5.846907993687331,855.0412796728128,65.77826896652292,4099.6466923286425,19.965320279909196,46.50516961239184,6.7672362146113905,0.5824778163447198,282.0226825025457,63.69605499478918,364.2780331666564,392.71050803037286,421.14298289408936,449.5754577578058,406.9267454622311,449.5754577578058,364.2780331666564,85.29742459114937,2.594210081068273,68.7297070110568,14.217503921659858,86.76255882489788,28.996466923286427,26.096113615615067,14.199937651587408,370.5631862904752,True,True,2400.0,8.0,1830.0,0.2682870193033431,68.32744487214404,0.2682870193033431,0.16097221158200584,0.10731480772133724,True,False,False,True,python_mission_generator,csv_authoritative,validated_csv,explicit_input,calibrated_csv,python_generated_isa_plus_offset
1840.0,endurance_42,ENDURANCE,DESCENT,42,stage5_mission_generator,4356.828012618222,1327.961178246034,6.373480535015922,863.5627167195872,65.24449506088943,4036.3845998091183,19.770123835170157,46.77224663955506,6.692618990644085,0.5898616116276709,282.4097026709207,63.658374523713555,362.75469152906317,391.1658132201739,419.5769349112846,447.9880566023953,405.37137406572924,447.9880566023953,362.75469152906317,85.23336507333215,2.5602060174837735,68.61787799039222,14.159417858430203,85.89126787645304,28.363845998091183,25.4002305979003,14.188773752907492,360.3981252252856,True,True,2400.0,8.0,1840.0,0.2654030448647761,67.2730766634853,0.2654030448647761,0.15924182691886565,0.10616121794591045,True,False,False,True,python_mission_generator,csv_authoritative,validated_csv,explicit_input,calibrated_csv,python_generated_isa_plus_offset
1850.0,endurance_42,ENDURANCE,DESCENT,42,stage5_mission_generator,4082.8561566657836,1244.454556551731,6.915944809801747,872.4131074823306,64.69461208771256,3971.213284469637,19.547576907014758,47.00467994081875,6.62315676890202,0.5933130435267424,282.7691415602184,63.59361437808738,361.12555247547084,389.50020655592334,417.87486063637584,446.24951471682834,403.6875335961496,446.24951471682834,361.12555247547084,85.1239622413575,2.5239807894177284,68.49945508708127,14.092675334818036,84.89013002227054,27.654559413635646,24.59698598257492,14.177272932553466,348.7181835931564,True,True,2400.0,8.0,1850.0,0.2624279457834222,66.18688807449395,0.2624279457834222,0.15745676747005333,0.10497117831336888,True,False,False,True,python_mission_generator,csv_authoritative,validated_csv,explicit_input,calibrated_csv,python_generated_isa_plus_offset
1860.0,endurance_42,ENDURANCE,DESCENT,42,stage5_mission_generator,3803.0453616461696,1159.1682262297525,7.4699701839405845,881.5277874066644,64.13300990650501,3904.653025956149,19.267594003064925,47.121208568712106,6.550992053344415,0.5965135388025983,283.1241972851317,63.51475880243842,359.34001460440504,387.6673860977893,415.99475759117354,444.3221290845578,401.8310718444814,444.3221290845578,359.34001460440504,84.98211448015275,2.4865986791917623,68.37060438071471,14.015595504090214,83.73393256135321,26.85583631147379,23.66514236338609,14.165527004580497,335.2292132157876,True,True,2400.0,8.0,1860.0,0.25937940407337245,65.07755043260248,0.25937940407337245,0.15562764244402347,0.10375176162934899,True,False,False,True,python_mission_generator,csv_authoritative,validated_csv,explicit_input,calibrated_csv,python_generated_isa_plus_offset
1870.0,endurance_42,ENDURANCE,DESCENT,42,stage5_mission_generator,3519.6552975609425,1072.7909346965753,8.031082510829334,890.8375013556488,63.56422385194391,3837.241345415574,18.99388021535631,47.26786228936437,6.4885337085064485,0.5996790491237411,283.49897976975734,63.43656658829709,357.56037980438333,385.8413878923402,414.12239598029714,442.403404068254,399.9818919363187,442.403404068254,357.56037980438333,84.84302426387069,2.448775081996867,68.24158303666636,13.93765718795525,82.56485781932875,26.04689614498689,22.721378835818037,14.153630825661573,321.5900078921686,True,True,2400.0,8.0,1870.0,0.256293742489483,63.954022423592896,0.256293742489483,0.1537762454936898,0.10251749699579321,True,False,False,True,python_mission_generator,csv_authoritative,validated_csv,explicit_input,calibrated_csv,python_generated_isa_plus_offset
1880.0,endurance_42,ENDURANCE,DESCENT,42,stage5_mission_generator,3234.9896915790373,986.0248579932907,8.594720410673506,900.2691095324345,62.99287768489198,3769.526244135346,18.723984537706876,47.43325023703326,6.431243653714102,0.6028198830444658,283.8832340342667,63.35887964595702,355.7874706307034,384.02268794426294,412.25790525782253,440.49312257138206,398.14029660104273,440.49312257138206,355.7874706307034,84.70565194067865,2.410800053063595,68.11273848092218,13.859497248791454,81.39245873187181,25.234314929624155,21.773367417894846,14.141681101906238,307.9120185385046,True,True,2400.0,8.0,1880.0,0.25319515423136807,62.825437402255766,0.25319515423136807,0.15191709253882082,0.10127806169254723,True,False,False,True,python_mission_generator,csv_authoritative,validated_csv,explicit_input,calibrated_csv,python_generated_isa_plus_offset
1890.0,endurance_42,ENDURANCE,DESCENT,42,stage5_mission_generator,2951.3679041440814,899.5769371831161,9.15629154979472,909.7463844134464,62.42362654341872,3702.059442182959,17.567933649000803,45.31569831034712,6.161457044337731,0.6040570746678428,284.15501216882797,63.08583378639338,352.0091314283638,380.0389446591337,408.0687578899035,436.0985711206734,394.0538512745186,436.0985711206734,352.0091314283638,84.08943969230961,2.3674065821691075,67.85129464479644,13.78175266537807,80.22628998067105,24.42471330619551,20.828832190561428,14.129775195679345,294.30671644116234,True,True,2400.0,8.0,1890.0,0.24993894797423333,61.70099070304932,0.24993894797423333,0.14996336878454,0.09997557918969334,True,False,False,True,python_mission_generator,csv_authoritative,validated_csv,explicit_input,calibrated_csv,python_generated_isa_plus_offset
1900.0,endurance_42,ENDURANCE,DESCENT,42,stage5_mission_generator,2671.0965050817304,814.1502147489115,9.711228919938174,919.1909057442509,61.86109989382153,3635.389617045515,17.36635831532763,45.61725801982717,6.132829712768834,0.6069670255222069,284.5628780423805,63.02184644820298,350.41917488548324,378.41463499115025,406.41009509681726,434.40555520248427,392.41236504398375,434.40555520248427,350.41917488548324,83.98638031700102,2.330337274353143,67.73406210247651,13.705052721133072,79.07579081699609,23.62467540454618,19.89545463863721,14.118009932419797,280.8842261982877,True,True,2400.0,8.0,1900.0,0.2469004105413963,60.589826950758585,0.2469004105413963,0.14814024632483777,0.09876016421655853,True,False,False,True,python_mission_generator,csv_authoritative,validated_csv,explicit_input,calibrated_csv,python_generated_isa_plus_offset
1910.0,endurance_42,ENDURANCE,DESCENT,42,stage5_mission_generator,2396.4408497069944,730.435170990692,10.255047117580151,928.523057239028,61.30984448164693,3570.0556422692653,17.168821907536447,45.923702274488335,6.1047759814926845,0.6098186702554458,284.9625715864962,62.95914121190287,348.8610759936122,376.82287130108404,404.78466660855594,432.7464619160278,390.80376895482,432.7464619160278,348.8610759936122,83.8853859224156,2.2940107170713686,67.61917852587952,13.630011354089795,77.95017031134694,22.840667707231184,18.980778991769714,14.106480407459282,267.7519869657142,True,True,2400.0,8.0,1910.0,0.24392275569402866,59.50092737115442,0.24392275569402866,0.14635365341641718,0.09756910227761147,True,False,False,True,python_mission_generator,csv_authoritative,validated_csv,explicit_input,calibrated_csv,python_generated_isa_plus_offset
1920.0,endurance_42,ENDURANCE,DESCENT,42,stage5_mission_generator,2129.5966549315717,649.101060423143,10.783398623235488,937.6631249222266,60.774267282711676,3506.5798260991614,16.976903617691114,46.232367659902465,6.0775201242534935,0.6125892115777736,285.3508974769318,62.89821937045788,347.34729087378815,375.2763788410292,403.20546680827033,431.1345547755114,389.2409228246498,431.1345547755114,347.34729087378815,83.78726390172324,2.2587173206416002,67.50756234434444,13.557219663068594,76.8582949460289,22.07895791318994,18.09211756538826,14.095278792841029,255.01344103700382,True,True,2400.0,8.0,1920.0,0.24102978810164155,58.44299710165269,0.24102978810164155,0.14461787286098493,0.09641191524065662,True,False,False,True,python_mission_generator,csv_authoritative,validated_csv,explicit_input,calibrated_csv,python_generated_isa_plus_offset
1930.0,endurance_42,ENDURANCE,DESCENT,42,stage5_mission_generator,1872.6615753711749,570.7872481731341,11.292130080765073,946.5324931610302,60.258578454123985,3445.461150118398,16.754939116733283,46.43729124399308,6.059106684320193,0.6144703899315092,285.8985533727654,62.827711947832,345.8866101582376,373.77568520518025,401.66476025212285,429.5538352990655,387.72022272865155,429.5538352990655,345.8866101582376,83.6672251408279,2.6047730306450476,67.3945150205052,13.487238558817378,75.80857838226066,21.34553380142078,17.236456101657573,14.084493144138541,242.76674779304102,True,True,2400.0,8.0,1930.0,0.2382371687299438,57.4243525019733,0.2382371687299438,0.14294230123796628,0.09529486749197752,True,False,False,True,python_mission_generator,csv_authoritative,validated_csv,explicit_input,calibrated_csv,python_generated_isa_plus_offset
1940.0,endurance_42,ENDURANCE,DESCENT,42,stage5_mission_generator,1627.6067794528644,496.0945463772331,11.777338576683329,955.0549304859144,59.766734285304665,3387.1685078879605,16.549387820341543,46.65696797697001,6.044829082530821,0.6162539483478868,286.441807914527,62.761698330729175,344.51651508890444,372.3684736941274,400.22043229935025,428.0723909045732,386.2944529967388,428.0723909045732,344.51651508890444,83.55587581566874,2.5778270359445368,67.2876173173934,13.42059154352976,74.8088731529464,20.646022094655525,16.42035911043145,14.074206207274345,231.10352011770814,True,True,2400.0,8.0,1940.0,0.23557484720168997,56.45280846479934,0.23557484720168997,0.14134490832101398,0.09422993888067599,True,False,False,True,python_mission_generator,csv_authoritative,validated_csv,explicit_input,calibrated_csv,python_generated_isa_plus_offset
1950.0,endurance_42,ENDURANCE,DESCENT,42,stage5_mission_generator,1396.2485255223755,425.5765505792201,12.235427919465696,963.1579534322638,59.3023801490083,3332.1339435861682,16.211227584035733,46.45846260568097,6.000947331050133,0.6167364452814361,286.94979543536755,62.66298181362703,342.90326741481226,370.69192386619835,398.4805803175844,426.2692367689705,384.58625209189137,426.2692367689705,342.90326741481226,83.36596935415821,2.551253653138959,67.16507967992752,13.35775759726411,73.86636395896164,19.985607323034017,15.649875210206357,14.064494225338736,220.10757952121915,True,True,2400.0,8.0,1950.0,0.23303388033452727,55.53556572643614,0.23303388033452727,0.13982032820071635,0.09321355213381091,True,False,False,True,python_mission_generator,csv_authoritative,validated_csv,explicit_input,calibrated_csv,python_generated_isa_plus_offset
1960.0,endurance_42,ENDURANCE,DESCENT,42,stage5_mission_generator,1180.2197379514528,359.73097612760284,12.663164918856124,970.7742530258942,58.8687934523444,3280.745890648225,15.75672609727102,45.863244437323786,5.933114143908571,0.6157742599808759,287.40949265184753,62.53444383607624,341.0849236915654,368.78660087636655,396.4882780611677,424.18995524596886,382.6374394687671,424.18995524596886,341.0849236915654,83.10503155440347,2.525283572079928,67.02984912125078,13.299164145543882,72.98746218315824,19.368950687778703,14.930442469075153,14.055425745408511,209.85372547017954,True,True,2400.0,8.0,1960.0,0.2306348462405551,54.67909817747042,0.2306348462405551,0.13838090774433306,0.09225393849622204,True,False,False,True,python_mission_generator,csv_authoritative,validated_csv,explicit_input,calibrated_csv,python_generated_isa_plus_offset
1970.0,endurance_42,ENDURANCE,DESCENT,42,stage5_mission_generator,980.9415832451732,298.99099457312883,13.057735665174556,977.843165361552,58.4688265877986,3233.34241040576,15.727439024521912,46.44914169696464,5.957496826333307,0.6175922460400675,287.821568289331,62.51154535698046,340.262202910355,367.95871770818195,395.655232506009,423.35174730383596,381.80697510709547,423.35174730383596,340.262202910355,83.08954439348099,2.5042538089620896,66.9636001211176,13.245180078981747,72.1777011847262,18.800108924869118,14.266793745680639,14.047060425365723,200.4065138218057,True,True,2400.0,8.0,1970.0,0.2284961111395967,53.88904017342933,0.2284961111395967,0.137097666683758,0.09139844445583868,True,False,False,True,python_mission_generator,csv_authoritative,validated_csv,explicit_input,calibrated_csv,python_generated_isa_plus_offset
1980.0,endurance_42,ENDURANCE,DESCENT,42,stage5_mission_generator,799.5950461492748,243.71657006629897,13.416801808624436,984.3121651767497,58.10484988425378,3190.204430726374,15.660350239941998,46.876409434419,5.969051779549236,0.6190726384256626,288.19656418383516,62.48133672848538,339.4241982452386,367.1085056977764,394.79281315031426,422.4771206028521,380.95065942404534,422.4771206028521,339.4241982452386,83.05292235761351,2.4848403903677214,66.89724683831604,13.196108793299805,71.44163189949708,18.28245316871649,13.662862030169237,14.03944784071642,191.81903882746585,True,True,2400.0,8.0,1980.0,0.22654212323791392,53.17007384543957,0.22654212323791392,0.13592527394274834,0.09061684929516557,True,False,False,True,python_mission_generator,csv_authoritative,validated_csv,explicit_input,calibrated_csv,python_generated_isa_plus_offset
1990.0,endurance_42,ENDURANCE,DESCENT,42,stage5_mission_generator,637.0925057575087,194.18579575488866,13.738556838600132,990.1383595965959,57.778694558011324,3151.5489846531937,15.60023275382609,47.26921589820189,5.979406039860828,0.620399200968782,288.5325936800101,62.45426712489208,338.67327192967537,366.34664052088897,394.02000911210257,421.6933777033162,380.18332481649577,421.6933777033162,338.67327192967537,83.02010577364081,2.4674442498635045,66.83778842686104,13.152181216778482,70.78271825167724,17.818587815838324,13.121685785144711,14.032626291409388,184.13171293623452,True,True,2400.0,8.0,1990.0,0.22479117721488442,52.52581641088656,0.22479117721488442,0.13487470632893064,0.08991647088595378,True,False,False,True,python_mission_generator,csv_authoritative,validated_csv,explicit_input,calibrated_csv,python_generated_isa_plus_offset
2000.0,endurance_42,ENDURANCE,DESCENT,42,stage5_mission_generator,494.0493116189309,150.58623018145016,14.021782362994516,995.2899585053448,57.491595663812156,3117.522449044404,15.54731421349515,47.62304585115227,5.988520398715414,0.621566910365416,288.828384332524,62.430439050864955,338.01226750179444,365.6760071379142,393.339746774034,421.00348641015376,379.5078769559741,421.00348641015376,338.01226750179444,82.99121890835931,2.4521312615409374,66.78545003835079,13.113548792119769,70.20323188179654,17.410269388532846,12.645314286621653,14.026621608654896,177.37103862095975,True,True,2400.0,8.0,2000.0,0.2232499033905211,51.9587074840734,0.2232499033905211,0.13394994203431265,0.08929996135620843,True,False,False,True,python_mission_generator,csv_authoritative,validated_csv,explicit_input,calibrated_csv,python_generated_isa_plus_offset
2010.0,endurance_42,ENDURANCE,DESCENT,42,stage5_mission_generator,370.75535984527687,113.0062336808404,14.265904387506351,999.7476984607158,57.24413504585805,3088.193783212806,15.501701865429332,47.934281034395596,5.996376384649119,0.6225734000967261,289.08333668216744,62.40990079717416,337.44252457523214,365.0979646768504,392.75340477846856,420.4088448800868,378.9256847276595,420.4088448800868,337.44252457523214,82.96632030485466,2.4389324592132695,66.74033774351038,13.080276381119422,69.70414571679133,17.058325398553674,12.234712964979284,14.021445961743437,171.54836669589886,True,True,2400.0,8.0,2010.0,0.2219214253618009,51.4698963868801,0.2219214253618009,0.13315285521708053,0.08876857014472037,True,False,False,True,python_mission_generator,csv_authoritative,validated_csv,explicit_input,calibrated_csv,python_generated_isa_plus_offset
2020.0,endurance_42,ENDURANCE,DESCENT,42,stage5_mission_generator,267.14666921823755,81.42630477771881,14.471049594947889,1003.5061988596688,57.036184288832665,3063.547767565353,15.463372039906348,48.20043199083429,6.002978074387072,0.6234191924627785,289.29758303195877,62.39264170585576,336.9637474919612,364.6122131727733,392.2606788535853,419.9091445343974,378.4364460131793,419.9091445343974,336.9637474919612,82.94539704243618,2.42784099359519,66.70242813211131,13.052335063569757,69.28502595354635,16.762573210784232,11.889668745914939,14.017096664864475,166.65863612470767,True,True,2400.0,8.0,2020.0,0.2208050537385183,51.05912945942255,0.2208050537385183,0.13248303224311098,0.08832202149540733,True,False,False,True,python_mission_generator,csv_authoritative,validated_csv,explicit_input,calibrated_csv,python_generated_isa_plus_offset
2030.0,endurance_42,ENDURANCE,DESCENT,42,stage5_mission_generator,182.77695729685183,55.71041658408044,14.638101624552233,1006.5752323143993,56.86684766892284,3043.478242242707,15.432159635639866,48.420345928652274,6.008353903943594,0.6241079306162796,289.47204622324807,62.37858743537182,336.57387397511945,364.2166603073106,391.8594466395017,419.5022329716928,378.03805347340614,419.5022329716928,336.57387397511945,82.92835899657337,2.418809089482514,66.67155791289092,13.029594806622818,68.94392209934227,16.521738906912482,11.608695391397898,14.013554983925184,162.67909115899332,True,True,2400.0,8.0,2030.0,0.21989597987913895,50.72463737071178,0.21989597987913895,0.13193758792748336,0.08795839195165558,True,False,False,True,python_mission_generator,csv_authoritative,validated_csv,explicit_input,calibrated_csv,python_generated_isa_plus_offset
2040.0,endurance_42,ENDURANCE,DESCENT,42,stage5_mission_generator,116.78921652479221,35.597353196756664,14.768757351280911,1008.9808959984299,56.734405104839674,3027.7813457587763,15.407747604417954,48.59437812292001,6.012558479722415,0.6246466105963111,289.6084984118225,62.36759522577059,336.2689437818386,363.9072881481154,391.5456325143922,419.18397688066904,377.7264603312538,419.18397688066904,336.2689437818386,82.91503309883046,2.4117450029318723,66.64741351347199,13.01181698759515,68.67725481392726,16.333376149105316,11.388938840622869,14.010784943369195,159.5679728291515,True,True,2400.0,8.0,2040.0,0.2191849696266531,50.463022429312936,0.2191849696266531,0.13151098177599185,0.08767398785066124,True,False,False,True,python_mission_generator,csv_authoritative,validated_csv,explicit_input,calibrated_csv,python_generated_isa_plus_offset
2050.0,endurance_42,ENDURANCE,DESCENT,42,stage5_mission_generator,67.88729033769141,20.692046094928344,14.86558316513137,1010.7666771360563,56.63625510883969,3016.1487536402597,15.389656435741406,48.724517806585226,6.01567438961686,0.6250458133620636,289.7096198440107,62.35944916384662,336.0429673560726,363.6780198883402,391.31307242060774,418.94812495287533,377.49554615447397,418.94812495287533,336.0429673560726,82.90515759680272,2.406509978440398,66.62952068028203,12.998646762053387,68.4797014308008,16.193785043683114,11.226082550963635,14.00873213299534,157.26318335934258,True,True,2400.0,8.0,2050.0,0.21865805704442912,50.269145894004325,0.21865805704442912,0.13119483422665745,0.08746322281777165,True,False,False,True,python_mission_generator,csv_authoritative,validated_csv,explicit_input,calibrated_csv,python_generated_isa_plus_offset
2060.0,endurance_42,ENDURANCE,DESCENT,42,stage5_mission_generator,34.307449270512734,10.456910537652282,14.932071250444384,1011.9944138653934,56.5688577377461,3008.160917066204,15.377233641462235,48.81446463651077,6.017814014110074,0.625319936826572,289.7790576327877,62.35385544830086,335.88779448142725,363.5205865861111,391.15337869079497,418.7861707954788,377.33698263845304,418.7861707954788,335.88779448142725,82.89837631405157,2.4029152061254195,66.6172340784729,12.989605280146385,68.34407920219579,16.09793100479445,11.114252838926857,14.007322514776389,155.68092402561757,True,True,2400.0,8.0,2060.0,0.21829623815206722,50.13601528443674,0.21829623815206722,0.13097774289124034,0.0873184952608269,True,False,False,True,python_mission_generator,csv_authoritative,validated_csv,explicit_input,calibrated_csv,python_generated_isa_plus_offset
2070.0,endurance_42,ENDURANCE,DESCENT,42,stage5_mission_generator,13.78996706482576,4.203181961358892,14.972695865211644,1012.7451624145984,56.52767754396982,3003.2803015075347,15.369643240421976,48.86965816765518,6.019121337375197,0.6254874278904506,289.82148453387936,62.35043765490083,335.79298293398796,363.42439390400136,391.0558048740148,418.68721584402823,377.2400993890081,418.68721584402823,335.79298293398796,82.89423291004027,2.400718778904144,66.60972689184021,12.984081767707846,68.2612265156177,16.039363618090416,11.045924221105485,14.0064612296778,154.71430934887294,True,True,2400.0,8.0,2070.0,0.2180751646612528,50.054671691792244,0.2180751646612528,0.13084509879675166,0.08723006586450112,True,False,False,True,python_mission_generator,csv_authoritative,validated_csv,explicit_input,calibrated_csv,python_generated_isa_plus_offset
2080.0,endurance_42,ENDURANCE,DESCENT,42,stage5_mission_generator,3.5506967762321437,1.0822523773955575,14.992969620383061,1013.1199928913658,56.5071265265309,3000.8446253666248,15.365855243090193,48.897269710660986,6.019773758375592,0.6255710144756264,289.84265772186757,62.34873200164071,335.7456671351498,363.37638884850617,391.00711056186253,418.6378322752189,377.19174970518435,418.6378322752189,335.7456671351498,82.8921651400691,2.399622649673354,66.60598042274287,12.981325504805604,68.21988257208406,16.010135504399496,11.011824755132746,14.006031404476463,154.23196334098057,True,True,2400.0,8.0,2080.0,0.21796483771161057,50.014077089443745,0.21796483771161057,0.13077890262696634,0.08718593508464423,True,False,False,True,python_mission_generator,csv_authoritative,validated_csv,explicit_input,calibrated_csv,python_generated_isa_plus_offset
2090.0,endurance_42,ENDURANCE,DESCENT,42,stage5_mission_generator,0.25264688152310555,0.07700676948824257,14.999499759174585,1013.2407490057248,56.50050708207927,3000.0600986168015,15.364635136202782,48.906172883487336,6.019983901965029,0.6255979375590756,289.8494775662946,62.34818261390151,335.7304268044448,363.3609265095153,390.99142621458583,418.62192591965635,377.17617636205057,418.62192591965635,335.7304268044448,82.89149911521156,2.39926958848908,66.60477369202245,12.98043775332279,68.20656629984184,16.00072118340162,11.00084138063522,14.005892958579436,154.0766068314881,True,True,2400.0,8.0,2090.0,0.21792930160655663,50.00100164361336,0.21792930160655663,0.13075758096393397,0.08717172064262266,True,False,False,True,python_mission_generator,csv_authoritative,validated_csv,explicit_input,calibrated_csv,python_generated_isa_plus_offset
2100.0,endurance_42,ENDURANCE,IDLE/LANDING,42,stage5_mission_generator,0.0,0.0,15.0,1013.25,56.5,3000.0,15.36454167,48.90685510243809,6.02,0.6256,289.85,62.348140528092166,335.729259319977,363.3597420181183,390.99022471625966,418.62070741440095,377.174983367189,418.62070741440095,335.729259319977,82.89144809442394,2.399242542261751,66.6046812505,12.980369747899159,68.2055462184874,16.0,11.0,14.005882352941176,154.06470588235294,True,True,2400.0,8.0,2100.0,0.2179265793657143,50.0,0.2179265793657143,0.13075594761942858,0.08717063174628573,True,False,False,True,python_mission_generator,csv_authoritative,validated_csv,explicit_input,calibrated_csv,python_generated_isa_plus_offset
2110.0,endurance_42,ENDURANCE,IDLE/LANDING,42,stage5_mission_generator,0.0,0.0,15.0,1013.25,56.5,3000.0,15.36454167,48.90685510243809,6.02,0.6256,289.85,62.348140528092166,335.729259319977,363.3597420181183,390.99022471625966,418.62070741440095,377.174983367189,418.62070741440095,335.729259319977,82.89144809442394,2.399242542261751,66.6046812505,12.980369747899159,68.2055462184874,16.0,11.0,14.005882352941176,154.06470588235294,True,True,2400.0,8.0,2110.0,0.2179265793657143,50.0,0.2179265793657143,0.13075594761942858,0.08717063174628573,True,False,False,True,python_mission_generator,csv_authoritative,validated_csv,explicit_input,calibrated_csv,python_generated_isa_plus_offset
2120.0,endurance_42,ENDURANCE,IDLE/LANDING,42,stage5_mission_generator,0.0,0.0,15.0,1013.25,56.5,3000.0,15.36454167,48.90685510243809,6.02,0.6256,289.85,62.348140528092166,335.729259319977,363.3597420181183,390.99022471625966,418.62070741440095,377.174983367189,418.62070741440095,335.729259319977,82.89144809442394,2.399242542261751,66.6046812505,12.980369747899159,68.2055462184874,16.0,11.0,14.005882352941176,154.06470588235294,True,True,2400.0,8.0,2120.0,0.2179265793657143,50.0,0.2179265793657143,0.13075594761942858,0.08717063174628573,True,False,False,True,python_mission_generator,csv_authoritative,validated_csv,explicit_input,calibrated_csv,python_generated_isa_plus_offset
