time_s,mission_id,mission_type,phase,random_seed,model_version,altitude_ft,altitude_m,ambient_temperature_C,ambient_pressure_hPa,throttle_pct,rpm,power_kW,torque_Nm,fuelflow_kgh,p_plenum_bar,t_plenum_K,coolant_temp_C,EGT1_C,EGT2_C,EGT3_C,EGT4_C,EGT_mean_C,EGT_max_C,EGT_min_C,EGT_spread_C,oil_pressure_bar,oil_temperature_C,battery_voltage_V,battery_soc_pct,generator_A_current_A,generator_B_current_A,generator_voltage_V,generator_power_W,generator_switch_ready,generator_switch_latched,generator_switch_threshold_rpm,generator_switch_hold_time_s,generator_time_above_threshold_s,vibration_amplitude,vibration_frequency_Hz,vibration_1x,vibration_2x,vibration_3x,engine_state_valid,outside_calibrated_envelope,extrapolation_used,health_state_valid,mission_generated_values,stage3_values,stage3_validation_status,stage3_ambient_source,stage4_production_source,ambient_source
0.0,high_altitude_42,HIGH_ALTITUDE,TAKEOFF,42,stage5_mission_generator,575.3983033817951,175.38140287077115,13.860711359304046,992.357577779393,100.0,5800.0,104.40134423900189,171.88955173526608,33.919381135724535,1.5190132418845002,291.66834965393343,85.6901279669763,588.1276453586144,633.8898190015215,679.6519926444286,725.4141662873357,656.770905822975,725.4141662873357,588.1276453586144,137.2865209287213,4.25358252719767,80.13880526921999,14.5,91.0,44.0,42.0,14.5,420.0,True,False,2400.0,8.0,0.0,0.3608859703312385,96.66666666666667,0.3608859703312385,0.21653158219874308,0.1443543881324954,True,False,False,True,python_mission_generator,csv_authoritative,validated_csv,explicit_input,calibrated_csv,python_generated_isa_plus_offset
10.0,high_altitude_42,HIGH_ALTITUDE,TAKEOFF,42,stage5_mission_generator,1457.2686711836882,444.1754909767882,12.114608031056298,961.015417514739,94.20104208227427,5684.020841645485,71.33178495534293,119.83917538125381,20.418872841357555,1.1107076334052046,289.72238549454545,76.76958553314662,512.2511684404471,551.1740022410143,590.0968360415814,629.0196698421485,570.6354191412978,629.0196698421485,512.2511684404471,116.76850140170131,3.8954558906253705,75.45210393883684,14.5,91.0,43.226805610969905,41.226805610969905,14.479533089702144,420.0,True,True,2400.0,8.0,10.0,0.34936794453220743,94.73368069409142,0.34936794453220743,0.20962076671932445,0.13974717781288298,True,False,False,True,python_mission_generator,csv_authoritative,validated_csv,explicit_input,calibrated_csv,python_generated_isa_plus_offset
20.0,high_altitude_42,HIGH_ALTITUDE,TAKEOFF,42,stage5_mission_generator,2822.159897589072,860.1943367851492,9.412123402773638,914.0905940403012,85.22586038530186,5504.517207706037,43.836752148717565,76.04847651810908,13.269403609760417,0.7751314147658195,286.68639946307263,69.4557889556731,446.8729708074967,480.1111310859388,513.3492913643809,546.587451642823,496.73021122515985,546.587451642823,446.8729708074967,99.7144808353263,3.553014104290374,71.75151125451929,14.5,91.0,42.030114718040245,40.030114718040245,14.447855977830477,420.0,True,True,2400.0,8.0,20.0,0.33605313189890834,91.74195346176728,0.33605313189890834,0.201631879139345,0.13442125275956335,True,False,False,True,python_mission_generator,csv_authoritative,validated_csv,explicit_input,calibrated_csv,python_generated_isa_plus_offset
30.0,high_altitude_42,HIGH_ALTITUDE,CLIMB,42,stage5_mission_generator,2856.593976123886,870.6898439225605,9.343943927274706,912.9312190597582,84.99989950677839,5499.993970406704,43.060693783848514,74.76359762073518,13.041911721139984,0.766814354233943,286.60488259342844,69.25477723772119,445.0388186959924,478.11956101450335,511.2003033330143,544.2810456515252,494.6599321737588,544.2810456515252,445.0388186959924,99.24222695553283,3.5439453663461435,71.64579083776613,14.5,91.0,41.99995176325363,39.99995176325363,14.447057759483537,420.0,True,True,2400.0,8.0,30.0,0.3357017655795109,91.66656617344506,0.3357017655795109,0.20142105934770654,0.13428070623180438,True,False,False,True,python_mission_generator,csv_authoritative,validated_csv,explicit_input,calibrated_csv,python_generated_isa_plus_offset
40.0,high_altitude_42,HIGH_ALTITUDE,CLIMB,42,stage5_mission_generator,2857.661788004978,871.0153129839174,9.341829659750143,912.8952855116796,84.99866038985242,5499.919623391145,43.05657837379162,74.75746283638212,13.04078874263006,0.7667597299001865,286.60278776010546,69.25377312620192,445.0273580220521,478.1072333761782,511.1871087303042,544.2669840844303,494.6471710532412,544.2669840844303,445.0273580220521,99.23962606237819,3.5438668622564298,71.64550497506548,14.5,91.0,41.99935698712916,39.99935698712916,14.447044639421966,420.0,True,True,2400.0,8.0,40.0,0.3356976360761809,91.66532705651909,0.3356976360761809,0.20141858164570856,0.13427905443047236,True,False,False,True,python_mission_generator,csv_authoritative,validated_csv,explicit_input,calibrated_csv,python_generated_isa_plus_offset
50.0,high_altitude_42,HIGH_ALTITUDE,CLIMB,42,stage5_mission_generator,2860.9838642089203,872.027881810879,9.335251948866338,912.783499750078,84.99480536545477,5499.688321927286,43.04377489589296,74.73837580980036,13.037295037183037,0.7665897877947068,286.5962705110873,69.250649228591,444.9917026478683,478.06888078368866,511.1460589195091,544.2232370553295,494.60746985159886,544.2232370553295,444.9917026478683,99.2315344074612,3.543622627693237,71.64461562583439,14.5,91.0,41.997506575418285,39.997506575418285,14.44700382151658,420.0,True,True,2400.0,8.0,50.0,0.33568478875261226,91.66147203212144,0.33568478875261226,0.20141087325156734,0.13427391550104492,True,False,False,True,python_mission_generator,csv_authoritative,validated_csv,explicit_input,calibrated_csv,python_generated_isa_plus_offset
60.0,high_altitude_42,HIGH_ALTITUDE,CLIMB,42,stage5_mission_generator,2867.740236368324,874.0872240450652,9.321874331990719,912.5561862975688,84.98696509391519,5499.217905634911,43.017735438545365,74.69955204337484,13.030189608900749,0.7662441629385367,286.58301586034526,69.24429590809152,444.9191874607745,477.9908800479351,511.06257263509576,544.1342652222563,494.5267263415154,544.1342652222563,444.9191874607745,99.21507776148184,3.543125908322032,71.64280688515053,14.5,91.0,41.993743245079294,39.993743245079294,14.446920806876749,420.0,True,True,2400.0,8.0,60.0,0.33565866012281775,91.65363176058186,0.33565866012281775,0.20139519607369064,0.13426346404912712,True,False,False,True,python_mission_generator,csv_authoritative,validated_csv,explicit_input,calibrated_csv,python_generated_isa_plus_offset
70.0,high_altitude_42,HIGH_ALTITUDE,CLIMB,42,stage5_mission_generator,2879.0153470756063,877.5238777886449,9.2995496127903,912.1769450996107,84.9738811595939,5498.432869575634,42.97428049594826,74.63474770703894,13.0183319893654,0.7656673802473879,286.5608963484271,69.23369341457867,444.79817329175734,477.86071153292136,510.9232497740854,543.9857880152493,494.39198065350337,543.9857880152493,444.79817329175734,99.187614723492,3.5422969773856288,71.63978843812451,14.5,91.0,41.98746295660507,39.98746295660507,14.446782271101583,420.0,True,True,2400.0,8.0,70.0,0.335615056368227,91.64054782626057,0.335615056368227,0.2013690338209362,0.13424602254729082,True,False,False,True,python_mission_generator,csv_authoritative,validated_csv,explicit_input,calibrated_csv,python_generated_isa_plus_offset
80.0,high_altitude_42,HIGH_ALTITUDE,CLIMB,42,stage5_mission_generator,2895.8005435171235,882.6400056640193,9.266314923836095,911.6126071930815,84.95440317720309,5497.264190632185,42.91003826703224,74.53901935546446,13.000694433238026,0.7648216186826126,286.5276707892096,69.21807013483752,444.61886416858425,477.66788603425186,510.7169078999194,543.7659297655871,494.19239696708564,543.7659297655871,444.61886416858425,99.14706559700284,3.5410688444668095,71.63536222876256,14.5,91.0,41.97811352505748,39.97811352505748,14.446576033640973,420.0,True,True,2400.0,8.0,80.0,0.3355502292007402,91.62106984386975,0.3355502292007402,0.2013301375204441,0.13422009168029608,True,False,False,True,python_mission_generator,csv_authoritative,validated_csv,explicit_input,calibrated_csv,python_generated_isa_plus_offset
90.0,high_altitude_42,HIGH_ALTITUDE,CLIMB,42,stage5_mission_generator,2918.996571107298,889.7101548735045,9.220386789207549,910.8331949866416,84.9274858981285,5495.64915388771,42.82160826751615,74.40726767026678,12.97633200468956,0.7636628404265268,286.4815251999985,69.19660447228341,444.3717260871684,477.4021558950163,510.4325857028642,543.4630155107121,493.9173707989402,543.4630155107121,444.3717260871684,99.09128942354374,3.539376220424441,71.62929777579913,14.5,91.0,41.96519323110168,39.96519323110168,14.446291027156654,420.0,True,True,2400.0,8.0,90.0,0.3354607087378072,91.59415256479517,0.3354607087378072,0.20127642524268433,0.13418428349512287,True,False,False,True,python_mission_generator,csv_authoritative,validated_csv,explicit_input,calibrated_csv,python_generated_isa_plus_offset
100.0,high_altitude_42,HIGH_ALTITUDE,CLIMB,42,stage5_mission_generator,2949.4160671227532,898.9820172590153,9.160156187096948,909.8118841460533,84.89218631675091,5493.531179005055,42.70564030673202,74.23436982059913,12.944382879121592,0.7621432073597549,286.421009425835,69.16845419379302,444.04762680535543,477.0536748078892,510.059722810423,543.0657708129568,493.5566988091561,543.0657708129568,444.04762680535543,99.01814400760134,3.5371564968052867,71.6213447932447,14.5,91.0,41.948249432040434,39.948249432040434,14.445917266883246,420.0,True,True,2400.0,8.0,100.0,0.33534331073270024,91.55885298341758,0.33534331073270024,0.20120598643962015,0.1341373242930801,True,False,False,True,python_mission_generator,csv_authoritative,validated_csv,explicit_input,calibrated_csv,python_generated_isa_plus_offset
110.0,high_altitude_42,HIGH_ALTITUDE,CLIMB,42,stage5_mission_generator,2987.786054336439,910.6771893617466,9.08418361241385,908.5249644880738,84.84766077676764,5490.859646606058,42.559362762547,74.01609286466395,12.904083475774836,0.7602264004109507,286.34467714604637,69.13294651065492,443.63882038420945,476.6141141113379,509.5894078384664,542.5647015655949,493.10176097490216,542.5647015655949,443.63882038420945,98.92588118138542,3.5343566224470253,71.61131320564809,14.5,91.0,41.926877172848464,39.926877172848464,14.445445819989304,420.0,True,True,2400.0,8.0,110.0,0.3351952293853768,91.5143274434343,0.3351952293853768,0.2011171376312261,0.13407809175415072,True,False,False,True,python_mission_generator,csv_authoritative,validated_csv,explicit_input,calibrated_csv,python_generated_isa_plus_offset
120.0,high_altitude_42,HIGH_ALTITUDE,CLIMB,42,stage5_mission_generator,3034.7504346517658,924.9919324818583,8.991194139389503,906.9517976756463,84.79316207751414,5487.589724650848,42.37892789612696,73.74621131720373,12.856655294037234,0.7579839640378937,286.2504741613886,69.08972897161777,443.13488020951746,476.0725555113887,509.01023081326,541.9479061151312,492.54139316232437,541.9479061151312,443.13488020951746,98.81302590561376,3.5309484157345543,71.59882571933495,14.5,91.0,41.90071779720679,39.90071779720679,14.444868774938385,420.0,True,True,2400.0,8.0,120.0,0.3350137143514076,91.45982874418081,0.3350137143514076,0.20100822861084455,0.13400548574056304,True,False,False,True,python_mission_generator,csv_authoritative,validated_csv,explicit_input,calibrated_csv,python_generated_isa_plus_offset
130.0,high_altitude_42,HIGH_ALTITUDE,CLIMB,42,stage5_mission_generator,3090.8724827367323,942.097932738156,8.88007248418127,905.0747698762926,84.72803658028545,5483.682194817127,42.16076429637902,73.4188503700272,12.8008849603219,0.7553243348211948,286.13696387905753,69.0376545972701,442.5265913526046,475.4189202851247,508.3112492176449,541.2035781501651,491.8650847513848,541.2035781501651,442.5265913526046,98.67698679756046,3.526866269257701,71.58352146309834,14.5,91.0,41.86945755853702,39.86945755853702,14.44417921085008,420.0,True,True,2400.0,8.0,130.0,0.33479632053750963,91.39470324695212,0.33479632053750963,0.20087779232250577,0.13391852821500386,True,False,False,True,python_mission_generator,csv_authoritative,validated_csv,explicit_input,calibrated_csv,python_generated_isa_plus_offset
140.0,high_altitude_42,HIGH_ALTITUDE,CLIMB,42,stage5_mission_generator,3156.637339658057,962.1430611277758,8.749858067477046,902.8792378957268,84.65172131465775,5479.103278879465,41.90565560875716,73.03558879077337,12.734777131415274,0.7521688973636227,286.0017929464786,68.97654547361175,441.8140609611935,474.6532461509856,507.4924313407777,540.3316165305698,491.07283874588165,540.3316165305698,441.8140609611935,98.51755556937633,3.5220757951220545,71.56566857154343,14.5,91.0,41.83282623103572,39.83282623103572,14.443371166861082,420.0,True,True,2400.0,8.0,140.0,0.3345416771893392,91.3183879813244,0.3345416771893392,0.20072500631360352,0.13381667087573568,True,False,False,True,python_mission_generator,csv_authoritative,validated_csv,explicit_input,calibrated_csv,python_generated_isa_plus_offset
150.0,high_altitude_42,HIGH_ALTITUDE,CLIMB,42,stage5_mission_generator,3232.454506515309,985.2521335858662,8.599740077099689,900.3534676298044,84.56374108480986,5473.824465088592,41.6116677582536,72.59314933749731,12.658403893896786,0.7485228807528882,285.84550175501687,68.90607708126325,440.9926769113056,473.77059393260146,506.5485109538973,539.3264279751932,490.15955244324937,539.3264279751932,440.9926769113056,98.33375106388758,3.516551609450321,71.54510404256041,14.5,91.0,41.79059572070874,39.79059572070874,14.442439611486222,420.0,True,True,2400.0,8.0,150.0,0.33424813288293975,91.23040775147653,0.33424813288293975,0.20054887972976385,0.1336992531531759,True,False,False,True,python_mission_generator,csv_authoritative,validated_csv,explicit_input,calibrated_csv,python_generated_isa_plus_offset
160.0,high_altitude_42,HIGH_ALTITUDE,CLIMB,42,stage5_mission_generator,3318.6603380750366,1011.5276710452712,8.429052530611427,897.4885639897432,84.46370557584483,5467.822334550689,41.3220231198474,72.16698534468809,12.582614727506062,0.7448997901739111,285.66930740710535,68.83800001597376,440.15756613411145,472.8749601578095,505.5923541815075,538.3097482052056,489.2336571696585,538.3097482052056,440.15756613411145,98.1521820710941,3.5106603343178553,71.52841563691561,14.5,91.0,41.742578676405515,39.742578676405515,14.441380411979534,420.0,True,True,2400.0,8.0,160.0,0.3339228666014186,91.13037224251148,0.3339228666014186,0.20035371996085116,0.13356914664056746,True,False,False,True,python_mission_generator,csv_authoritative,validated_csv,explicit_input,calibrated_csv,python_generated_isa_plus_offset
170.0,high_altitude_42,HIGH_ALTITUDE,CLIMB,42,stage5_mission_generator,3415.520536404898,1041.050659496213,8.237269337918303,894.2783917474292,84.35130646011135,5461.078387606681,41.0846405412183,71.84101560008058,12.519261222080178,0.7418599766376559,285.47432093974385,68.78528141161857,439.4142443643283,472.0816715614142,504.7490987585001,537.416525955586,488.41538515995717,537.416525955586,439.4142443643283,98.00228159125777,3.504810223611414,71.52287365568283,14.5,91.0,41.688627100853445,39.688627100853445,14.440190303695296,420.0,True,True,2400.0,8.0,170.0,0.3335741732596756,91.01797312677802,0.3335741732596756,0.20014450395580535,0.13342966930387024,True,False,False,True,python_mission_generator,csv_authoritative,validated_csv,explicit_input,calibrated_csv,python_generated_isa_plus_offset
180.0,high_altitude_42,HIGH_ALTITUDE,CLIMB,42,stage5_mission_generator,3523.2326445077947,1073.8813100459759,8.023999363874566,890.7194870187983,84.22631450352539,5453.578870211522,40.82066237049471,71.47757849843923,12.448809790606843,0.7384795920227628,285.25748880628566,68.7266563818411,438.5876431782615,471.1995054237739,503.8113676692863,536.4232299147988,487.5054365465301,536.4232299147988,438.5876431782615,97.83558673653727,3.498304685034255,71.51671076842943,14.5,91.0,41.62863096169218,39.62863096169218,14.438866859449092,420.0,True,True,2400.0,8.0,180.0,0.33318641342056515,90.89298117019204,0.33318641342056515,0.19991184805233908,0.13327456536822607,True,False,False,True,python_mission_generator,csv_authoritative,validated_csv,explicit_input,calibrated_csv,python_generated_isa_plus_offset
190.0,high_altitude_42,HIGH_ALTITUDE,CLIMB,42,stage5_mission_generator,3641.9285399559963,1110.0598189785878,7.788981490887127,886.810959352826,84.08857667189162,5445.314600313497,40.529765405383934,71.07592100831471,12.371174175710628,0.7347544975473971,285.01854552779946,68.66205314894856,437.6767505248097,470.2273816627083,502.778012800607,535.3286439385056,486.50269723165763,535.3286439385056,437.6767505248097,97.65189341369592,3.4911357535149596,71.50991942960994,14.5,91.0,41.56251680250798,39.56251680250798,14.437408458878853,420.0,True,True,2400.0,8.0,190.0,0.3327591123294186,90.75524333855829,0.3327591123294186,0.19965546739765117,0.13310364493176746,True,False,False,True,python_mission_generator,csv_authoritative,validated_csv,explicit_input,calibrated_csv,python_generated_isa_plus_offset
200.0,high_altitude_42,HIGH_ALTITUDE,CLIMB,42,stage5_mission_generator,3771.6769285252753,1149.6071278145039,7.5320796815199555,882.5543846207122,83.93801323722504,5436.280794233502,40.211781263469895,70.63546568896825,12.286309438894484,0.73068253698278,284.7573527946728,68.59143431809078,436.68103914406913,469.16473757538006,501.648436006691,534.1321344380019,485.4065867910355,534.1321344380019,436.68103914406913,97.45109529393278,3.483299279398649,71.50249570813472,14.5,91.0,41.49024635386802,39.49024635386802,14.435814257805912,420.0,True,True,2400.0,8.0,200.0,0.3322920226478352,90.60467990389171,0.3322920226478352,0.1993752135887011,0.13291680905913408,True,False,False,True,python_mission_generator,csv_authoritative,validated_csv,explicit_input,calibrated_csv,python_generated_isa_plus_offset
210.0,high_altitude_42,HIGH_ALTITUDE,CLIMB,42,stage5_mission_generator,3912.4858378290355,1192.5256833702902,7.253278041098509,877.9536891036117,83.77461488407239,5426.476893044343,39.86669027087616,70.15580399271404,12.194210329524413,0.7262634583941813,284.4738944467488,68.51479552003677,435.6004474307581,468.0115074153393,500.4225673999204,532.8336273845016,484.21703740762985,532.8336273845016,435.6004474307581,97.2331799537435,3.474794777837802,71.49443914469357,14.5,91.0,41.41181514435475,39.41181514435475,14.434084157596061,420.0,True,True,2400.0,8.0,210.0,0.33178511547668615,90.44128155073905,0.33178511547668615,0.19907106928601168,0.13271404619067448,True,False,False,True,python_mission_generator,csv_authoritative,validated_csv,explicit_input,calibrated_csv,python_generated_isa_plus_offset
220.0,high_altitude_42,HIGH_ALTITUDE,CLIMB,42,stage5_mission_generator,4064.305110952442,1238.8001978183045,6.952675880314166,873.0150253570788,83.59843981583377,5415.906388950026,39.494615350929216,69.63669022904269,12.094909653814236,0.721498835881916,284.16827145346406,68.43216405395172,434.43536029764107,466.7681019695682,499.1008436414953,531.4335853134224,482.93447280553175,531.4335853134224,434.43536029764107,96.99822501578137,3.4656252781830648,71.48575260907903,14.5,91.0,41.327251111600205,39.327251111600205,14.432218774520592,420.0,True,True,2400.0,8.0,220.0,0.3312385713791186,90.26510648250043,0.3312385713791186,0.19874314282747116,0.13249542855164745,True,False,False,True,python_mission_generator,csv_authoritative,validated_csv,explicit_input,calibrated_csv,python_generated_isa_plus_offset
230.0,high_altitude_42,HIGH_ALTITUDE,CLIMB,42,stage5_mission_generator,4227.028900086554,1288.3984087463818,6.630482777828622,867.7466405859014,83.40961086108408,5404.576651665045,39.09581591282146,69.0780361657302,11.988476643810266,0.7163919913223364,283.8406968939852,68.34359753017354,433.18659003895255,465.4353881355255,497.68418623209834,529.9329843286713,481.5597871838119,529.9329843286713,433.18659003895255,96.74639428971875,3.455797173374067,71.47644215751009,14.5,91.0,41.236613213320354,39.236613213320354,14.430219409117361,420.0,True,True,2400.0,8.0,230.0,0.3306527714035597,90.07627752775075,0.3306527714035597,0.1983916628421358,0.1322611085614239,True,False,False,True,python_mission_generator,csv_authoritative,validated_csv,explicit_input,calibrated_csv,python_generated_isa_plus_offset
240.0,high_altitude_42,HIGH_ALTITUDE,CLIMB,42,stage5_mission_generator,4400.4981601624495,1341.2718392175148,6.28701364287835,862.1587383938551,83.20831257989462,5392.498754793677,38.67068174027454,68.4799062352348,11.875015326376086,0.7109479161088306,283.49149093734627,68.24918251298983,431.8553571938218,464.01466849819116,496.1739798025605,528.3332911069299,480.0943241503758,528.3332911069299,431.8553571938218,96.47793391310807,3.445320069330232,71.4665168899556,14.5,91.0,41.13999003834942,39.13999003834942,14.428088015551825,420.0,True,True,2400.0,8.0,240.0,0.33002828810672014,89.87497924656128,0.33002828810672014,0.19801697286403208,0.13201131524268805,True,False,False,True,python_mission_generator,csv_authoritative,validated_csv,explicit_input,calibrated_csv,python_generated_isa_plus_offset
250.0,high_altitude_42,HIGH_ALTITUDE,CLIMB,42,stage5_mission_generator,4584.503142485362,1397.3565578295386,5.922683777878984,856.2633348792906,82.99478837015457,5379.687302209274,38.219726880202266,67.84251330862665,11.754662892177217,0.7051731928928121,283.1210758225859,68.14903316341456,430.44327140969614,462.50766090711045,494.5720504045248,526.6364399019392,478.53985565581763,526.6364399019392,430.44327140969614,96.19316849224305,3.434206634341591,71.45598880745779,14.5,91.0,41.03749841767419,39.03749841767419,14.425827170978106,420.0,True,True,2400.0,8.0,250.0,0.32936587657659877,89.66145503682124,0.32936587657659877,0.19761952594595925,0.13174635063063952,True,False,False,True,python_mission_generator,csv_authoritative,validated_csv,explicit_input,calibrated_csv,python_generated_isa_plus_offset
260.0,high_altitude_42,HIGH_ALTITUDE,CLIMB,42,stage5_mission_generator,4778.7858883688095,1456.5739387748133,5.538003941029757,850.0741101295971,82.76933757389247,5366.160254433548,37.743583531373964,67.1662149939366,11.627588064665865,0.6990759173247189,282.7299708388846,68.04328988196484,428.95231230576564,460.91647805343894,492.8806438011122,524.8448095487855,476.8985609272756,524.8448095487855,428.95231230576564,95.89249724301987,3.4224724484595948,71.44487266945576,14.5,91.0,40.92928203546839,38.92928203546839,14.423440044900039,420.0,True,True,2400.0,8.0,260.0,0.32866646545548567,89.43600424055914,0.32866646545548567,0.19719987927329138,0.13146658618219428,True,False,False,True,python_mission_generator,csv_authoritative,validated_csv,explicit_input,calibrated_csv,python_generated_isa_plus_offset
270.0,high_altitude_42,HIGH_ALTITUDE,CLIMB,42,stage5_mission_generator,4983.04272276872,1518.8314218999058,5.133575408917935,843.6062562261593,82.53231258359787,5351.938755015872,37.24299593307748,66.45151041101244,11.493989469065642,0.6926656197950053,282.3187873057015,67.93211795143769,427.384810336387,459.2436070469865,491.10240375758605,522.9612004681856,475.17300540228626,522.9612004681856,427.384810336387,95.57639013179858,3.410135852887929,71.43318585110903,14.5,91.0,40.81551004012697,38.81551004012697,14.420930368532213,420.0,True,True,2400.0,8.0,270.0,0.3279311479629671,89.19897925026453,0.3279311479629671,0.19675868877778024,0.13117245918518683,True,False,False,True,python_mission_generator,csv_authoritative,validated_csv,explicit_input,calibrated_csv,python_generated_isa_plus_offset
280.0,high_altitude_42,HIGH_ALTITUDE,CLIMB,42,stage5_mission_generator,5196.926747917565,1584.023272765274,4.710085039123221,836.8763229071398,82.2841159485427,5337.046956912563,36.71881425378237,65.69903739063187,11.354094001356284,0.6859531871751375,281.88822355291205,67.81570617968681,425.7434276545082,457.49188899326265,489.24035033201716,520.9888116707716,473.3661196626399,520.9888116707716,425.7434276545082,95.24538401626342,3.397217799373328,71.42094820062097,14.5,91.0,40.6963756553005,38.6963756553005,14.418302404161041,420.0,True,True,2400.0,8.0,280.0,0.32716117291892866,88.95078261520938,0.32716117291892866,0.1962967037513572,0.13086446916757147,True,False,False,True,python_mission_generator,csv_authoritative,validated_csv,explicit_input,calibrated_csv,python_generated_isa_plus_offset
290.0,high_altitude_42,HIGH_ALTITUDE,CLIMB,42,stage5_mission_generator,5420.050336958493,1652.0313427049487,4.268300332822184,829.9020620495769,82.02519748110294,5321.5118488661765,36.171988479803076,64.90957004164542,11.208155197258368,0.6789507845585887,281.43905990094476,67.69426554239942,424.0311389750915,455.6644985705199,487.2978581659483,518.9312177613767,471.4811783682341,518.9312177613767,424.0311389750915,94.90007878628523,3.3837416995963823,71.40818189656238,14.5,91.0,40.57209479092941,38.57209479092941,14.415560914505797,420.0,True,True,2400.0,8.0,290.0,0.3263579357665595,88.6918641477696,0.3263579357665595,0.1958147614599357,0.13054317430662382,True,False,False,True,python_mission_generator,csv_authoritative,validated_csv,explicit_input,calibrated_csv,python_generated_isa_plus_offset
300.0,high_altitude_42,HIGH_ALTITUDE,CLIMB,42,stage5_mission_generator,5651.987627579455,1722.7258288862179,3.8090644973926793,822.7022721260431,81.75605136307999,5305.3630817848,35.60356230396201,64.08401662624235,11.056451601218034,0.6716717770018323,280.97215364091863,67.56802782587295,422.2512124385386,453.76492360679913,485.2786347750597,516.7923459433202,469.5217791909294,516.7923459433202,422.2512124385386,94.54113350478167,3.369733274562356,71.39491130519497,14.5,91.0,40.4429046542784,38.4429046542784,14.412711132079671,420.0,True,True,2400.0,8.0,300.0,0.32552296959535637,88.42271802974666,0.32552296959535637,0.1953137817572138,0.13020918783814256,True,False,False,True,python_mission_generator,csv_authoritative,validated_csv,explicit_input,calibrated_csv,python_generated_isa_plus_offset
310.0,high_altitude_42,HIGH_ALTITUDE,CLIMB,42,stage5_mission_generator,5892.277015647336,1795.966034369308,3.3332915090182755,815.2966437661044,81.47721325202235,5288.632795121341,35.01466701425275,63.22341768000025,10.899285135391718,0.6641306512653385,280.4884340147801,67.4372442697918,420.4071904741145,451.79694465697406,483.1866988398336,514.5764530226932,467.4918217484038,514.5764530226932,420.4071904741145,94.16926254857867,3.3552204039920017,71.38116283779485,14.5,91.0,40.30906236097073,38.30906236097073,14.409758728550825,420.0,True,True,2400.0,8.0,310.0,0.3246579361641275,88.14387991868901,0.3246579361641275,0.1947947616984765,0.12986317446565102,True,False,False,True,python_mission_generator,csv_authoritative,validated_csv,explicit_input,calibrated_csv,python_generated_isa_plus_offset
320.0,high_altitude_42,HIGH_ALTITUDE,CLIMB,42,stage5_mission_generator,6140.423648842087,1871.601128167068,2.841961175292669,807.7056075107446,81.18925738754699,5271.35544325282,34.37442936897303,62.27081905893278,10.74020992552438,0.6563341897840352,279.9984536767699,67.29541627643358,418.4361347660274,449.6922537877369,480.9483728094464,512.2044918311559,465.32031329859166,512.2044918311559,418.4361347660274,93.7683570651285,3.340047369574455,71.36215190594652,14.5,91.0,40.17084354602256,38.17084354602256,14.40670978410344,420.0,True,True,2400.0,8.0,320.0,0.32375850530237177,87.85592405421366,0.32375850530237177,0.19425510318142306,0.1295034021209487,True,False,False,True,python_mission_generator,csv_authoritative,validated_csv,explicit_input,calibrated_csv,python_generated_isa_plus_offset
330.0,high_altitude_42,HIGH_ALTITUDE,CLIMB,42,stage5_mission_generator,6395.901920290851,1949.4709053046515,2.3361141978241147,799.9501847905518,80.89279369766102,5253.567621859661,33.68695649498278,61.23205444151445,10.57916231723335,0.6481721825351602,279.5011805568993,67.14276660111848,416.3475438658526,447.46078591465727,478.5740279634619,509.6872700122666,463.0174069390596,509.6872700122666,416.3475438658526,93.33972614641402,3.324229326934093,71.3383314303057,14.5,91.0,40.02854097487729,38.02854097487729,14.403570756798764,420.0,True,True,2400.0,8.0,330.0,0.32282710612558624,87.55946036432768,0.32282710612558624,0.19369626367535173,0.1291308424502345,True,False,False,True,python_mission_generator,csv_authoritative,validated_csv,explicit_input,calibrated_csv,python_generated_isa_plus_offset
340.0,high_altitude_42,HIGH_ALTITUDE,CLIMB,42,stage5_mission_generator,6658.1579622021,2029.4065468792003,1.816847234839841,792.0518430878335,80.58846490508309,5235.307894304985,32.98124514884119,60.15838954351148,10.413842158809826,0.6397936394089586,278.9907149136705,66.9860671705949,414.2035432056572,445.1701177935393,476.13669238142137,507.1032669693035,460.65340508748034,507.1032669693035,414.2035432056572,92.8997237636463,3.3079916358376256,71.31387900379372,14.5,91.0,39.88246315443988,37.88246315443988,14.400348451936173,420.0,True,True,2400.0,8.0,340.0,0.3218709971768369,87.25513157174974,0.3218709971768369,0.19312259830610215,0.12874839887073478,True,False,False,True,python_mission_generator,csv_authoritative,validated_csv,explicit_input,calibrated_csv,python_generated_isa_plus_offset
350.0,high_altitude_42,HIGH_ALTITUDE,CLIMB,42,stage5_mission_generator,6926.612139499761,2111.2313801195273,1.2853079637904745,784.0323561608724,80.27694363356497,5216.616618013898,32.258855085079844,59.051564888396435,10.244614838833241,0.6312170785583279,278.46818497196523,66.82566432001553,412.008871429313,442.82531223087176,473.64175303243053,504.4581938339893,458.23353263165114,504.4581938339893,412.008871429313,92.44932240467631,3.291370184630065,71.2888486708627,14.5,91.0,39.732932944111184,37.732932944111184,14.397049991414217,420.0,True,True,2400.0,8.0,350.0,0.3208922916363549,86.94361030023164,0.3208922916363549,0.19253537498181295,0.12835691665454196,True,False,False,True,python_mission_generator,csv_authoritative,validated_csv,explicit_input,calibrated_csv,python_generated_isa_plus_offset
360.0,high_altitude_42,HIGH_ALTITUDE,CLIMB,42,stage5_mission_generator,7200.661543457346,2194.7616384457992,0.7426901439544551,775.9136701173016,79.9589295142131,5197.535770852785,31.52287589302839,57.9161557326769,10.07221331729365,0.6224717605216893,277.935352424493,66.6622773124155,409.7719580371688,440.4354178879623,471.0988777387557,501.76233758954913,455.767147813359,501.76233758954913,409.7719580371688,91.99037955238032,3.274413267040782,71.26351672704342,14.5,91.0,39.58028616682228,37.58028616682228,14.393682783091668,420.0,True,True,2400.0,8.0,360.0,0.31989346700133314,86.62559618087975,0.31989346700133314,0.19193608020079989,0.12795738680053326,True,False,False,True,python_mission_generator,csv_authoritative,validated_csv,explicit_input,calibrated_csv,python_generated_isa_plus_offset
370.0,high_altitude_42,HIGH_ALTITUDE,CLIMB,42,stage5_mission_generator,7479.682485332082,2279.8072215292186,0.19022867904247676,767.7177760251107,79.63514629181003,5178.1087775086025,30.804929266538878,56.809429562328795,9.904232892947103,0.6137816715028918,277.4054348102228,66.50360587541755,407.5693433522987,438.08307870739947,468.5968140625002,499.11054941760096,453.3399463849498,499.11054941760096,407.5693433522987,91.54120606530228,3.257383264932359,71.24243283342791,14.5,91.0,39.42487022006882,37.42487022006882,14.390254490148576,420.0,True,True,2400.0,8.0,370.0,0.318882500562466,86.3018129584767,0.318882500562466,0.19132950033747959,0.1275530002249864,True,False,False,True,python_mission_generator,csv_authoritative,validated_csv,explicit_input,calibrated_csv,python_generated_isa_plus_offset
380.0,high_altitude_42,HIGH_ALTITUDE,CLIMB,42,stage5_mission_generator,7763.032989999047,2366.1724553517097,-0.3708053201981105,759.466589646015,79.30633893113604,5158.380335868163,30.07603927978652,55.677363920453324,9.733268083611506,0.6048989296481262,276.8665388024318,66.36446356452062,405.33272149967155,435.69429430019835,466.05586710072515,496.41743990125195,450.87508070046175,496.41743990125195,405.33272149967155,91.0847184015804,3.2400752159128827,71.22846743846765,14.5,91.0,39.2670426869453,37.2670426869453,14.386773000447324,420.0,True,True,2400.0,8.0,380.0,0.31785588450069335,85.97300559780271,0.31785588450069335,0.190713530700416,0.12714235380027736,True,False,False,True,python_mission_generator,csv_authoritative,validated_csv,explicit_input,calibrated_csv,python_generated_isa_plus_offset
390.0,high_altitude_42,HIGH_ALTITUDE,CLIMB,42,stage5_mission_generator,8050.055289585289,2453.656852265596,-0.9391094733788723,751.1818387688305,78.97327072329058,5138.396243397436,29.313780442112503,54.4773058021856,9.545943315971344,0.5970467615737608,276.30848213047506,66.23598044481105,403.0071847366708,433.21340265547656,463.41962057428236,493.6258384930881,448.31651161487946,493.6258384930881,403.0071847366708,90.6186537564173,3.2227018343125993,71.21458641767173,14.5,91.0,39.107169947179486,37.107169947179486,14.383246395893666,420.0,True,True,2400.0,8.0,390.0,0.3168114081799537,85.63993738995727,0.3168114081799537,0.1900868449079722,0.12672456327198148,True,False,False,True,python_mission_generator,csv_authoritative,validated_csv,explicit_input,calibrated_csv,python_generated_isa_plus_offset
400.0,high_altitude_42,HIGH_ALTITUDE,CLIMB,42,stage5_mission_generator,8340.078317103966,2542.0558710532887,-1.5133550678658523,742.8849585117556,78.63672039201386,5118.203223520831,28.54286826038147,53.25390620814989,9.356707364224423,0.5892615597217551,275.74509485231664,66.10678005758803,400.65585460771763,430.7053586667762,460.75486272583476,490.8043667848933,445.7301106963055,490.8043667848933,400.65585460771763,90.14851217717569,3.2051813765645276,71.2004576500436,14.5,91.0,38.945625788166645,36.945625788166645,14.379682921797794,420.0,True,True,2400.0,8.0,400.0,0.31575588186993864,85.30338705868051,0.31575588186993864,0.18945352912196317,0.12630235274797547,True,False,False,True,python_mission_generator,csv_authoritative,validated_csv,explicit_input,calibrated_csv,python_generated_isa_plus_offset
410.0,high_altitude_42,HIGH_ALTITUDE,CLIMB,42,stage5_mission_generator,8632.42020008848,2631.161676986969,-2.0921919961751883,734.5969948539304,78.29747920000828,5097.8487520004965,27.864221993465602,52.195295091048145,9.182258619931506,0.5789527774839631,275.1609028290441,65.98446635916932,398.4995168581816,428.4018883684513,458.3042598787209,488.2066313889906,443.3530741235861,488.2066313889906,398.4995168581816,89.70711453080901,3.1874481076601775,71.20098036905081,14.5,91.0,38.78279001600397,36.78279001600397,14.376090956235382,420.0,True,True,2400.0,8.0,410.0,0.31471066469592057,84.96414586667494,0.31471066469592057,0.18882639881755234,0.12588426587836823,True,False,False,True,python_mission_generator,csv_authoritative,validated_csv,explicit_input,calibrated_csv,python_generated_isa_plus_offset
420.0,high_altitude_42,HIGH_ALTITUDE,CLIMB,42,stage5_mission_generator,8926.390754226588,2720.763901888264,-2.6742536933686445,726.3385165496929,77.95634805526008,5077.3808833156045,27.181794908053465,51.12222763443898,9.006838001082983,0.5685865638029308,274.573456203021,65.86147123669235,396.3311658963948,426.08558516507094,455.84000443374714,485.5944237024233,440.96279479940904,485.5944237024233,396.3311658963948,89.26325780602849,3.1696160446205894,71.20150600018734,14.5,91.0,38.619047066524836,36.619047066524836,14.372478979408637,420.0,True,True,2400.0,8.0,420.0,0.31365962449359336,84.62301472192674,0.31365962449359336,0.188195774696156,0.12546384979743735,True,False,False,True,python_mission_generator,csv_authoritative,validated_csv,explicit_input,calibrated_csv,python_generated_isa_plus_offset
430.0,high_altitude_42,HIGH_ALTITUDE,CLIMB,42,stage5_mission_generator,9221.293976994555,2810.6504041879407,-3.2581620744492206,718.1295354750795,77.61413461736075,5056.848077041645,26.514533107417087,50.0697542444804,8.83524134759312,0.5584860853411617,273.99032017691803,65.74325830622712,394.19670308270724,423.8064972912044,453.4162914997016,483.0260857081987,438.611394395453,483.0260857081987,394.19670308270724,88.82938262549146,3.1519035015079386,71.20463285806065,14.5,91.0,38.454784616333164,36.454784616333164,14.36885554300735,420.0,True,True,2400.0,8.0,430.0,0.31260855072542965,84.28080128402742,0.31260855072542965,0.18756513043525777,0.12504342029017187,True,False,False,True,python_mission_generator,csv_authoritative,validated_csv,explicit_input,calibrated_csv,python_generated_isa_plus_offset
440.0,high_altitude_42,HIGH_ALTITUDE,CLIMB,42,stage5_mission_generator,9516.430541291269,2900.608028985579,-3.842532471756712,709.9894353564691,77.27165040382864,5036.299024229718,25.85721070764962,49.0277032268219,8.66590733445223,0.5483898636979048,273.41035186175645,65.62720822295472,392.0853464258482,421.552260385796,451.01917434574375,480.48608830569157,436.28571736576987,480.48608830569157,392.0853464258482,88.4007418798434,3.1342399179096088,71.2093322955994,14.5,91.0,38.29039219383775,36.29039219383775,14.36522923956995,420.0,True,True,2400.0,8.0,440.0,0.3115586390822706,83.9383170704953,0.3115586390822706,0.18693518344936236,0.12462345563290825,True,False,False,True,python_mission_generator,csv_authoritative,validated_csv,explicit_input,calibrated_csv,python_generated_isa_plus_offset
450.0,high_altitude_42,HIGH_ALTITUDE,CLIMB,42,stage5_mission_generator,9811.100289072387,2990.4233681092637,-4.425978572363327,701.9369087369319,76.9297078964304,5015.782473785824,25.20092799252107,47.978782351205,8.496841156352975,0.5383096112146176,272.8313008805373,65.51134169571048,389.9773292947442,419.3015889993534,448.62584870396256,477.95010840857174,433.963718851658,477.95010840857174,389.9773292947442,87.97277911382753,3.116604272742317,71.2140243000535,14.5,91.0,38.12625979028659,36.12625979028659,14.361608671844557,420.0,True,True,2400.0,8.0,450.0,0.3105103880808423,83.59637456309706,0.3105103880808423,0.18630623284850537,0.12420415523233692,True,False,False,True,python_mission_generator,csv_authoritative,validated_csv,explicit_input,calibrated_csv,python_generated_isa_plus_offset
460.0,high_altitude_42,HIGH_ALTITUDE,CLIMB,42,stage5_mission_generator,10104.60472498443,3079.8835201752545,-5.00711735546917,693.9899019475985,76.58911764750256,4995.347058850154,24.53865415326345,46.90903025520692,8.327326867730623,0.5284562707043684,272.2554704239474,65.39509971591863,387.85881308934756,417.0399661621619,446.22111923497613,475.40227230779044,431.630542698569,475.40227230779044,387.85881308934756,87.54345921844288,3.0990375750380514,71.21740977673406,14.5,91.0,37.95347058850154,35.948817647351696,14.358002422150028,420.0,True,True,2400.0,8.0,460.0,0.3094646470107833,83.25578431416923,0.3094646470107833,0.18567878820646996,0.12378585880431332,True,False,False,True,python_mission_generator,csv_authoritative,validated_csv,explicit_input,calibrated_csv,python_generated_isa_plus_offset
470.0,high_altitude_42,HIGH_ALTITUDE,CLIMB,42,stage5_mission_generator,10396.249509998968,3168.7768506476855,-5.584574029797956,686.165567769997,76.25068538627306,4975.041123176384,23.851636236442886,45.78180216652336,8.155122831403466,0.5192957967093966,271.6864249375882,65.27678443524842,385.69023580513266,414.72576284220315,443.7612898792737,472.7968169163442,429.24352636073843,472.7968169163442,385.69023580513266,87.10658111121154,3.081579500460907,71.21643276396607,14.5,91.0,37.750411231763835,35.72545235494022,14.354419021737009,420.0,True,True,2400.0,8.0,470.0,0.3084200193498788,82.91735205293973,0.3084200193498788,0.18505201160992726,0.12336800773995152,True,False,False,True,python_mission_generator,csv_authoritative,validated_csv,explicit_input,calibrated_csv,python_generated_isa_plus_offset
480.0,high_altitude_42,HIGH_ALTITUDE,CLIMB,42,stage5_mission_generator,10685.346955046698,3256.893751898234,-6.156986970992463,678.4802254011961,75.9152091251827,4954.912547510962,23.170619003630225,44.655301342655214,7.98442289268655,0.5102153338880211,271.12234971774785,65.15950256665556,383.54059972566756,412.43177268192073,441.3229456381739,470.2141185944271,426.8773591600473,470.2141185944271,383.54059972566756,86.67351886875952,3.0642739115560556,71.21546428481088,14.5,91.0,37.54912547510962,35.504038022620584,14.350866920148993,420.0,True,True,2400.0,8.0,480.0,0.30738451587678006,82.58187579184937,0.30738451587678006,0.18443070952606802,0.12295380635071203,True,False,False,True,python_mission_generator,csv_authoritative,validated_csv,explicit_input,calibrated_csv,python_generated_isa_plus_offset
490.0,high_altitude_42,HIGH_ALTITUDE,CLIMB,42,stage5_mission_generator,10971.218514651611,3344.0274032658112,-6.7230126590101875,670.9493272672411,75.58347626620676,4935.008575972405,22.46986482631758,43.47943882156875,7.810278372361006,0.5010341092748741,270.5705124169919,65.03675880604123,381.35735588267386,410.1004910549253,438.84362622717674,467.5867613994282,424.47205864105104,467.5867613994282,381.35735588267386,86.22940551675435,3.046953069337942,71.2104062040757,14.5,91.0,37.35008575972405,35.285094335696456,14.347354454583366,420.0,True,True,2400.0,8.0,490.0,0.3063553601713902,82.25014293287342,0.3063553601713902,0.1838132161028341,0.12254214406855608,True,False,False,True,python_mission_generator,csv_authoritative,validated_csv,explicit_input,calibrated_csv,python_generated_isa_plus_offset
500.0,high_altitude_42,HIGH_ALTITUDE,CLIMB,42,stage5_mission_generator,11253.197280565102,3429.9745311162433,-7.2813306155189,663.5874321717686,75.25626070717644,4915.375642430586,21.756532547212174,42.26728475689339,7.634176521686453,0.4918143791165032,270.0309993131617,64.91020769690194,379.157236205994,407.75006515239096,436.3428940987879,464.93572304518483,422.0464796255894,464.93572304518483,379.157236205994,85.7784868391908,3.02969948623575,71.2020989302796,14.5,91.0,37.153756424305854,35.069132066736444,14.343889819252457,420.0,True,True,2400.0,8.0,500.0,0.3053360053469406,81.9229273738431,0.3053360053469406,0.18320160320816437,0.12213440213877624,True,False,False,True,python_mission_generator,csv_authoritative,validated_csv,explicit_input,calibrated_csv,python_generated_isa_plus_offset
510.0,high_altitude_42,HIGH_ALTITUDE,CLIMB,42,stage5_mission_generator,11530.63047540011,3514.5361689019537,-7.830648341292218,656.4081842161188,74.93431994810044,4896.059196886026,20.943824727623245,40.84893297170365,7.42448560646495,0.4821083876346275,269.5053872826917,64.75918891731418,376.75023589339554,405.17418410995975,433.59813232652397,462.0220805430882,419.38615821824186,462.0220805430882,376.75023589339554,85.27184464969264,3.011926624507554,71.17729437553352,14.5,91.0,36.960591968860264,34.856651165746285,14.340481034744593,420.0,True,True,2400.0,8.0,510.0,0.3043119638079899,81.60098661476711,0.3043119638079899,0.18258717828479396,0.12172478552319597,True,False,False,True,python_mission_generator,csv_authoritative,validated_csv,explicit_input,calibrated_csv,python_generated_isa_plus_offset
520.0,high_altitude_42,HIGH_ALTITUDE,CLIMB,42,stage5_mission_generator,11802.881946265228,3597.518417221642,-8.369706253605152,649.4242968844487,74.61839219748644,4877.103531849187,19.980912049139423,39.12233028482636,7.16437420594044,0.4716366629899314,268.99735472854775,64.57145104132636,374.0266994077456,402.2536006417424,430.4805018757394,458.7074031097362,416.3670512587409,458.7074031097362,374.0266994077456,84.68070370199064,2.993296270021058,71.12814548856373,14.5,91.0,36.77103531849187,34.648138850341056,14.337135917385151,420.0,True,True,2400.0,8.0,520.0,0.3032755469425733,81.28505886415311,0.3032755469425733,0.18196532816554398,0.12131021877702933,True,False,False,True,python_mission_generator,csv_authoritative,validated_csv,explicit_input,calibrated_csv,python_generated_isa_plus_offset
530.0,high_altitude_42,HIGH_ALTITUDE,CLIMB,42,stage5_mission_generator,12069.334658398871,3678.7332038799764,-8.897282623629764,642.6475416522882,74.30919347866269,4858.551608719761,19.700303413126612,38.72018973286677,7.138823147710911,0.46341801438001057,268.413784812895,64.536851197422,372.7850942854381,400.93993575268564,429.0947772199331,457.24961868718066,415.0173564863094,457.24961868718066,372.7850942854381,84.46452440174255,2.9793682928030467,71.17931264240859,14.5,91.0,36.58551608719761,34.44406769591737,14.333862048597606,420.0,True,True,2400.0,8.0,530.0,0.3023872611377467,80.97586014532935,0.3023872611377467,0.18143235668264804,0.1209549044550987,True,False,False,True,python_mission_generator,csv_authoritative,validated_csv,explicit_input,calibrated_csv,python_generated_isa_plus_offset
540.0,high_altitude_42,HIGH_ALTITUDE,CLIMB,42,stage5_mission_generator,12329.39318880338,3757.9990439472704,-9.412198513830692,636.0887404492531,74.00741473609942,4840.444884165965,19.020459935051626,37.52382631332971,6.9608171876218545,0.45438666007227857,267.9003538040832,64.41280899302865,370.7009175080252,398.7119387525181,426.7229599970109,454.7339812415038,412.7174493747645,454.7339812415038,370.7009175080252,84.03306373347857,2.9631941023443296,71.16835660633892,14.5,91.0,36.40444884165965,34.24489372582562,14.330666744264581,420.0,True,True,2400.0,8.0,540.0,0.30144296453700203,80.67408140276608,0.30144296453700203,0.18086577872220122,0.12057718581480081,True,False,False,True,python_mission_generator,csv_authoritative,validated_csv,explicit_input,calibrated_csv,python_generated_isa_plus_offset
550.0,high_altitude_42,HIGH_ALTITUDE,CLIMB,42,stage5_mission_generator,12582.486219879149,3835.1417998191646,-9.913322715360714,629.7577612861144,73.71371894173048,4822.823136503829,18.411255851125265,36.45469420253753,6.809467543525514,0.44622506027724396,267.38915442729035,64.306315104317,368.7826652937622,396.6644932034346,424.546321113107,452.4281490227794,410.6054071582708,452.4281490227794,368.7826652937622,83.6454837290172,2.9479147556343457,71.16555855462649,14.5,91.0,36.22823136503829,34.05105450154212,14.327557024088911,420.0,True,True,2400.0,8.0,550.0,0.3005339470190771,80.38038560839715,0.3005339470190771,0.18032036821144626,0.12021357880763084,True,False,False,True,python_mission_generator,csv_authoritative,validated_csv,explicit_input,calibrated_csv,python_generated_isa_plus_offset
560.0,high_altitude_42,HIGH_ALTITUDE,CLIMB,42,stage5_mission_generator,12828.069033058775,3909.995441276315,-10.399576685456374,623.6635163425109,73.42873820127478,4805.7242920764875,17.864468610410395,35.49789766022929,6.681119829994106,0.4388366139635008,266.883381713306,64.21501194548027,367.01444581383237,394.7800260927717,422.545606371711,450.31118665065037,408.66281623224137,450.31118665065037,367.01444581383237,83.296740836818,2.9334791968580354,71.16949445313213,14.5,91.0,36.05724292076488,33.86296721284136,14.324539580954674,420.0,True,True,2400.0,8.0,560.0,0.29966034906923444,80.09540486794145,0.29966034906923444,0.17979620944154065,0.11986413962769378,True,False,False,True,python_mission_generator,csv_authoritative,validated_csv,explicit_input,calibrated_csv,python_generated_isa_plus_offset
570.0,high_altitude_42,HIGH_ALTITUDE,CLIMB,42,stage5_mission_generator,13065.626002441168,3982.402805544068,-10.869939484833512,617.813961804146,73.15307086055788,4789.184251633473,17.33555081637006,34.56586915867765,6.556966622939752,0.43168962801602107,266.3941380582846,64.12669264728726,365.3040131682554,392.9571448825037,420.610276596752,448.2634083110003,406.78371073962785,448.2634083110003,365.3040131682554,82.95939514274494,2.919515403749544,71.17330172330992,14.5,91.0,35.89184251633473,33.6810267679682,14.32162075028826,420.0,True,True,2400.0,8.0,570.0,0.2988153010028149,79.81973752722455,0.2988153010028149,0.17928918060168894,0.11952612040112597,True,False,False,True,python_mission_generator,csv_authoritative,validated_csv,explicit_input,calibrated_csv,python_generated_isa_plus_offset
580.0,high_altitude_42,HIGH_ALTITUDE,CLIMB,42,stage5_mission_generator,13294.67308842569,4052.2163573521507,-11.323452715082869,612.2160987367381,72.88727861183342,4773.236716710006,16.825580177473363,33.66111191920492,6.437260893550445,0.42479866493841284,265.9224203317519,64.04153716673075,363.65485248793215,391.1995638256595,418.7442751633868,446.28898650111415,404.97191949452315,446.28898650111415,363.65485248793215,82.634134013182,2.9060518285527985,71.17697260757001,14.5,91.0,35.73236716710006,33.50560388381006,14.318806479419413,420.0,True,True,2400.0,8.0,580.0,0.29800052466670707,79.5539452785001,0.29800052466670707,0.17880031480002423,0.11920020986668284,True,False,False,True,python_mission_generator,csv_authoritative,validated_csv,explicit_input,calibrated_csv,python_generated_isa_plus_offset
590.0,high_altitude_42,HIGH_ALTITUDE,CLIMB,42,stage5_mission_generator,13514.76033134629,4119.298948994349,-11.759225456065654,606.8759742880541,72.63188360010477,4757.913016006287,16.335558523616502,32.78603301641875,6.322237801988947,0.41817726192732657,265.4691552163147,63.95971279051262,362.0702035250115,389.51073566463924,416.951267804267,444.39179994389474,403.2310017344531,444.39179994389474,362.0702035250115,82.32159641888325,2.893114920265277,71.18049989451367,14.5,91.0,35.57913016006287,33.33704317606916,14.316102296942287,420.0,True,True,2400.0,8.0,590.0,0.29721762067716223,79.29855026677144,0.29721762067716223,0.17833057240629732,0.1188870482708649,True,False,False,True,python_mission_generator,csv_authoritative,validated_csv,explicit_input,calibrated_csv,python_generated_isa_plus_offset
600.0,high_altitude_42,HIGH_ALTITUDE,CLIMB,42,stage5_mission_generator,13725.474345105631,4183.524580388196,-12.176439203309151,601.7986825186675,72.38736552944644,4743.241931766786,15.78610360348198,31.781255817821123,6.1859383964603225,0.41065851027625366,265.0533865738525,63.858460945789695,360.3849380484852,387.7086632762649,415.0323885040446,442.3561137318243,401.37052589015474,442.3561137318243,360.3849380484852,81.97117568333908,2.8799657585260547,71.17183156130926,14.5,91.0,35.432419317667865,33.17566124943465,14.313513282076492,420.0,True,True,2400.0,8.0,600.0,0.2964527638063591,79.05403219611311,0.2964527638063591,0.17787165828381546,0.11858110552254364,True,False,False,True,python_mission_generator,csv_authoritative,validated_csv,explicit_input,calibrated_csv,python_generated_isa_plus_offset
610.0,high_altitude_42,HIGH_ALTITUDE,CLIMB,42,stage5_mission_generator,13926.440810809221,4244.77915913465,-12.57435280540226,596.9883641763921,72.15415876932563,4729.249526159538,15.37082654287278,31.036759767162092,6.0950683077486,0.4041523920472927,264.6433962409337,63.78811216541621,359.0115460758535,386.2445733874239,413.47760069899425,440.7106280105646,399.86108704320907,440.7106280105646,359.0115460758535,81.6990819347111,2.8682179254145233,71.17987826521414,14.5,91.0,35.29249526159538,33.02174478775491,14.311044034028154,420.0,True,True,2400.0,8.0,610.0,0.29574400516153593,78.82082543599229,0.29574400516153593,0.17744640309692156,0.11829760206461437,True,False,False,True,python_mission_generator,csv_authoritative,validated_csv,explicit_input,calibrated_csv,python_generated_isa_plus_offset
620.0,high_altitude_42,HIGH_ALTITUDE,CLIMB,42,stage5_mission_generator,14117.326970399521,4302.961260577774,-12.952307401391053,592.4482047484336,71.93264946092384,4715.95896765543,15.005000454235638,30.383470379196364,6.014583961970065,0.398441201090738,264.2574120679,63.72970731498486,357.77136140835313,384.9244467103372,412.07753201232117,439.2306173143052,398.5009893613292,439.2306173143052,357.77136140835313,81.45925590595209,2.8573438277143275,71.19181450777518,14.5,91.0,35.1595896765543,32.87554864420973,14.308698641350958,420.0,True,True,2400.0,8.0,620.0,0.2950762488691107,78.5993161275905,0.2950762488691107,0.1770457493214664,0.11803049954764429,True,False,False,True,python_mission_generator,csv_authoritative,validated_csv,explicit_input,calibrated_csv,python_generated_isa_plus_offset
630.0,high_altitude_42,HIGH_ALTITUDE,CLIMB,42,stage5_mission_generator,14297.844120290134,4357.982887864433,-13.309731358174467,588.1804301491369,71.72317262345821,4703.390357407493,14.720998337659593,29.888052761721205,5.951086174996213,0.3940545302545222,263.8998438370821,63.69269051534437,356.73776718193614,383.8286875108795,410.9196078398229,438.01052816876626,397.3741476753512,438.01052816876626,356.73776718193614,81.27276098683012,2.8476761787536193,71.21239519275049,14.5,91.0,35.03390357407493,32.73729393148243,14.306480651307204,420.0,True,True,2400.0,8.0,630.0,0.29445656576670093,78.38983929012488,0.29445656576670093,0.17667393946002055,0.11778262630668038,True,False,False,True,python_mission_generator,csv_authoritative,validated_csv,explicit_input,calibrated_csv,python_generated_isa_plus_offset
640.0,high_altitude_42,HIGH_ALTITUDE,CLIMB,42,stage5_mission_generator,14467.750104999857,4409.770232003957,-13.646145207899714,584.1862994297409,71.52600926050327,4691.560555630196,14.448099691482312,29.407952303943162,5.8892972788357945,0.38989873500788186,263.5655426809742,63.656538981771725,355.75359683917725,382.7849605850809,409.8163243309845,436.8476880768882,396.3006424580327,436.8476880768882,355.75359683917725,81.09409123771093,2.838537903651352,71.2309274904723,14.5,91.0,34.91560555630196,32.60716611193216,14.304393039228858,420.0,True,True,2400.0,8.0,640.0,0.2938722439922126,78.19267592716993,0.2938722439922126,0.17632334639532757,0.11754889759688505,True,False,False,True,python_mission_generator,csv_authoritative,validated_csv,explicit_input,calibrated_csv,python_generated_isa_plus_offset
650.0,high_altitude_42,HIGH_ALTITUDE,CLIMB,42,stage5_mission_generator,14626.851810786877,4458.264431927841,-13.961166585358015,580.4660939299484,71.34138346631227,4680.483007978736,14.191964911203451,28.95497790233647,5.831224077660954,0.3860043597990685,263.2527368130462,63.62254807222517,354.8308142930944,381.806298337931,408.7817823827677,435.7572664276043,395.29404036034936,435.7572664276043,354.8308142930944,80.92645213450987,2.8299766250732827,71.24819287045592,14.5,91.0,34.804830079787365,32.4853130877661,14.302438177878601,420.0,True,True,2400.0,8.0,650.0,0.2933249667707009,78.00805013297894,0.2933249667707009,0.17599498006242054,0.11732998670828038,True,False,False,True,python_mission_generator,csv_authoritative,validated_csv,explicit_input,calibrated_csv,python_generated_isa_plus_offset
660.0,high_altitude_42,HIGH_ALTITUDE,CLIMB,42,stage5_mission_generator,14775.007659282881,4503.422334549422,-14.254515165380106,577.0191023297322,71.16945953213877,4670.167571928327,13.953451656340228,28.531234951597884,5.777146188600132,0.3823779092807069,262.96145132023423,63.59089566460257,353.9715172138084,380.89496596157306,407.8184147093377,434.74186345710234,394.35669033545537,434.74186345710234,353.9715172138084,80.77034624329394,2.8220043441623375,71.26427042920004,14.5,91.0,34.701675719283266,32.37184329121159,14.300617806810882,420.0,True,True,2400.0,8.0,660.0,0.2928153410522681,77.83612619880545,0.2928153410522681,0.17568920463136084,0.11712613642090725,True,False,False,True,python_mission_generator,csv_authoritative,validated_csv,explicit_input,calibrated_csv,python_generated_isa_plus_offset
670.0,high_altitude_42,HIGH_ALTITUDE,CLIMB,42,stage5_mission_generator,14912.130101127143,4545.217254823553,-14.526017600231743,573.8436011038899,71.01033905255828,4660.620343153497,13.732700870926932,28.137377404977105,5.727095567763504,0.3790215264220274,262.69185833113755,63.56160046318109,353.1762133835684,380.0515019873426,406.92679059111674,433.80207919489095,393.48914628922967,433.80207919489095,353.1762133835684,80.62586581132257,2.814625771958308,71.27915066603354,14.5,91.0,34.606203431534965,32.26682377468846,14.298933001732971,420.0,True,True,2400.0,8.0,670.0,0.29234366798875056,77.67700571922495,0.29234366798875056,0.17540620079325034,0.11693746719550023,True,False,False,True,python_mission_generator,csv_authoritative,validated_csv,explicit_input,calibrated_csv,python_generated_isa_plus_offset
680.0,high_altitude_42,HIGH_ALTITUDE,CLIMB,42,stage5_mission_generator,15038.188109600724,4583.6397358063,-14.77561245700943,570.9368299322664,70.86405803178955,4651.843481907373,13.522064178668607,27.758070922350235,5.6784739968499425,0.37603826611774627,262.4478357491179,63.5335840905738,352.42962207548646,379.2595564217107,406.089490767935,432.91942511415925,392.67452359482286,432.91942511415925,352.42962207548646,80.48980303867279,2.807824986404552,71.29167546516055,14.5,91.0,34.518434819073725,32.1702783009811,14.297384143866006,420.0,True,True,2400.0,8.0,680.0,0.29190858795795915,77.53072469845621,0.29190858795795915,0.1751451527747755,0.11676343518318366,True,False,False,True,python_mission_generator,csv_authoritative,validated_csv,explicit_input,calibrated_csv,python_generated_isa_plus_offset
690.0,high_altitude_42,HIGH_ALTITUDE,CLIMB,42,stage5_mission_generator,15153.20967426056,4618.698308714619,-15.003355155035909,568.2949616758128,70.73058399001629,4643.835039400978,13.340002506206906,27.431560187309795,5.639181399881505,0.3735481253175408,262.2142599958369,63.51134088694234,351.7656219272107,378.55654071339194,405.3474594995732,432.1383782857544,391.95200010648256,432.1383782857544,351.7656219272107,80.37275635854371,2.8017373736312696,71.30462376192224,14.5,91.0,34.438350394009774,32.08218543341076,14.295970889306055,420.0,True,True,2400.0,8.0,690.0,0.2915135296313691,77.39725065668296,0.2915135296313691,0.17490811777882145,0.11660541185254765,True,False,False,True,python_mission_generator,csv_authoritative,validated_csv,explicit_input,calibrated_csv,python_generated_isa_plus_offset
700.0,high_altitude_42,HIGH_ALTITUDE,CLIMB,42,stage5_mission_generator,15257.28429457362,4650.4202529860395,-15.209422903255767,565.9130665938325,70.60981306970857,4636.588784182514,13.174295481388919,27.133149113019087,5.6034225728564735,0.37134137594847855,262.0044667344743,63.49125030075299,351.1633015142405,377.9188678652312,404.67443421622187,431.4300005672126,391.29665104072654,431.4300005672126,351.1633015142405,80.26669905297206,2.7962355522682953,71.31619382530911,14.5,91.0,34.36588784182514,32.002476626007656,14.29469213838515,420.0,True,True,2400.0,8.0,700.0,0.29115588490371586,77.27647973637524,0.29115588490371586,0.1746935309422295,0.11646235396148635,True,False,False,True,python_mission_generator,csv_authoritative,validated_csv,explicit_input,calibrated_csv,python_generated_isa_plus_offset
710.0,high_altitude_42,HIGH_ALTITUDE,CLIMB,42,stage5_mission_generator,15350.565473551014,4678.85235633835,-15.394119637631007,563.7850705519114,70.50156714194442,4630.094028516665,13.025773713129167,26.864892089957912,5.571372246526096,0.3693634856402119,261.816430855001,63.47324328270716,350.6234469553192,377.34732722545385,404.07120749558857,430.7950877657232,390.7092673605212,430.7950877657232,350.6234469553192,80.17164081040403,2.7913043175280925,71.32656397271224,14.5,91.0,34.300940285166654,31.93103431368332,14.293546005032352,420.0,True,True,2400.0,8.0,710.0,0.2908353310381317,77.16823380861109,0.2908353310381317,0.17450119862287902,0.11633413241525269,True,False,False,True,python_mission_generator,csv_authoritative,validated_csv,explicit_input,calibrated_csv,python_generated_isa_plus_offset
720.0,high_altitude_42,HIGH_ALTITUDE,CLIMB,42,stage5_mission_generator,15433.273211382082,4704.061674829259,-15.557880958536522,561.9037070544041,70.40559091273137,4624.335454763883,12.89408691836416,26.626411813616787,5.542954831388415,0.3676097896120519,261.6497088817926,63.457277363922884,350.1447850235592,376.84057083672985,403.53635664990054,430.23214246307117,390.1884637433152,430.23214246307117,350.1447850235592,80.08735743951195,2.7869320392770316,71.33575866173835,14.5,91.0,34.24335454763883,31.86769000240271,14.292529786134804,420.0,True,True,2400.0,8.0,720.0,0.29055111202025363,77.07225757939804,0.29055111202025363,0.17433066721215218,0.11622044480810145,True,False,False,True,python_mission_generator,csv_authoritative,validated_csv,explicit_input,calibrated_csv,python_generated_isa_plus_offset
730.0,high_altitude_42,HIGH_ALTITUDE,CLIMB,42,stage5_mission_generator,15505.696499068628,4726.136292916118,-15.701279068155884,560.2604630313715,70.32154902932787,4619.2929417596715,12.778774967247022,26.4170975299295,5.51807103350208,0.366074160234525,261.5037182677826,63.44329675751754,349.72564321533736,376.3968280299502,403.06801284456304,429.7391976591759,389.7324204372566,429.7391976591759,349.72564321533736,80.01355444383853,2.7831034402374955,71.34381001976107,14.5,91.0,34.192929417596716,31.812222359356387,14.291639930898766,420.0,True,True,2400.0,8.0,730.0,0.29030223475389894,76.98821569599453,0.29030223475389894,0.17418134085233936,0.11612089390155958,True,False,False,True,python_mission_generator,csv_authoritative,validated_csv,explicit_input,calibrated_csv,python_generated_isa_plus_offset
740.0,high_altitude_42,HIGH_ALTITUDE,CLIMB,42,stage5_mission_generator,15568.19581205898,4745.186083515578,-15.825027707876782,558.845518419149,70.24902318656486,4614.941391193892,12.68124768202434,26.24020218785072,5.4962634635822205,0.36460553448370325,261.3810677090082,63.430907293557546,349.37001391170526,376.0199449957136,402.669876079722,429.31980716373033,389.3449105377178,429.31980716373033,349.37001391170526,79.94979325202507,2.779773788459855,71.35105568652429,14.5,91.0,34.14941391193892,31.76435530313281,14.290872010210688,420.0,True,True,2400.0,8.0,740.0,0.29008783835268215,76.91568985323153,0.29008783835268215,0.17405270301160927,0.11603513534107286,True,False,False,True,python_mission_generator,csv_authoritative,validated_csv,explicit_input,calibrated_csv,python_generated_isa_plus_offset
750.0,high_altitude_42,HIGH_ALTITUDE,CLIMB,42,stage5_mission_generator,15621.205603882121,4761.343468063271,-15.929987095686599,557.647679697778,70.18750923316735,4611.25055399004,12.59885648821857,26.090583418899346,5.477711854928973,0.3633361731935879,261.27759137083024,63.4203452825734,349.06938668313734,375.7012871483562,402.3331876135751,428.96508807879394,389.01723738096564,428.96508807879394,349.06938668313734,79.8957013956566,2.776945444068863,71.35725043459152,14.5,91.0,34.112505539900404,31.723756093890444,14.290220685998243,420.0,True,True,2400.0,8.0,750.0,0.28990605711778394,76.854175899834,0.28990605711778394,0.17394363427067036,0.11596242284711358,True,False,False,True,python_mission_generator,csv_authoritative,validated_csv,explicit_input,calibrated_csv,python_generated_isa_plus_offset
760.0,high_altitude_42,HIGH_ALTITUDE,CLIMB,42,stage5_mission_generator,15665.23679978184,4774.764176573505,-16.017168863568045,556.6543076893383,70.13641427807588,4608.184856684552,12.530420399901582,25.966124289970644,5.462302446840911,0.3622818114670022,261.19164145930245,63.411572224639315,348.8196785454779,375.4366023492007,402.0535261529235,428.6704499566463,388.7450642510621,428.6704499566463,348.8196785454779,79.85077141116835,2.774596153840237,71.36239593990888,14.5,91.0,34.08184856684552,31.69003342353007,14.28967968059139,420.0,True,True,2400.0,8.0,760.0,0.28975506529364325,76.80308094474253,0.28975506529364325,0.17385303917618594,0.11590202611745731,True,False,False,True,python_mission_generator,csv_authoritative,validated_csv,explicit_input,calibrated_csv,python_generated_isa_plus_offset
770.0,high_altitude_42,HIGH_ALTITUDE,CLIMB,42,stage5_mission_generator,15700.879290350818,4785.62800769893,-16.08774099489462,555.8512400803206,70.09505379676807,4605.703227806084,12.475022571553431,25.86525543537636,5.449828797846609,0.36142832390827867,261.1220664943615,63.40447058616943,348.6175441323724,375.222344587973,401.82714504357364,428.4319454991742,388.5247448157733,428.4319454991742,348.6175441323724,79.8144013668018,2.7726944440840833,71.3665611373558,14.5,91.0,34.057032278060845,31.662735505866927,14.289241746083427,420.0,True,True,2400.0,8.0,770.0,0.2896328400268078,76.76172046343474,0.2896328400268078,0.17377970401608467,0.11585313601072311,True,False,False,True,python_mission_generator,csv_authoritative,validated_csv,explicit_input,calibrated_csv,python_generated_isa_plus_offset
780.0,high_altitude_42,HIGH_ALTITUDE,CLIMB,42,stage5_mission_generator,15728.80442516489,4794.139588790259,-16.143032761826483,555.2227093105671,70.06264873758008,4603.758924254805,12.431619548915748,25.786150852823486,5.440055958624975,0.3607596345221271,261.06755598612693,63.3989066031675,348.4591761102049,375.0544781798817,401.6497802495585,428.2450823192353,388.3521292147201,428.2450823192353,348.4591761102049,79.78590620903037,2.7712044948557866,71.36982448114507,14.5,91.0,34.037589242548044,31.64134816680285,14.288898633692025,420.0,True,True,2400.0,8.0,780.0,0.28953707912459303,76.72931540424675,0.28953707912459303,0.17372224747475581,0.11581483164983722,True,False,False,True,python_mission_generator,csv_authoritative,validated_csv,explicit_input,calibrated_csv,python_generated_isa_plus_offset
790.0,high_altitude_42,HIGH_ALTITUDE,CLIMB,42,stage5_mission_generator,15749.767506416953,4800.529135955888,-16.184539662705568,554.7512566725495,70.03832262802828,4602.299357681697,12.399037393227093,25.72672402223804,5.432719599318906,0.36025765700160234,261.02663556727055,63.394729784379294,348.3402910362912,374.92846277563257,401.516634514974,428.10480625431535,388.2225486453033,428.10480625431535,348.3402910362912,79.76451521802414,2.770086006907843,71.37227423623,14.5,91.0,34.02299357681697,31.625292934498667,14.2886410631203,420.0,True,True,2400.0,8.0,790.0,0.2894651925039101,76.70498929469495,0.2894651925039101,0.17367911550234608,0.11578607700156406,True,False,False,True,python_mission_generator,csv_authoritative,validated_csv,explicit_input,calibrated_csv,python_generated_isa_plus_offset
800.0,high_altitude_42,HIGH_ALTITUDE,CLIMB,42,stage5_mission_generator,15764.610282551308,4805.053214121639,-16.21392835945159,554.4176436894111,70.02109868113061,4601.265920867836,12.375967805457696,25.68462443587587,5.427525136848821,0.35990223501606317,260.9976621253845,63.3917724144449,348.2561152170686,374.8392383714401,401.4223615258116,428.0054846801831,388.13079994862585,428.0054846801831,348.2561152170686,79.74936946311448,2.769294068641674,71.37400876971162,14.5,91.0,34.01265920867836,31.613925129546196,14.288458691917853,420.0,True,True,2400.0,8.0,800.0,0.2894142936400922,76.68776534779727,0.2894142936400922,0.1736485761840553,0.11576571745603688,True,False,False,True,python_mission_generator,csv_authoritative,validated_csv,explicit_input,calibrated_csv,python_generated_isa_plus_offset
810.0,high_altitude_42,HIGH_ALTITUDE,CLIMB,42,stage5_mission_generator,15774.263441897714,4807.995497090424,-16.233041614957475,554.2007620896849,70.00989690172814,4600.593814103689,12.360964250544646,25.657234366033688,5.424146862226286,0.3596710824991371,260.97881893535,63.389849057051066,348.2013705662894,374.78121031904203,401.36105007179464,427.94088982454724,388.07113019541833,427.94088982454724,348.2013705662894,79.73951925825781,2.7687790230594573,71.3751368422459,14.5,91.0,34.005938141036886,31.606531955140575,14.288340084841828,420.0,True,True,2400.0,8.0,810.0,0.28938119101572213,76.67656356839481,0.28938119101572213,0.17362871460943327,0.11575247640628886,True,False,False,True,python_mission_generator,csv_authoritative,validated_csv,explicit_input,calibrated_csv,python_generated_isa_plus_offset
820.0,high_altitude_42,HIGH_ALTITUDE,CLIMB,42,stage5_mission_generator,15779.749106305415,4809.6675276018905,-16.243903230484722,554.0775439716323,70.00353119280675,4600.2118715684055,12.352438081627094,25.641665664289224,5.422227067867647,0.35953972393668626,260.9681107917059,63.38875605808357,348.1702604632118,374.7482343357121,401.32620820821234,427.90418208071264,388.0372212719622,427.90418208071264,348.1702604632118,79.73392161750087,2.7684863347159503,71.37577789945097,14.5,91.0,34.002118715684055,31.60233058725246,14.288272683217954,420.0,True,True,2400.0,8.0,820.0,0.28936237956945965,76.67019785947342,0.28936237956945965,0.1736174277416758,0.11574495182778387,True,False,False,True,python_mission_generator,csv_authoritative,validated_csv,explicit_input,calibrated_csv,python_generated_isa_plus_offset
830.0,high_altitude_42,HIGH_ALTITUDE,CLIMB,42,stage5_mission_generator,15782.183324777485,4810.409477392178,-16.24872298305942,554.0228740513189,70.00070646181837,4600.0423877091025,12.348654664280973,25.6347563527633,5.421375174907548,0.35948143465476573,260.96335914101735,63.38827104877953,348.1564556107908,374.73360151427227,401.3107474177538,427.8878933212353,388.02217446601304,427.8878933212353,348.1564556107908,79.73143771044454,2.768356456670307,71.37606236331428,14.5,91.0,34.00042387709102,31.60046626480013,14.288242774301606,420.0,True,True,2400.0,8.0,830.0,0.2893540321448679,76.66737312848504,0.2893540321448679,0.17361241928692073,0.11574161285794715,True,False,False,True,python_mission_generator,csv_authoritative,validated_csv,explicit_input,calibrated_csv,python_generated_isa_plus_offset
840.0,high_altitude_42,HIGH_ALTITUDE,CLIMB,42,stage5_mission_generator,15782.778567104731,4810.590907253522,-16.249901562867368,554.0095062155817,70.0000157270028,4600.000943620168,12.347729500754411,25.633066733157044,5.4211668605126215,0.35946718110759157,260.9621972142444,63.38815244887973,348.1530798938711,374.73002333310745,401.30696677234374,427.8839102115801,388.0184950527256,427.8839102115801,348.1530798938711,79.73083031770898,2.768324697437915,71.37613192359981,14.5,91.0,34.00000943620168,31.60001037982185,14.288235460638854,420.0,True,True,2400.0,8.0,840.0,0.28935199093924174,76.66668239366946,0.28935199093924174,0.17361119456354504,0.1157407963756967,True,False,False,True,python_mission_generator,csv_authoritative,validated_csv,explicit_input,calibrated_csv,python_generated_isa_plus_offset
850.0,high_altitude_42,HIGH_ALTITUDE,CRUISE,42,stage5_mission_generator,15782.792119885822,4810.5950381411985,-16.249928397373928,554.0092018529165,70.0,4600.0,12.347708436159078,25.633028262681048,5.421162117504165,0.3594668565755552,260.96217075890263,63.388149748536684,348.1530030338254,374.7299418632525,401.30688069267956,427.88381952210665,388.01841127796604,427.88381952210665,348.1530030338254,79.73081648828122,2.768323974327504,71.3761335073839,14.5,91.0,34.0,31.6,14.288235294117648,420.0,True,True,2400.0,8.0,850.0,0.28935194446403034,76.66666666666667,0.28935194446403034,0.1736111666784182,0.11574077778561215,True,False,False,True,python_mission_generator,csv_authoritative,validated_csv,explicit_input,calibrated_csv,python_generated_isa_plus_offset
860.0,high_altitude_42,HIGH_ALTITUDE,CRUISE,42,stage5_mission_generator,15782.792119885822,4810.5950381411985,-16.249928397373928,554.0092018529165,70.0,4600.0,12.347708436159078,25.633028262681048,5.421162117504165,0.3594668565755552,260.96217075890263,63.388149748536684,348.1530030338254,374.7299418632525,401.30688069267956,427.88381952210665,388.01841127796604,427.88381952210665,348.1530030338254,79.73081648828122,2.768323974327504,71.3761335073839,14.5,91.0,34.0,31.6,14.288235294117648,420.0,True,True,2400.0,8.0,860.0,0.28935194446403034,76.66666666666667,0.28935194446403034,0.1736111666784182,0.11574077778561215,True,False,False,True,python_mission_generator,csv_authoritative,validated_csv,explicit_input,calibrated_csv,python_generated_isa_plus_offset
870.0,high_altitude_42,HIGH_ALTITUDE,CRUISE,42,stage5_mission_generator,15782.792119885822,4810.5950381411985,-16.249928397373928,554.0092018529165,70.0,4600.0,12.347708436159078,25.633028262681048,5.421162117504165,0.3594668565755552,260.96217075890263,63.388149748536684,348.1530030338254,374.7299418632525,401.30688069267956,427.88381952210665,388.01841127796604,427.88381952210665,348.1530030338254,79.73081648828122,2.768323974327504,71.3761335073839,14.5,91.0,34.0,31.6,14.288235294117648,420.0,True,True,2400.0,8.0,870.0,0.28935194446403034,76.66666666666667,0.28935194446403034,0.1736111666784182,0.11574077778561215,True,False,False,True,python_mission_generator,csv_authoritative,validated_csv,explicit_input,calibrated_csv,python_generated_isa_plus_offset
880.0,high_altitude_42,HIGH_ALTITUDE,CRUISE,42,stage5_mission_generator,15782.792119885822,4810.5950381411985,-16.249928397373928,554.0092018529165,70.0,4600.0,12.347708436159078,25.633028262681048,5.421162117504165,0.3594668565755552,260.96217075890263,63.388149748536684,348.1530030338254,374.7299418632525,401.30688069267956,427.88381952210665,388.01841127796604,427.88381952210665,348.1530030338254,79.73081648828122,2.768323974327504,71.3761335073839,14.5,91.0,34.0,31.6,14.288235294117648,420.0,True,True,2400.0,8.0,880.0,0.28935194446403034,76.66666666666667,0.28935194446403034,0.1736111666784182,0.11574077778561215,True,False,False,True,python_mission_generator,csv_authoritative,validated_csv,explicit_input,calibrated_csv,python_generated_isa_plus_offset
890.0,high_altitude_42,HIGH_ALTITUDE,CRUISE,42,stage5_mission_generator,15782.792119885822,4810.5950381411985,-16.249928397373928,554.0092018529165,70.0,4600.0,12.347708436159078,25.633028262681048,5.421162117504165,0.3594668565755552,260.96217075890263,63.388149748536684,348.1530030338254,374.7299418632525,401.30688069267956,427.88381952210665,388.01841127796604,427.88381952210665,348.1530030338254,79.73081648828122,2.768323974327504,71.3761335073839,14.5,91.0,34.0,31.6,14.288235294117648,420.0,True,True,2400.0,8.0,890.0,0.28935194446403034,76.66666666666667,0.28935194446403034,0.1736111666784182,0.11574077778561215,True,False,False,True,python_mission_generator,csv_authoritative,validated_csv,explicit_input,calibrated_csv,python_generated_isa_plus_offset
900.0,high_altitude_42,HIGH_ALTITUDE,CRUISE,42,stage5_mission_generator,15782.792119885822,4810.5950381411985,-16.249928397373928,554.0092018529165,70.0,4600.0,12.347708436159078,25.633028262681048,5.421162117504165,0.3594668565755552,260.96217075890263,63.388149748536684,348.1530030338254,374.7299418632525,401.30688069267956,427.88381952210665,388.01841127796604,427.88381952210665,348.1530030338254,79.73081648828122,2.768323974327504,71.3761335073839,14.5,91.0,34.0,31.6,14.288235294117648,420.0,True,True,2400.0,8.0,900.0,0.28935194446403034,76.66666666666667,0.28935194446403034,0.1736111666784182,0.11574077778561215,True,False,False,True,python_mission_generator,csv_authoritative,validated_csv,explicit_input,calibrated_csv,python_generated_isa_plus_offset
910.0,high_altitude_42,HIGH_ALTITUDE,CRUISE,42,stage5_mission_generator,15782.792119885822,4810.5950381411985,-16.249928397373928,554.0092018529165,70.0,4600.0,12.347708436159078,25.633028262681048,5.421162117504165,0.3594668565755552,260.96217075890263,63.388149748536684,348.1530030338254,374.7299418632525,401.30688069267956,427.88381952210665,388.01841127796604,427.88381952210665,348.1530030338254,79.73081648828122,2.768323974327504,71.3761335073839,14.5,91.0,34.0,31.6,14.288235294117648,420.0,True,True,2400.0,8.0,910.0,0.28935194446403034,76.66666666666667,0.28935194446403034,0.1736111666784182,0.11574077778561215,True,False,False,True,python_mission_generator,csv_authoritative,validated_csv,explicit_input,calibrated_csv,python_generated_isa_plus_offset
920.0,high_altitude_42,HIGH_ALTITUDE,CRUISE,42,stage5_mission_generator,15782.792119885822,4810.5950381411985,-16.249928397373928,554.0092018529165,70.0,4600.0,12.347708436159078,25.633028262681048,5.421162117504165,0.3594668565755552,260.96217075890263,63.388149748536684,348.1530030338254,374.7299418632525,401.30688069267956,427.88381952210665,388.01841127796604,427.88381952210665,348.1530030338254,79.73081648828122,2.768323974327504,71.3761335073839,14.5,91.0,34.0,31.6,14.288235294117648,420.0,True,True,2400.0,8.0,920.0,0.28935194446403034,76.66666666666667,0.28935194446403034,0.1736111666784182,0.11574077778561215,True,False,False,True,python_mission_generator,csv_authoritative,validated_csv,explicit_input,calibrated_csv,python_generated_isa_plus_offset
930.0,high_altitude_42,HIGH_ALTITUDE,CRUISE,42,stage5_mission_generator,15782.792119885822,4810.5950381411985,-16.249928397373928,554.0092018529165,70.0,4600.0,12.347708436159078,25.633028262681048,5.421162117504165,0.3594668565755552,260.96217075890263,63.388149748536684,348.1530030338254,374.7299418632525,401.30688069267956,427.88381952210665,388.01841127796604,427.88381952210665,348.1530030338254,79.73081648828122,2.768323974327504,71.3761335073839,14.5,91.0,34.0,31.6,14.288235294117648,420.0,True,True,2400.0,8.0,930.0,0.28935194446403034,76.66666666666667,0.28935194446403034,0.1736111666784182,0.11574077778561215,True,False,False,True,python_mission_generator,csv_authoritative,validated_csv,explicit_input,calibrated_csv,python_generated_isa_plus_offset
940.0,high_altitude_42,HIGH_ALTITUDE,CRUISE,42,stage5_mission_generator,15782.792119885822,4810.5950381411985,-16.249928397373928,554.0092018529165,70.0,4600.0,12.347708436159078,25.633028262681048,5.421162117504165,0.3594668565755552,260.96217075890263,63.388149748536684,348.1530030338254,374.7299418632525,401.30688069267956,427.88381952210665,388.01841127796604,427.88381952210665,348.1530030338254,79.73081648828122,2.768323974327504,71.3761335073839,14.5,91.0,34.0,31.6,14.288235294117648,420.0,True,True,2400.0,8.0,940.0,0.28935194446403034,76.66666666666667,0.28935194446403034,0.1736111666784182,0.11574077778561215,True,False,False,True,python_mission_generator,csv_authoritative,validated_csv,explicit_input,calibrated_csv,python_generated_isa_plus_offset
950.0,high_altitude_42,HIGH_ALTITUDE,CRUISE,42,stage5_mission_generator,15782.792119885822,4810.5950381411985,-16.249928397373928,554.0092018529165,70.0,4600.0,12.347708436159078,25.633028262681048,5.421162117504165,0.3594668565755552,260.96217075890263,63.388149748536684,348.1530030338254,374.7299418632525,401.30688069267956,427.88381952210665,388.01841127796604,427.88381952210665,348.1530030338254,79.73081648828122,2.768323974327504,71.3761335073839,14.5,91.0,34.0,31.6,14.288235294117648,420.0,True,True,2400.0,8.0,950.0,0.28935194446403034,76.66666666666667,0.28935194446403034,0.1736111666784182,0.11574077778561215,True,False,False,True,python_mission_generator,csv_authoritative,validated_csv,explicit_input,calibrated_csv,python_generated_isa_plus_offset
960.0,high_altitude_42,HIGH_ALTITUDE,CRUISE,42,stage5_mission_generator,15782.792119885822,4810.5950381411985,-16.249928397373928,554.0092018529165,70.0,4600.0,12.347708436159078,25.633028262681048,5.421162117504165,0.3594668565755552,260.96217075890263,63.388149748536684,348.1530030338254,374.7299418632525,401.30688069267956,427.88381952210665,388.01841127796604,427.88381952210665,348.1530030338254,79.73081648828122,2.768323974327504,71.3761335073839,14.5,91.0,34.0,31.6,14.288235294117648,420.0,True,True,2400.0,8.0,960.0,0.28935194446403034,76.66666666666667,0.28935194446403034,0.1736111666784182,0.11574077778561215,True,False,False,True,python_mission_generator,csv_authoritative,validated_csv,explicit_input,calibrated_csv,python_generated_isa_plus_offset
970.0,high_altitude_42,HIGH_ALTITUDE,CRUISE,42,stage5_mission_generator,15782.792119885822,4810.5950381411985,-16.249928397373928,554.0092018529165,70.0,4600.0,12.347708436159078,25.633028262681048,5.421162117504165,0.3594668565755552,260.96217075890263,63.388149748536684,348.1530030338254,374.7299418632525,401.30688069267956,427.88381952210665,388.01841127796604,427.88381952210665,348.1530030338254,79.73081648828122,2.768323974327504,71.3761335073839,14.5,91.0,34.0,31.6,14.288235294117648,420.0,True,True,2400.0,8.0,970.0,0.28935194446403034,76.66666666666667,0.28935194446403034,0.1736111666784182,0.11574077778561215,True,False,False,True,python_mission_generator,csv_authoritative,validated_csv,explicit_input,calibrated_csv,python_generated_isa_plus_offset
980.0,high_altitude_42,HIGH_ALTITUDE,CRUISE,42,stage5_mission_generator,15782.792119885822,4810.5950381411985,-16.249928397373928,554.0092018529165,70.0,4600.0,12.347708436159078,25.633028262681048,5.421162117504165,0.3594668565755552,260.96217075890263,63.388149748536684,348.1530030338254,374.7299418632525,401.30688069267956,427.88381952210665,388.01841127796604,427.88381952210665,348.1530030338254,79.73081648828122,2.768323974327504,71.3761335073839,14.5,91.0,34.0,31.6,14.288235294117648,420.0,True,True,2400.0,8.0,980.0,0.28935194446403034,76.66666666666667,0.28935194446403034,0.1736111666784182,0.11574077778561215,True,False,False,True,python_mission_generator,csv_authoritative,validated_csv,explicit_input,calibrated_csv,python_generated_isa_plus_offset
990.0,high_altitude_42,HIGH_ALTITUDE,CRUISE,42,stage5_mission_generator,15782.792119885822,4810.5950381411985,-16.249928397373928,554.0092018529165,70.0,4600.0,12.347708436159078,25.633028262681048,5.421162117504165,0.3594668565755552,260.96217075890263,63.388149748536684,348.1530030338254,374.7299418632525,401.30688069267956,427.88381952210665,388.01841127796604,427.88381952210665,348.1530030338254,79.73081648828122,2.768323974327504,71.3761335073839,14.5,91.0,34.0,31.6,14.288235294117648,420.0,True,True,2400.0,8.0,990.0,0.28935194446403034,76.66666666666667,0.28935194446403034,0.1736111666784182,0.11574077778561215,True,False,False,True,python_mission_generator,csv_authoritative,validated_csv,explicit_input,calibrated_csv,python_generated_isa_plus_offset
1000.0,high_altitude_42,HIGH_ALTITUDE,CRUISE,42,stage5_mission_generator,15782.792119885822,4810.5950381411985,-16.249928397373928,554.0092018529165,70.0,4600.0,12.347708436159078,25.633028262681048,5.421162117504165,0.3594668565755552,260.96217075890263,63.388149748536684,348.1530030338254,374.7299418632525,401.30688069267956,427.88381952210665,388.01841127796604,427.88381952210665,348.1530030338254,79.73081648828122,2.768323974327504,71.3761335073839,14.5,91.0,34.0,31.6,14.288235294117648,420.0,True,True,2400.0,8.0,1000.0,0.28935194446403034,76.66666666666667,0.28935194446403034,0.1736111666784182,0.11574077778561215,True,False,False,True,python_mission_generator,csv_authoritative,validated_csv,explicit_input,calibrated_csv,python_generated_isa_plus_offset
1010.0,high_altitude_42,HIGH_ALTITUDE,CRUISE,42,stage5_mission_generator,15782.792119885822,4810.5950381411985,-16.249928397373928,554.0092018529165,70.0,4600.0,12.347708436159078,25.633028262681048,5.421162117504165,0.3594668565755552,260.96217075890263,63.388149748536684,348.1530030338254,374.7299418632525,401.30688069267956,427.88381952210665,388.01841127796604,427.88381952210665,348.1530030338254,79.73081648828122,2.768323974327504,71.3761335073839,14.5,91.0,34.0,31.6,14.288235294117648,420.0,True,True,2400.0,8.0,1010.0,0.28935194446403034,76.66666666666667,0.28935194446403034,0.1736111666784182,0.11574077778561215,True,False,False,True,python_mission_generator,csv_authoritative,validated_csv,explicit_input,calibrated_csv,python_generated_isa_plus_offset
1020.0,high_altitude_42,HIGH_ALTITUDE,CRUISE,42,stage5_mission_generator,15782.792119885822,4810.5950381411985,-16.249928397373928,554.0092018529165,70.0,4600.0,12.347708436159078,25.633028262681048,5.421162117504165,0.3594668565755552,260.96217075890263,63.388149748536684,348.1530030338254,374.7299418632525,401.30688069267956,427.88381952210665,388.01841127796604,427.88381952210665,348.1530030338254,79.73081648828122,2.768323974327504,71.3761335073839,14.5,91.0,34.0,31.6,14.288235294117648,420.0,True,True,2400.0,8.0,1020.0,0.28935194446403034,76.66666666666667,0.28935194446403034,0.1736111666784182,0.11574077778561215,True,False,False,True,python_mission_generator,csv_authoritative,validated_csv,explicit_input,calibrated_csv,python_generated_isa_plus_offset
1030.0,high_altitude_42,HIGH_ALTITUDE,CRUISE,42,stage5_mission_generator,15782.792119885822,4810.5950381411985,-16.249928397373928,554.0092018529165,70.0,4600.0,12.347708436159078,25.633028262681048,5.421162117504165,0.3594668565755552,260.96217075890263,63.388149748536684,348.1530030338254,374.7299418632525,401.30688069267956,427.88381952210665,388.01841127796604,427.88381952210665,348.1530030338254,79.73081648828122,2.768323974327504,71.3761335073839,14.5,91.0,34.0,31.6,14.288235294117648,420.0,True,True,2400.0,8.0,1030.0,0.28935194446403034,76.66666666666667,0.28935194446403034,0.1736111666784182,0.11574077778561215,True,False,False,True,python_mission_generator,csv_authoritative,validated_csv,explicit_input,calibrated_csv,python_generated_isa_plus_offset
1040.0,high_altitude_42,HIGH_ALTITUDE,CRUISE,42,stage5_mission_generator,15782.792119885822,4810.5950381411985,-16.249928397373928,554.0092018529165,70.0,4600.0,12.347708436159078,25.633028262681048,5.421162117504165,0.3594668565755552,260.96217075890263,63.388149748536684,348.1530030338254,374.7299418632525,401.30688069267956,427.88381952210665,388.01841127796604,427.88381952210665,348.1530030338254,79.73081648828122,2.768323974327504,71.3761335073839,14.5,91.0,34.0,31.6,14.288235294117648,420.0,True,True,2400.0,8.0,1040.0,0.28935194446403034,76.66666666666667,0.28935194446403034,0.1736111666784182,0.11574077778561215,True,False,False,True,python_mission_generator,csv_authoritative,validated_csv,explicit_input,calibrated_csv,python_generated_isa_plus_offset
1050.0,high_altitude_42,HIGH_ALTITUDE,DESCENT,42,stage5_mission_generator,15782.630626757275,4810.545815035617,-16.249608640979403,554.0128286065727,69.99985663833911,4599.983008988339,12.347771348266415,25.633253545568373,5.421168739260521,0.359469391089904,260.9624972912454,63.38813563820332,348.15294873683774,374.72990339249947,401.30685804816125,427.88381270382297,388.01838072033036,427.88381270382297,348.15294873683774,79.73086396698523,2.7683156428370657,71.37608642160501,14.5,91.0,33.99983008988339,31.599813098871728,14.288232295703825,420.0,True,True,2400.0,8.0,1050.0,0.2893511918517641,76.66638348313899,0.2893511918517641,0.17361071511105847,0.11574047674070564,True,False,False,True,python_mission_generator,csv_authoritative,validated_csv,explicit_input,calibrated_csv,python_generated_isa_plus_offset
1060.0,high_altitude_42,HIGH_ALTITUDE,DESCENT,42,stage5_mission_generator,15781.45631326842,4810.187884284214,-16.24728350027147,554.0392014878754,69.99881416963666,4599.859457142123,12.348228819967664,25.634891762741095,5.4212168900263205,0.3594878210653102,260.9648717039416,63.38803303349841,348.15255391084287,374.7296236485582,401.3066933862735,427.8837631239888,388.0181585174158,427.8837631239888,348.15255391084287,79.73120921314592,2.768255059568339,71.37574403263909,14.5,91.0,33.99859457142123,31.59845402856335,14.288210492436844,420.0,True,True,2400.0,8.0,1060.0,0.2893457191561513,76.66432428570205,0.2893457191561513,0.1736074314936908,0.11573828766246053,True,False,False,True,python_mission_generator,csv_authoritative,validated_csv,explicit_input,calibrated_csv,python_generated_isa_plus_offset
1070.0,high_altitude_42,HIGH_ALTITUDE,DESCENT,42,stage5_mission_generator,15778.28325074813,4809.220734828031,-16.241000836481298,554.1104676130184,69.99599735930474,4599.525612954635,12.349464934789735,25.639318759865365,5.421346996162142,0.35953761991780253,260.9712875034749,63.38775578969032,348.15148706831917,374.7288677643556,401.30624846039194,427.88362915642836,388.01755811237376,427.88362915642836,348.15148706831917,79.73214208810919,2.768091360095262,71.37481887798032,14.5,91.0,33.99525612954635,31.594781742500984,14.2881515787567,420.0,True,True,2400.0,8.0,1070.0,0.2893309316181566,76.65876021591059,0.2893309316181566,0.17359855897089396,0.11573237264726265,True,False,False,True,python_mission_generator,csv_authoritative,validated_csv,explicit_input,calibrated_csv,python_generated_isa_plus_offset
1080.0,high_altitude_42,HIGH_ALTITUDE,DESCENT,42,stage5_mission_generator,15772.191635780582,4807.364010585921,-16.22893943884555,554.2473044399386,69.99058967386868,4598.884702088139,12.35183801615942,25.64781946783173,5.4215967726727765,0.3596332232767878,260.98360449383244,63.38722353968885,348.1494389542829,374.72741662511913,401.3053942959554,427.88337196679163,388.01640546053727,427.88337196679163,348.1494389542829,79.73393301250871,2.7677770914182362,71.37304277494712,14.5,91.0,33.988847020881394,31.587731722969533,14.288038476839084,420.0,True,True,2400.0,8.0,1080.0,0.2893025426446633,76.64807836813566,0.2893025426446633,0.17358152558679799,0.11572101705786533,True,False,False,True,python_mission_generator,csv_authoritative,validated_csv,explicit_input,calibrated_csv,python_generated_isa_plus_offset
1090.0,high_altitude_42,HIGH_ALTITUDE,DESCENT,42,stage5_mission_generator,15762.326333808971,4804.357066544974,-16.209406140941763,554.4689681811145,69.98183198808611,4597.846754143538,12.355681194764738,25.661591295650123,5.422001282924318,0.35978805184210494,261.00355172127627,63.386361566793845,348.1461220566216,374.72506652143636,401.3040109862511,427.88295545106587,388.01453875384374,427.88295545106587,348.1461220566216,79.73683339444426,2.767268136828099,71.37016639604785,14.5,91.0,33.978467541435386,31.57631429557892,14.287855309554743,420.0,True,True,2400.0,8.0,1090.0,0.2892565670211763,76.63077923572564,0.2892565670211763,0.1735539402127058,0.11570262680847053,True,False,False,True,python_mission_generator,csv_authoritative,validated_csv,explicit_input,calibrated_csv,python_generated_isa_plus_offset
1100.0,high_altitude_42,HIGH_ALTITUDE,DESCENT,42,stage5_mission_generator,15747.895416710944,4799.958523013496,-16.18083292508767,554.7933461533399,69.96902128671452,4596.328448795795,12.361302978264707,25.681747864160975,5.422592998608449,0.36001453433568953,261.0327304313052,63.38510067691694,348.14127011439905,374.72162880087626,401.3019874873535,427.8823461738307,388.01180814411487,427.8823461738307,348.14127011439905,79.74107605943163,2.7665236404591016,71.36595884258854,14.5,91.0,33.96328448795796,31.55961293675375,14.287587373316905,420.0,True,True,2400.0,8.0,1100.0,0.28918931409643267,76.60547414659659,0.28918931409643267,0.1735135884578596,0.11567572563857308,True,False,False,True,python_mission_generator,csv_authoritative,validated_csv,explicit_input,calibrated_csv,python_generated_isa_plus_offset
1110.0,high_altitude_42,HIGH_ALTITUDE,DESCENT,42,stage5_mission_generator,15728.168700374019,4793.945819874001,-16.141774026740556,555.2370116138748,69.95150936627886,4594.2529619293455,12.368987820999113,25.70932296155618,5.42340185970672,0.3603241304532388,261.0726170256157,63.38337707080343,348.1346376261618,374.7169295196128,401.29922141306383,427.8815133065148,388.0080754663383,427.8815133065148,348.1346376261618,79.74687568035301,2.7655059318418784,71.36020721828078,14.5,91.0,33.94252961929345,31.536782581222802,14.287221110928709,420.0,True,True,2400.0,8.0,1110.0,0.2890973809670109,76.57088269882243,0.2890973809670109,0.17345842858020652,0.11563895238680436,True,False,False,True,python_mission_generator,csv_authoritative,validated_csv,explicit_input,calibrated_csv,python_generated_isa_plus_offset
1120.0,high_altitude_42,HIGH_ALTITUDE,DESCENT,42,stage5_mission_generator,15702.476282270998,4786.1147708362005,-16.090903038896577,555.815279928074,69.92870153683904,4591.549811773517,12.378996693698243,25.745274625161603,5.424455334454829,0.3607273538158751,261.12456601906354,63.381132216254045,348.12599935824403,374.7108090940466,401.2956188298493,427.88042856565187,388.00321396194795,427.88042856565187,348.12599935824403,79.75442920740784,2.7641804504564242,71.35271620284959,14.5,91.0,33.91549811773517,31.507047929508687,14.286744084430621,420.0,True,True,2400.0,8.0,1120.0,0.2889776456619413,76.52583019622529,0.2889776456619413,0.17338658739716475,0.11559105826477652,True,False,False,True,python_mission_generator,csv_authoritative,validated_csv,explicit_input,calibrated_csv,python_generated_isa_plus_offset
1130.0,high_altitude_42,HIGH_ALTITUDE,DESCENT,42,stage5_mission_generator,15670.207079035403,4776.279117689991,-16.0270100164901,556.5422650639108,69.90005532375763,4588.154705037941,12.391567653192702,25.790489267910772,5.425778479306903,0.36123379492181074,261.1898129966243,63.37831272034683,348.11514985307394,374.703121952428,401.2910940517821,427.87906615113616,387.99710800210505,427.87906615113616,348.11514985307394,79.76391629806221,2.7625156702850626,71.3433076256413,14.5,91.0,33.88154705037941,31.469701755417354,14.286144947947871,420.0,True,True,2400.0,8.0,1130.0,0.28882726032731554,76.46924508396569,0.28882726032731554,0.1732963561963893,0.11553090413092622,True,False,False,True,python_mission_generator,csv_authoritative,validated_csv,explicit_input,calibrated_csv,python_generated_isa_plus_offset
1140.0,high_altitude_42,HIGH_ALTITUDE,DESCENT,42,stage5_mission_generator,15630.807364036884,4764.270084558442,-15.948998580793027,557.4309355485395,69.8650791694673,4584.0093830479755,12.40691641212311,25.845785780714095,5.427393998899773,0.3618521440980117,261.2694775703555,63.37487020165885,348.101902937479,374.6937361864791,401.28556943547926,427.87740268447936,387.9896528109792,427.87740268447936,348.101902937479,79.77549974700037,2.7604830243654246,71.33182003923137,14.5,91.0,33.84009383047975,31.42410321352773,14.285413420537878,420.0,True,True,2400.0,8.0,1140.0,0.2886436444108967,76.40015638413293,0.2886436444108967,0.173186186646538,0.11545745776435867,True,False,False,True,python_mission_generator,csv_authoritative,validated_csv,explicit_input,calibrated_csv,python_generated_isa_plus_offset
1150.0,high_altitude_42,HIGH_ALTITUDE,DESCENT,42,stage5_mission_generator,15583.779304956654,4749.935932150788,-15.855883023814172,558.4931691510579,69.82333113523843,4579.061467880111,12.425236908649909,25.911919553440725,5.429322306017264,0.36259021445186296,261.3645663363573,63.37076116248818,348.0860912309919,374.6825332030165,401.278975175041,427.8754171470656,387.98075418902874,427.8754171470656,348.0860912309919,79.78932591607372,2.758056829343417,71.31810829303231,14.5,91.0,33.79061467880111,31.369676146681222,14.284540259037668,420.0,True,True,2400.0,8.0,1150.0,0.2884244778467288,76.31769113133518,0.2884244778467288,0.17305468670803728,0.11536979113869153,True,False,False,True,python_mission_generator,csv_authoritative,validated_csv,explicit_input,calibrated_csv,python_generated_isa_plus_offset
1160.0,high_altitude_42,HIGH_ALTITUDE,DESCENT,42,stage5_mission_generator,15528.6795013629,4733.141512015412,-15.746785412698543,559.7398056739896,69.77441760294677,4573.264308497395,12.44670187616313,25.989586367467982,5.431581581554469,0.36345496482283196,261.4759758317341,63.36594686107554,348.0675656541563,374.66940737557377,401.27124909699114,427.8730908184086,387.97032823628246,427.8730908184086,348.0675656541563,79.80552516425234,2.7552142100261983,71.30204310690148,14.5,91.0,33.73264308497395,31.305907393471347,14.283517230911306,420.0,True,True,2400.0,8.0,1160.0,0.2881676942397472,76.22107180828992,0.2881676942397472,0.1729006165438483,0.11526707769589889,True,False,False,True,python_mission_generator,csv_authoritative,validated_csv,explicit_input,calibrated_csv,python_generated_isa_plus_offset
1170.0,high_altitude_42,HIGH_ALTITUDE,DESCENT,42,stage5_mission_generator,15465.117522286211,4713.7678207928375,-15.6209326941267,561.1806973439492,69.71799197684086,4566.576826884843,12.471463412992126,26.079426121751354,5.434187834482032,0.3644525227341331,261.60449549155516,63.36039318382626,348.0461949368324,374.6542656960239,401.2623364552154,427.8704072144069,387.95830107561966,427.8704072144069,348.0461949368324,79.82421227757447,2.7519350239351508,71.283510644749,14.5,91.0,33.66576826884843,31.232345095733276,14.282337087097325,420.0,True,True,2400.0,8.0,1170.0,0.2878714740503879,76.10961378141405,0.2878714740503879,0.17272288443023273,0.11514858962015516,True,False,False,True,python_mission_generator,csv_authoritative,validated_csv,explicit_input,calibrated_csv,python_generated_isa_plus_offset
1180.0,high_altitude_42,HIGH_ALTITUDE,DESCENT,42,stage5_mission_generator,15392.754443795002,4691.711554468717,-15.477653798714105,562.8247563899141,69.65375338530974,4558.963364184859,12.49965355211535,26.182026362184114,5.437154961810423,0.3655882073443922,261.75081060581675,63.354070517531994,348.0218651265027,374.63702742620177,401.2521897259009,427.8673520256,387.94460857605134,427.8673520256,348.0218651265027,79.8454868990973,2.7482017858588565,71.26241208814555,14.5,91.0,33.589633641848586,31.148597006033445,14.280993534856151,420.0,True,True,2400.0,8.0,1180.0,0.2875342377791978,75.98272273641432,0.2875342377791978,0.17252054266751868,0.11501369511167912,True,False,False,True,python_mission_generator,csv_authoritative,validated_csv,explicit_input,calibrated_csv,python_generated_isa_plus_offset
1190.0,high_altitude_42,HIGH_ALTITUDE,DESCENT,42,stage5_mission_generator,15311.301386570924,4666.884662626818,-15.316376745410427,564.6799994860014,69.58144538265043,4550.393526832643,12.531384830870138,26.297925590730515,5.440494808554229,0.366866552399311,261.91550527640265,63.34695362159261,347.9944790965774,374.6176237495265,401.2407684024756,427.86391305542475,387.92919607600106,427.86391305542475,347.9944790965774,79.86943395884737,2.743999592406066,71.23866320993034,14.5,91.0,33.50393526832643,31.054328795159076,14.279481210617526,420.0,True,True,2400.0,8.0,1190.0,0.28715463915144424,75.83989211387738,0.28715463915144424,0.17229278349086655,0.1148618556605777,True,False,False,True,python_mission_generator,csv_authoritative,validated_csv,explicit_input,calibrated_csv,python_generated_isa_plus_offset
1200.0,high_altitude_42,HIGH_ALTITUDE,DESCENT,42,stage5_mission_generator,15220.518053484302,4639.213902702016,-15.136625745898918,566.7535888152621,69.50085465083554,4540.842032691618,12.56675086066243,26.427616336521687,5.4442172276964245,0.3682913291833312,262.0990653740459,63.33902150023797,347.9639560547007,374.59599742262424,401.22803879054766,427.8600801584712,387.91201810658595,427.8600801584712,347.9639560547007,79.89612410377049,2.7393160465586757,71.21219394781888,14.5,91.0,33.408420326916186,30.949262359607804,14.277795652827933,420.0,True,True,2400.0,8.0,1200.0,0.2867315583017252,75.6807005448603,0.2867315583017252,0.17203893498103512,0.11469262332069008,True,False,False,True,python_mission_generator,csv_authoritative,validated_csv,explicit_input,calibrated_csv,python_generated_isa_plus_offset
1210.0,high_altitude_42,HIGH_ALTITUDE,DESCENT,42,stage5_mission_generator,15120.211267169545,4608.640394233277,-14.938018308995698,569.0518695824098,69.41180970128082,4530.288557188837,12.607055327319793,26.574137358098373,5.448123602250646,0.3697767581734347,262.3039468743099,63.33005627932565,347.9339951632628,374.5758518366008,401.2177085099388,427.8595651832768,387.8967801732698,427.8595651832768,347.9339951632628,79.92557002001399,2.734125282783763,71.1831322426073,14.5,91.0,33.302885571888375,30.83317412907721,14.27593327479803,420.0,True,True,2400.0,8.0,1210.0,0.28626432894536813,75.50480928648062,0.28626432894536813,0.17175859736722088,0.11450573157814725,True,False,False,True,python_mission_generator,csv_authoritative,validated_csv,explicit_input,calibrated_csv,python_generated_isa_plus_offset
1220.0,high_altitude_42,HIGH_ALTITUDE,DESCENT,42,stage5_mission_generator,15010.233507600575,4575.1191731166555,-14.720262345049136,571.5804038672544,69.31417957661279,4518.717579450405,12.656837843759472,26.74738933773184,5.4545977741247675,0.3714344635289604,262.5270169784012,63.321548360534706,347.91278654231724,374.5664562525961,401.220125962875,427.87379567315384,387.89329110773554,427.87379567315384,347.91278654231724,79.9610091308366,2.7284735114805962,71.15210740422413,14.5,91.0,33.18717579450404,30.705893373954453,14.273891337550072,420.0,True,True,2400.0,8.0,1220.0,0.2857531173312224,75.31195965750675,0.2857531173312224,0.1714518703987334,0.11430124693248896,True,False,False,True,python_mission_generator,csv_authoritative,validated_csv,explicit_input,calibrated_csv,python_generated_isa_plus_offset
1230.0,high_altitude_42,HIGH_ALTITUDE,DESCENT,42,stage5_mission_generator,14890.481449666242,4538.618745858271,-14.483153270339159,574.3440007676282,69.20787255243623,4506.118228436887,12.709721745516568,26.934247242197223,5.462427247079866,0.37353017545665285,262.7656230839735,63.31350736030107,347.88445809596,374.5515098571154,401.2185616182707,427.8856133794261,387.88503573769304,427.8856133794261,347.88445809596,80.00115528346612,2.7223868910320537,71.11812676921066,14.5,91.0,33.06118228436887,30.567300512805758,14.271667922665333,420.0,True,True,2400.0,8.0,1230.0,0.2851962196597583,75.10197047394811,0.2851962196597583,0.17111773179585496,0.11407848786390332,True,False,False,True,python_mission_generator,csv_authoritative,validated_csv,explicit_input,calibrated_csv,python_generated_isa_plus_offset
1240.0,high_altitude_42,HIGH_ALTITUDE,DESCENT,42,stage5_mission_generator,14760.894500745753,4499.120643827306,-14.226571111476591,577.3467428314386,69.09283483910181,4492.4841290787335,12.65767735833593,26.90536275823831,5.448772547800548,0.37401591129247813,263.00945131839353,63.272713108473305,347.60767603022964,374.26553077806153,400.9233855258935,427.58124027372537,387.5944581519775,427.58124027372537,347.60767603022964,79.97356424349573,2.7147160910703327,71.06496467901141,14.5,91.0,32.924841290787334,30.417325419866067,14.269261905131541,420.0,True,True,2400.0,8.0,1240.0,0.28457277197203557,74.87473548464556,0.28457277197203557,0.17074366318322134,0.11382910878881423,True,False,False,True,python_mission_generator,csv_authoritative,validated_csv,explicit_input,calibrated_csv,python_generated_isa_plus_offset
1250.0,high_altitude_42,HIGH_ALTITUDE,DESCENT,42,stage5_mission_generator,14621.45333828409,4456.618977508991,-13.950477609802498,580.5920088228056,68.96904928347364,4477.81324841169,12.634789830567685,26.944704634683013,5.441525912022942,0.37558996632634967,263.2691631734133,63.24118149086283,347.38061881922175,374.03707232148656,400.69352582375143,427.34997932601624,387.365299072619,427.34997932601624,347.38061881922175,79.96936050679449,2.706922528581174,71.01272714298457,14.5,91.0,32.7781324841169,30.255945732528595,14.266672926190298,420.0,True,True,2400.0,8.0,1250.0,0.28390822281291994,74.6302208068615,0.28390822281291994,0.17034493368775197,0.11356328912516798,True,False,False,True,python_mission_generator,csv_authoritative,validated_csv,explicit_input,calibrated_csv,python_generated_isa_plus_offset
1260.0,high_altitude_42,HIGH_ALTITUDE,DESCENT,42,stage5_mission_generator,14472.178447367432,4411.119990757594,-13.654913325787518,584.0824929076991,68.83653407069683,4462.107741712216,12.610288218915573,26.98710770821204,5.433768225941459,0.37727502753302583,263.5471905373813,63.207426187219816,347.13754898383985,373.79250242130684,400.4474558587739,427.10240929624086,387.11997914004036,427.10240929624086,347.13754898383985,79.96486031240102,2.698579345191971,70.95680568941594,14.5,91.0,32.62107741712216,30.083185158834375,14.263901366184509,420.0,True,True,2400.0,8.0,1260.0,0.2831968080377955,74.36846236187027,0.2831968080377955,0.1699180848226773,0.11327872321511821,True,False,False,True,python_mission_generator,csv_authoritative,validated_csv,explicit_input,calibrated_csv,python_generated_isa_plus_offset
1270.0,high_altitude_42,HIGH_ALTITUDE,DESCENT,42,stage5_mission_generator,14313.128658298581,4362.641615049408,-13.339994743431191,587.8202203805699,68.69534142596507,4445.373798632897,12.593219931258787,27.052031513564906,5.42637496065185,0.379415423326259,263.84498391757813,63.17513473139481,346.8988313682547,373.5546548362509,400.21047830424715,426.86630177224333,386.882566570249,426.86630177224333,346.8988313682547,79.96747040398861,2.6898305036307266,70.89857802009331,14.5,91.0,32.45373798632897,29.899111784961867,14.260948317405806,420.0,True,True,2400.0,8.0,1270.0,0.2824405294968154,74.08956331054829,0.2824405294968154,0.16946431769808926,0.11297621179872618,True,False,False,True,python_mission_generator,csv_authoritative,validated_csv,explicit_input,calibrated_csv,python_generated_isa_plus_offset
1280.0,high_altitude_42,HIGH_ALTITUDE,DESCENT,42,stage5_mission_generator,14144.399684172375,4311.21302373574,-13.005911374661299,591.8065600858629,68.54555631628824,4427.621489337866,12.61978760826968,27.217795154296233,5.42880783211759,0.3824467607893003,264.16389908336566,63.15416466147326,346.7448768778416,373.4113867220125,400.0778965661833,426.7444064103542,386.7446416440979,426.7444064103542,346.7448768778416,79.99952953251261,2.681000829451288,70.84350803070079,14.5,91.0,32.27621489337866,29.70383638271652,14.257815556941976,420.0,True,True,2400.0,8.0,1280.0,0.2816467360884458,73.79369148896443,0.2816467360884458,0.1689880416530675,0.11265869443537833,True,False,False,True,python_mission_generator,csv_authoritative,validated_csv,explicit_input,calibrated_csv,python_generated_isa_plus_offset
1290.0,high_altitude_42,HIGH_ALTITUDE,DESCENT,42,stage5_mission_generator,13966.122658451119,4256.874186295901,-12.652922863733213,596.042233717276,68.38729515225992,4408.864610638213,12.647858699570701,27.394389385975508,5.4313783751504054,0.38564963587146717,264.5008610515661,63.132007935195844,346.58221039575443,373.2600113377941,399.93781227983374,426.6156132218734,386.5989118088139,426.6156132218734,346.58221039575443,80.03340282611896,2.671671500810786,70.7853217353935,14.5,91.0,32.08864610638213,29.497510717020344,14.254505519524391,420.0,True,True,2400.0,8.0,1290.0,0.28080802342149497,73.48107684397021,0.28080802342149497,0.16848481405289698,0.11232320936859799,True,False,False,True,python_mission_generator,csv_authoritative,validated_csv,explicit_input,calibrated_csv,python_generated_isa_plus_offset
1300.0,high_altitude_42,HIGH_ALTITUDE,DESCENT,42,stage5_mission_generator,13778.462672540001,4199.675422590192,-12.281356091629203,600.5273222038161,68.22070448982501,4389.120532127408,12.677407210248107,27.581908607852995,5.434084209328257,0.3890210825868409,264.85555778239416,63.1086850705461,346.4109825574327,373.1006688630429,399.7903551686531,426.4800414742633,386.445512015848,426.4800414742633,346.4109825574327,80.06905891683061,2.6618511570275434,70.72407301692621,14.48442598023056,90.7663897034584,31.891205321274082,29.280325853401493,14.251021270375425,417.2745465403481,True,True,2400.0,8.0,1300.0,0.27992516817625684,73.15200886879013,0.27992516817625684,0.1679551009057541,0.11197006727050274,True,False,False,True,python_mission_generator,csv_authoritative,validated_csv,explicit_input,calibrated_csv,python_generated_isa_plus_offset
1310.0,high_altitude_42,HIGH_ALTITUDE,DESCENT,42,stage5_mission_generator,13581.617313362523,4139.676957112897,-11.891602280457796,605.2612694152829,68.04595973204725,4368.410042316711,12.708402028718393,27.78042787297892,5.4369224856823095,0.39255755114412716,265.227615816183,63.08422062413396,346.2313736484158,372.9335270692165,399.63568049001725,426.33783391081795,386.2846037796169,426.33783391081795,346.2313736484158,80.10646026240215,2.6515501379271034,70.65982636398465,14.465267221196012,90.47900831794018,31.68410042316711,29.05251046548382,14.24736647805589,413.92176370930207,True,True,2400.0,8.0,1310.0,0.27899909990972216,72.80683403861185,0.27899909990972216,0.1673994599458333,0.11159963996388887,True,False,False,True,python_mission_generator,csv_authoritative,validated_csv,explicit_input,calibrated_csv,python_generated_isa_plus_offset
1320.0,high_altitude_42,HIGH_ALTITUDE,DESCENT,42,stage5_mission_generator,13375.815200935907,4076.9484732452647,-11.484114097853094,610.2428834412665,67.86326383087685,4346.75719477059,12.74080715699837,27.99000285255972,5.439889907783371,0.396254934220167,265.6166030375174,63.058643009441866,346.0435922699734,372.7587800780352,399.47396788609706,426.1891556941589,386.11637398206614,426.1891556941589,346.0435922699734,80.14556342418553,2.6407804073127985,70.59265639387732,14.445246885404707,90.17870328107061,31.4675719477059,28.814329142476492,14.243545387312457,410.41820494582396,True,True,2400.0,8.0,1320.0,0.2780308941755334,72.4459532461765,0.2780308941755334,0.16681853650532003,0.11121235767021337,True,False,False,True,python_mission_generator,csv_authoritative,validated_csv,explicit_input,calibrated_csv,python_generated_isa_plus_offset
1330.0,high_altitude_42,HIGH_ALTITUDE,DESCENT,42,stage5_mission_generator,13161.314525946531,4011.568667508503,-11.059402761374134,615.4703357171337,67.67284598891803,4324.189154242137,12.774581940975146,28.210669644422392,5.44298275282831,0.400108593233447,266.0220314393674,63.03198431507094,345.84787400473607,372.57664711973484,399.30542023473356,426.03419334973233,385.9410336772342,426.03419334973233,345.84787400473607,80.18631934499626,2.6295554764363196,70.52264737522756,14.424391427424794,89.86587141137193,31.24189154242137,28.56608069666351,14.239562791925083,406.76849979933905,True,True,2400.0,8.0,1330.0,0.27702176564393904,72.06981923736895,0.27702176564393904,0.1662130593863634,0.11080870625757562,True,False,False,True,python_mission_generator,csv_authoritative,validated_csv,explicit_input,calibrated_csv,python_generated_isa_plus_offset
1340.0,high_altitude_42,HIGH_ALTITUDE,DESCENT,42,stage5_mission_generator,12938.401587325347,3943.624803816766,-10.618035142904187,620.9411582881713,67.4749603611966,4300.736042808486,12.815598386095223,28.45558264713618,5.444142814911801,0.4049863676888453,266.42281910907457,63.01002561234272,345.6472124201033,372.3933896305338,399.1395668409643,425.8857440513948,385.76647823574905,425.8857440513948,345.6472124201033,80.2385316312915,2.61814942533883,70.45078031347816,14.40273003491384,89.54095052370761,31.00736042808486,28.308096470893343,14.235424007554439,402.97775610992215,True,True,2400.0,8.0,1340.0,0.2759741882856381,71.6789340468081,0.2759741882856381,0.16558451297138285,0.11038967531425524,True,False,False,True,python_mission_generator,csv_authoritative,validated_csv,explicit_input,calibrated_csv,python_generated_isa_plus_offset
1350.0,high_altitude_42,HIGH_ALTITUDE,DESCENT,42,stage5_mission_generator,12707.389329823298,3873.2122677301413,-10.160630873050131,626.6522395190694,67.2698847569275,4276.430786006223,12.85919056825432,28.714652646250624,5.4449682213318304,0.41020151348303857,266.8344009446758,62.98832302955705,345.43976122442876,372.2045776833311,398.96939414223345,425.73421060113577,385.58698591278227,425.73421060113577,345.43976122442876,80.294449376707,2.6063764763572728,70.37646485067631,14.380294473223357,89.20441709835035,30.764307860062228,28.040738646068448,14.231134844589334,399.05153281408747,True,True,2400.0,8.0,1350.0,0.27488875500232846,71.27384643343704,0.27488875500232846,0.16493325300139708,0.10995550200093139,True,False,False,True,python_mission_generator,csv_authoritative,validated_csv,explicit_input,calibrated_csv,python_generated_isa_plus_offset
1360.0,high_altitude_42,HIGH_ALTITUDE,DESCENT,42,stage5_mission_generator,12468.615881586747,3800.434120707641,-9.687859445541761,632.5998185703756,67.05791934128244,4251.308958966808,12.90424729278849,28.98553970107066,5.445821358473726,0.4155918696390314,267.2598104670133,62.965891317130165,345.22534040595104,372.0094223258219,398.7935042456928,425.5775861655637,385.40146328575736,425.5775861655637,345.22534040595104,80.35224575961263,2.5942079981360924,70.29965265247364,14.357118929869802,88.85678394804704,30.51308958966808,27.764398548634887,14.226701580994142,394.9958127272154,True,True,2400.0,8.0,1360.0,0.27376685501879944,70.85514931611347,0.27376685501879944,0.16426011301127966,0.10950674200751978,True,False,False,True,python_mission_generator,csv_authoritative,validated_csv,explicit_input,calibrated_csv,python_generated_isa_plus_offset
1370.0,high_altitude_42,HIGH_ALTITUDE,DESCENT,42,stage5_mission_generator,12222.443091732897,3725.400654360187,-9.200437321631135,638.7794789765302,66.8393853371574,4225.408632551988,12.950700278504307,29.268193612517113,5.4467009334511705,0.42114926734395514,267.69840298941324,62.94276446919079,345.00427490860494,371.8082193061067,398.6121637036084,425.4161081011102,385.21019150485756,425.4161081011102,345.00427490860494,80.41183319250524,2.581662431390261,70.22046012388216,14.333239859003791,88.49859788505688,30.254086325519882,27.47949495807187,14.222130935156233,390.8169753256637,True,True,2400.0,8.0,1370.0,0.27261018851788793,70.4234772091998,0.27261018851788793,0.16356611311073274,0.10904407540715517,True,False,False,True,python_mission_generator,csv_authoritative,validated_csv,explicit_input,calibrated_csv,python_generated_isa_plus_offset
1380.0,high_altitude_42,HIGH_ALTITUDE,DESCENT,42,stage5_mission_generator,11969.255067925209,3648.2289447036037,-8.699125034491914,645.1861416714875,66.61462372694025,4198.7702194892145,13.035084808910549,29.64579730508661,5.452884704828298,0.42682450966003554,268.14492022857587,62.926439604758755,344.8559637338063,371.6866238835202,398.51728403323415,425.3479441829481,385.1019539583772,425.3479441829481,344.8559637338063,80.4919804491418,2.5689580801845566,70.1445019951104,14.308695826008126,88.1304373901219,29.987702194892144,27.18647241438136,14.21743003873339,386.5217695514222,True,True,2400.0,8.0,1380.0,0.27142753317395,69.97950365815358,0.27142753317395,0.16285651990437,0.10857101326958002,True,False,False,True,python_mission_generator,csv_authoritative,validated_csv,explicit_input,calibrated_csv,python_generated_isa_plus_offset
1390.0,high_altitude_42,HIGH_ALTITUDE,DESCENT,42,stage5_mission_generator,11709.456713948824,3569.042406411602,-8.184724293618672,651.8140578177739,66.3839939542783,4171.436320507057,13.135648053078112,30.07026584227503,5.459028769436904,0.4333684572515923,268.60564610407346,62.916335623656494,344.7349444345828,371.59731746276645,398.45969049095015,425.3220635191338,385.0285039768583,425.3220635191338,344.7349444345828,80.58711908455098,2.5561878435226877,70.06865705784381,14.283527352353087,87.75291028529631,29.71436320507057,26.885799525577625,14.212606409501246,382.1172866617901,True,True,2400.0,8.0,1390.0,0.2702166626234039,69.5239386751176,0.2702166626234039,0.1621299975740423,0.10808666504936155,True,False,False,True,python_mission_generator,csv_authoritative,validated_csv,explicit_input,calibrated_csv,python_generated_isa_plus_offset
1400.0,high_altitude_42,HIGH_ALTITUDE,DESCENT,42,stage5_mission_generator,11443.472267285997,3487.9703470687723,-7.658075089226276,658.6568018030245,66.14787262584585,4143.45157047062,13.250943495017875,30.539077703625033,5.4575636073522595,0.43839284140289125,269.07251495811664,62.89992895750376,344.63835210436423,371.5310237603727,398.4236954163812,425.31636707238965,384.97735958837694,425.31636707238965,344.63835210436423,80.67801496802542,2.5427516773642975,69.99285681780277,14.257776760834203,87.36665141251305,29.4345157047062,26.57796727517682,14.207667924200697,377.61093314598554,True,True,2400.0,8.0,1400.0,0.2689793099083242,69.05752617451033,0.2689793099083242,0.1613875859449945,0.10759172396332968,True,False,False,True,python_mission_generator,csv_authoritative,validated_csv,explicit_input,calibrated_csv,python_generated_isa_plus_offset
1410.0,high_altitude_42,HIGH_ALTITUDE,DESCENT,42,stage5_mission_generator,11171.743836691498,3405.147521423569,-7.120052796649166,665.7072647744027,65.90665221311184,4114.86248451696,13.368728763615582,31.024598371247745,5.456066804818045,0.4435257280707613,269.54946593248474,62.88316798632329,344.5396738446875,371.46329843306216,398.3869230214368,425.31054760981147,384.9251107272495,425.31054760981147,344.5396738446875,80.77087376512395,2.5290253546817745,69.91541965738435,14.231488021313524,86.97232031970287,29.148624845169596,26.26348732968656,14.202622791385346,373.0104037298666,True,True,2400.0,8.0,1410.0,0.26771523632966615,68.581041408616,0.26771523632966615,0.1606291417977997,0.10708609453186646,True,False,False,True,python_mission_generator,csv_authoritative,validated_csv,explicit_input,calibrated_csv,python_generated_isa_plus_offset
1420.0,high_altitude_42,HIGH_ALTITUDE,DESCENT,42,stage5_mission_generator,10894.729939768054,3320.713685641303,-6.571565280740749,672.9576490857831,65.66073975410734,4085.717304190499,13.48880510668738,31.526557262255476,5.454540887555651,0.44875845596464503,270.035694214752,62.86608099276593,344.4390761663552,371.394255761312,398.3494353562688,425.30461495122563,384.8718455587904,425.30461495122563,344.4390761663552,80.86553878487041,2.51503203742603,69.83647624492193,14.204706597080254,86.57059895620381,28.85717304190499,25.94289034609549,14.197479524268912,368.3236544890443,True,True,2400.0,8.0,1420.0,0.26642657489937005,68.09528840317498,0.26642657489937005,0.15985594493962202,0.10657062995974803,True,False,False,True,python_mission_generator,csv_authoritative,validated_csv,explicit_input,calibrated_csv,python_generated_isa_plus_offset
1430.0,high_altitude_42,HIGH_ALTITUDE,DESCENT,42,stage5_mission_generator,10612.904040541756,3234.8131515571276,-6.01355000027268,680.3994640349468,65.41055555519313,4056.065843578444,13.610967293270265,32.04463845303229,5.452988463618095,0.4540820814595343,270.5303687578025,62.84869718141977,344.3367310079681,371.32401375083145,398.31129649369484,425.29857923655817,384.81765512226315,425.29857923655817,344.3367310079681,80.96184822859004,2.500795642564407,69.75616150818016,14.177479291940742,86.16218937911114,28.56065843578444,25.616724279362884,14.192246913572667,363.5588760896299,True,True,2400.0,8.0,1430.0,0.26511552815974815,67.60109739297407,0.26511552815974815,0.15906931689584888,0.10604621126389926,True,False,False,True,python_mission_generator,csv_authoritative,validated_csv,explicit_input,calibrated_csv,python_generated_isa_plus_offset
1440.0,high_altitude_42,HIGH_ALTITUDE,DESCENT,42,stage5_mission_generator,10326.753087037494,3147.5943409290285,-5.446971112334236,688.0235232680699,65.1565318928273,4025.9593354461995,13.73500424753466,32.57847837861052,5.451412215334333,0.4594874062208293,271.0326348467488,62.83104658860379,344.2328152048448,371.25269376806807,398.27257233129126,425.2924508945145,384.76263304967966,425.2924508945145,344.2328152048448,81.05963568966968,2.4863407682065133,69.67461421759332,14.149854098141017,85.74781147211525,28.259593354461995,25.285552689908194,14.186934000372858,358.72446717467795,True,True,2400.0,8.0,1440.0,0.2637843613803237,67.09932225743665,0.2637843613803237,0.1582706168281942,0.10551374455212947,True,False,False,True,python_mission_generator,csv_authoritative,validated_csv,explicit_input,calibrated_csv,python_generated_isa_plus_offset
1450.0,high_altitude_42,HIGH_ALTITUDE,DESCENT,42,stage5_mission_generator,10036.776048854368,3059.2093396908117,-4.872816576731648,695.8199442264445,64.89911171533288,3995.4502773727854,13.854633747488126,33.113165614321424,5.4485706603439885,0.46506377226547135,271.5334271651222,62.812398801721066,344.1102655270843,371.16237149701897,398.21447746695355,425.2665834368882,384.68842448198626,425.2665834368882,344.1102655270843,81.15631790980387,2.4716834456137953,69.59106667922224,14.120773951746571,85.31160927619857,27.945403328473425,24.936303883218997,14.18155004894814,353.63544155565006,True,True,2400.0,8.0,1450.0,0.26243424033843976,66.5908379562131,0.26243424033843976,0.15746054420306385,0.10497369613537591,True,False,False,True,python_mission_generator,csv_authoritative,validated_csv,explicit_input,calibrated_csv,python_generated_isa_plus_offset
1460.0,high_altitude_42,HIGH_ALTITUDE,DESCENT,42,stage5_mission_generator,9743.482454741112,2969.813452205091,-4.292095260387402,703.7781500052532,64.63874734466525,3964.592277886251,14.10947818146624,33.98472841033002,5.469927380032583,0.4742025292804918,271.9926859656314,62.83963915797783,344.2569071424932,371.37400784875274,398.49110855501226,425.6082092612718,384.9325582018825,425.6082092612718,344.2569071424932,81.35130211877856,2.45852618871175,69.52664058637932,14.085002302959227,84.7750345443884,27.57510733463501,24.504291890407515,14.176104519626985,347.37540301786487,True,True,2400.0,8.0,1460.0,0.26109417215849395,66.07653796477085,0.26109417215849395,0.15665650329509637,0.10443766886339759,True,False,False,True,python_mission_generator,csv_authoritative,validated_csv,explicit_input,calibrated_csv,python_generated_isa_plus_offset
1470.0,high_altitude_42,HIGH_ALTITUDE,DESCENT,42,stage5_mission_generator,9447.390930171521,2879.56475551628,-3.7058340417396103,711.8868739863044,64.37589917817985,3933.4399025990924,14.366753752768071,34.87847684302287,5.491487836242069,0.4834284672196736,272.4563259534938,62.867139378834224,344.404947673699,371.5876631460281,398.77037861835714,425.95309409068625,385.1790208821926,425.95309409068625,344.404947673699,81.54814641698727,2.445243415635649,69.46159988847525,14.048916675725607,84.23375013588412,27.201278831189107,24.068158636387295,14.170607041635135,341.0604182519813,True,True,2400.0,8.0,1470.0,0.2597413201412959,65.55733170998488,0.2597413201412959,0.15584479208477756,0.10389652805651838,True,False,False,True,python_mission_generator,csv_authoritative,validated_csv,explicit_input,calibrated_csv,python_generated_isa_plus_offset
1480.0,high_altitude_42,HIGH_ALTITUDE,DESCENT,42,stage5_mission_generator,9149.02773491987,2788.6236536035763,-3.115074915141342,720.1341675956666,64.11103439039971,3902.048520343669,14.386626856478406,35.20770333873999,5.484691125157841,0.4893821808843136,272.93811077972634,62.82744131313849,344.0349544261976,371.23336508965855,398.43177575311944,425.6301864165804,384.832570421389,425.6301864165804,344.0349544261976,81.59523199038279,2.429628158223833,69.36015373569371,14.012581910343934,83.68872865515903,26.82458224412403,23.62867928481137,14.165067385943,334.70183431018853,True,True,2400.0,8.0,1480.0,0.2583324932928896,65.03414200572782,0.2583324932928896,0.15499949597573376,0.10333299731715584,True,False,False,True,python_mission_generator,csv_authoritative,validated_csv,explicit_input,calibrated_csv,python_generated_isa_plus_offset
1490.0,high_altitude_42,HIGH_ALTITUDE,DESCENT,42,stage5_mission_generator,8848.925300636336,2697.1524316339555,-2.5208720952599464,728.5074115229081,63.84462563478302,3870.474149307617,14.474654728028508,35.71210286873486,5.487352574970565,0.495546602156822,273.41315510517836,62.80267600741716,343.80893787405324,371.03546923016586,398.2620005862784,425.48853194239103,384.64873490822214,425.48853194239103,343.80893787405324,81.67959406833779,2.414356088955767,69.268322064427,13.976063407227866,83.140951108418,26.445689791691407,23.18663809030664,14.15949543811311,328.31109626487654,True,True,2400.0,8.0,1490.0,0.25692841380989584,64.50790248846029,0.25692841380989584,0.1541570482859375,0.10277136552395834,True,False,False,True,python_mission_generator,csv_authoritative,validated_csv,explicit_input,calibrated_csv,python_generated_isa_plus_offset
1500.0,high_altitude_42,HIGH_ALTITUDE,DESCENT,42,stage5_mission_generator,8547.620768422415,2605.314810215152,-1.9242891214763844,736.9933307211417,63.5771497454907,3838.7733031692687,14.526427171311564,36.135804443621396,5.481941469431869,0.5008299233359861,273.8812988438712,62.76546618838181,343.4981625535558,370.7441978352453,397.9902331169348,425.2362683986243,384.36721547609005,425.2362683986243,343.4981625535558,81.7381058450685,2.3985799038363766,69.17063134464459,13.939426942945083,82.59140414417625,26.065279638031225,22.74282624436976,14.153901171147519,321.89971501538963,True,True,2400.0,8.0,1500.0,0.2555117371514384,63.97955505282115,0.2555117371514384,0.15330704229086303,0.10220469486057536,True,False,False,True,python_mission_generator,csv_authoritative,validated_csv,explicit_input,calibrated_csv,python_generated_isa_plus_offset
1510.0,high_altitude_42,HIGH_ALTITUDE,DESCENT,42,stage5_mission_generator,8245.654526406359,2513.2754996486583,-1.3263959622845896,745.578013486023,63.30908643915398,3807.002837233064,14.567432440709654,36.540223060846195,5.480890107442548,0.5062647395470703,274.36795720479324,62.726616872447906,343.1702997832969,370.4343430007628,397.6983862182287,424.96242943569456,384.06636460949574,424.96242943569456,343.1702997832969,81.79212965239765,2.38274299661236,69.07109395034867,13.90273848793011,82.04107731895165,25.684034046796768,22.298039721262896,14.148294618335246,315.4792353877694,True,True,2400.0,8.0,1510.0,0.25408987671181354,63.450047287217735,0.25408987671181354,0.15245392602708813,0.10163595068472542,True,False,False,True,python_mission_generator,csv_authoritative,validated_csv,explicit_input,calibrated_csv,python_generated_isa_plus_offset
1520.0,high_altitude_42,HIGH_ALTITUDE,DESCENT,42,stage5_mission_generator,7943.568747318575,2421.199754182702,-0.7282661196907778,754.24693488728,63.040917016641934,3775.21979456497,14.60110525344118,36.93302433467434,5.482790824532646,0.5117961870461416,274.86661819654284,62.68670009012368,342.8312277092021,370.1122467056253,397.3932657020485,424.6742846984717,383.7527562038369,424.6742846984717,342.8312277092021,81.8430569892696,2.3668822095400004,68.97041484957768,13.866064025908805,81.49096038863209,25.30263753477964,21.85307712390958,14.1426858460997,309.06120453404117,True,True,2400.0,8.0,1520.0,0.252666053660841,62.92032990941617,0.252666053660841,0.1515996321965046,0.1010664214643364,True,False,False,True,python_mission_generator,csv_authoritative,validated_csv,explicit_input,calibrated_csv,python_generated_isa_plus_offset
1530.0,high_altitude_42,HIGH_ALTITUDE,DESCENT,42,stage5_mission_generator,7641.905926067074,2329.2529262652442,-0.13097373361280695,762.9849847982166,62.77312306482913,3743.4812521278964,14.634730920027476,37.331931587767926,5.484688880381324,0.5173198898275609,275.3645810005964,62.646839196282286,342.49263037837795,369.79060138554684,397.0885723927158,424.38654339988466,383.4395868891313,424.38654339988466,342.49263037837795,81.8939130215067,2.351043629551345,68.86987671212759,13.829469375058322,80.94204062587482,24.921775025534757,21.40873752979055,14.1370849268461,302.65714063520636,True,True,2400.0,8.0,1530.0,0.2512442241400463,62.39135420213161,0.2512442241400463,0.15074653448402778,0.10049768965601853,True,False,False,True,python_mission_generator,csv_authoritative,validated_csv,explicit_input,calibrated_csv,python_generated_isa_plus_offset
1540.0,high_altitude_42,HIGH_ALTITUDE,DESCENT,42,stage5_mission_generator,7341.207417312857,2237.6000207969587,0.4644093137205427,771.7765007368608,62.5061851583631,3711.844166917109,14.668249096899306,37.73635279867428,5.486580868796938,0.5228259352271346,275.8609519884853,62.63497028285995,342.15511542700096,369.4699842551558,396.78485308331057,424.0997219114654,383.1274186692332,424.0997219114654,342.15511542700096,81.94460648446443,2.3352556800665054,68.77894814686881,13.79302001091249,80.39530016368737,24.542130003005305,20.965818336839526,14.131501911808902,296.2785019096859,True,True,2400.0,8.0,1540.0,0.2498269397202031,61.86406944861848,0.2498269397202031,0.14989616383212184,0.09993077588808125,True,False,False,True,python_mission_generator,csv_authoritative,validated_csv,explicit_input,calibrated_csv,python_generated_isa_plus_offset
1550.0,high_altitude_42,HIGH_ALTITUDE,DESCENT,42,stage5_mission_generator,7042.011973045384,2146.4052493842332,1.0568162933701384,780.6053056971878,62.24058156143203,3680.365222095648,14.685724865733658,38.10446351199103,5.478877989627357,0.5291128278428392,276.3388661441458,62.631825908249134,341.7759039681141,369.1069004655122,396.4378969629102,423.7688934603083,382.7723987142112,423.7688934603083,341.7759039681141,81.99298949219417,2.319664545851725,68.68869924629334,13.756780891008791,79.85171336513187,24.164382665147777,20.52511310933907,14.125946803899232,289.9366559265385,True,True,2400.0,8.0,1550.0,0.2484137159211106,61.3394203682608,0.2484137159211106,0.14904822955266636,0.09936548636844425,True,False,False,True,python_mission_generator,csv_authoritative,validated_csv,explicit_input,calibrated_csv,python_generated_isa_plus_offset
1560.0,high_altitude_42,HIGH_ALTITUDE,DESCENT,42,stage5_mission_generator,6744.854280157946,2055.831584592142,1.6451885252872671,789.4547511102178,61.976786929532196,3649.100673129742,14.678306953214868,38.41152081705624,5.456268374037371,0.5366184609906586,276.7885933381082,62.63002334138332,341.33156984277116,368.67751407006324,396.0234582973553,423.3694025246474,382.3504861837093,423.3694025246474,341.33156984277116,82.03783268187624,2.304363593435475,68.59534881154326,13.720816281259152,79.31224421888729,23.789208077556907,20.08740942381639,14.120429530552308,283.64284922035165,True,True,2400.0,8.0,1560.0,0.24700539828192697,60.818344552162365,0.24700539828192697,0.1482032389691562,0.0988021593127708,True,False,False,True,python_mission_generator,csv_authoritative,validated_csv,explicit_input,calibrated_csv,python_generated_isa_plus_offset
1570.0,high_altitude_42,HIGH_ALTITUDE,DESCENT,42,stage5_mission_generator,6450.263498023132,1966.040314197451,2.228478273914197,798.3077650328652,61.71527101123567,3618.1061939242277,14.67095311818713,38.721163782588036,5.433854065069964,0.5440592588981543,277.23443569382636,62.62823634546985,340.8910739692097,368.25183680475595,395.6125996403023,422.97336247584855,381.9322182225291,422.97336247584855,340.8910739692097,82.08228850663886,2.289194813869609,68.50280475751445,13.68518958401316,78.77784376019741,23.41727432709073,19.653486714939188,14.114959916574865,277.40817720230325,True,True,2400.0,8.0,1570.0,0.2456092459871973,60.30176989873713,0.2456092459871973,0.14736554759231837,0.09824369839487893,True,False,False,True,python_mission_generator,csv_authoritative,validated_csv,explicit_input,calibrated_csv,python_generated_isa_plus_offset
1580.0,high_altitude_42,HIGH_ALTITUDE,DESCENT,42,stage5_mission_generator,6158.761796068211,1877.1905954415909,2.805651643784943,807.1469056176056,61.456497349957786,3587.43672295796,14.663676395504416,39.03282642967733,5.411674792640618,0.5514220325675117,277.6756029447281,62.62646808800304,340.4551971372301,367.83062319304213,395.20604924885424,422.5814753046663,381.5183362209482,422.5814753046663,340.4551971372301,82.12627816743623,2.2741850941900394,68.41123112082524,13.649963167768679,78.24944751653018,23.04924067549552,19.22411412141144,14.109547656992582,271.2435543595188,True,True,2400.0,8.0,1580.0,0.24422773375129953,59.79061204929933,0.24422773375129953,0.1465366402507797,0.09769109350051981,True,False,False,True,python_mission_generator,csv_authoritative,validated_csv,explicit_input,calibrated_csv,python_generated_isa_plus_offset
1590.0,high_altitude_42,HIGH_ALTITUDE,DESCENT,42,stage5_mission_generator,5870.862891350589,1789.4390092836597,3.3756914751258353,815.954419868469,61.20092198572477,3557.1463094192322,14.820655891122437,39.786622867158954,5.432265834897475,0.5586745822118421,278.1489723856329,62.659019207936424,340.40518800290295,367.8237103927903,395.24223278267766,422.660755172565,381.532971587734,422.660755172565,340.40518800290295,82.25556716966207,2.2602940181476514,68.3454142251436,13.615198198471624,77.72797297707437,22.685755713030787,18.800048331869252,14.104202289897511,265.1596847325342,True,True,2400.0,8.0,1590.0,0.24289456599836498,59.28577182365387,0.24289456599836498,0.14573673959901898,0.097157826399346,True,False,False,True,python_mission_generator,csv_authoritative,validated_csv,explicit_input,calibrated_csv,python_generated_isa_plus_offset
1600.0,high_altitude_42,HIGH_ALTITUDE,DESCENT,42,stage5_mission_generator,5587.070586133206,1702.9391146534012,3.93760023945625,824.7123076390425,60.9489921569413,3527.2879593411913,14.945859213214996,40.46237335807982,5.454439412221333,0.5658387990141717,278.62708751285857,62.684995337352504,340.29564333788335,367.7515290916965,395.2074148455097,422.66330059932284,381.4794719686031,422.66330059932284,340.29564333788335,82.36765726143949,2.24643620330208,68.276105591918,13.58095447233377,77.21431708500657,22.327455512094296,18.382031430776678,14.098933169295504,259.1670326584098,True,True,2400.0,8.0,1600.0,0.2415747884966803,58.78813265568652,0.2415747884966803,0.14494487309800816,0.09662991539867212,True,False,False,True,python_mission_generator,csv_authoritative,validated_csv,explicit_input,calibrated_csv,python_generated_isa_plus_offset
1610.0,high_altitude_42,HIGH_ALTITUDE,DESCENT,42,stage5_mission_generator,5307.877305459973,1617.8410027042,4.490402935189254,833.4023907764602,60.70114500215807,3497.9134817372524,14.917114314366966,40.72369128957271,5.442834785404694,0.5724373272027482,279.0907299969992,62.676399357900145,339.8490354265099,367.3139932418116,394.7789510571134,422.2439088724151,381.0464721494625,422.2439088724151,339.8490354265099,82.3948734459052,2.607027481865491,68.18513226276981,13.547290250084943,76.70935375127415,21.97496178084703,17.97078874432153,14.093749437953633,253.27579376486506,True,True,2400.0,8.0,1610.0,0.24024746178567483,58.298558028954204,0.24024746178567483,0.14414847707140488,0.09609898471426993,True,False,False,True,python_mission_generator,csv_authoritative,validated_csv,explicit_input,calibrated_csv,python_generated_isa_plus_offset
1620.0,high_altitude_42,HIGH_ALTITUDE,DESCENT,42,stage5_mission_generator,5033.762634731182,1534.2908510660643,5.03314998323226,842.0063872622701,60.45780626183935,3469.073334736516,14.940685509559959,41.12713204793394,5.461427476843792,0.5764491216171093,279.64811994817705,62.66608027539941,339.5744008384381,367.05094326239316,394.5274856863482,422.00402811030324,380.7892144743707,422.00402811030324,339.5744008384381,82.42962727186512,2.595219410043471,68.10358274825455,13.514262092564088,76.21393138846133,21.62888001683819,17.567026686311223,14.088660000247621,247.49586619871545,True,True,2400.0,8.0,1620.0,0.238954144922107,57.817888912275265,0.238954144922107,0.1433724869532642,0.09558165796884281,True,False,False,True,python_mission_generator,csv_authoritative,validated_csv,explicit_input,calibrated_csv,python_generated_isa_plus_offset
1630.0,high_altitude_42,HIGH_ALTITUDE,DESCENT,42,stage5_mission_generator,4765.191857278929,1452.4304780986176,5.56492012258772,850.5059901472064,60.2193889801306,3440.816471719182,14.945846740148884,41.47920251381638,5.4795393736501135,0.5793544197650556,280.1951900174642,62.64692027730771,339.26736330608065,366.74947875458724,394.2315942030939,421.7137096516005,380.49053647884057,421.7137096516005,339.26736330608065,82.44634634551983,2.5832830687926536,68.02099256352172,13.48192469754235,75.72887046313525,21.289797660630185,17.17143060406855,14.083673495009268,241.83682206991125,True,True,2400.0,8.0,1630.0,0.23768356917786776,57.3469411953197,0.23768356917786776,0.14261014150672066,0.09507342767114711,True,False,False,True,python_mission_generator,csv_authoritative,validated_csv,explicit_input,calibrated_csv,python_generated_isa_plus_offset
1640.0,high_altitude_42,HIGH_ALTITUDE,DESCENT,42,stage5_mission_generator,4502.614491942557,1372.3968971440913,6.084823305953737,858.8829510227922,59.98629220662599,3413.190187451969,14.9508927929726,41.82905190082497,5.497247086267855,0.5821948834239881,280.7300516982863,62.62818785278075,338.9671776080288,366.4547417137482,393.94230581946755,421.42986992518695,380.1985237666079,421.42986992518695,338.9671776080288,82.46269231715814,2.5716130983396965,67.94024545724486,13.4503307376607,75.2549610649105,20.95828224942363,16.784662624327567,14.078798268373877,236.30787909062266,True,True,2400.0,8.0,1640.0,0.23644134753876198,56.886503124199486,0.23644134753876198,0.14186480852325717,0.09457653901550479,True,False,False,True,python_mission_generator,csv_authoritative,validated_csv,explicit_input,calibrated_csv,python_generated_isa_plus_offset
1650.0,high_altitude_42,HIGH_ALTITUDE,DESCENT,42,stage5_mission_generator,4246.462830644048,1294.321870780306,6.592003595324785,867.1191677191304,59.75889969813601,3386.2399642235273,14.955815360506708,42.175840479281796,5.514521461761037,0.5849658362216958,281.2518244258478,62.60991384177991,338.6743379523505,366.1672173775953,393.66009680284003,421.1529762280848,379.91365709021767,421.1529762280848,338.6743379523505,82.47863827573428,2.560228711437192,67.86147436670791,13.419530699354805,74.79296049032209,20.63487957068233,16.40735949912938,14.074042346627682,230.91787238709085,True,True,2400.0,8.0,1650.0,0.23522952512539338,56.43733273705879,0.23522952512539338,0.14113771507523604,0.09409181005015736,True,False,False,True,python_mission_generator,csv_authoritative,validated_csv,explicit_input,calibrated_csv,python_generated_isa_plus_offset
1660.0,high_altitude_42,HIGH_ALTITUDE,DESCENT,42,stage5_mission_generator,3997.150475963457,1218.3314650736618,7.085642057592355,875.196775865792,59.537578620455015,3360.009317979854,14.960606494387239,42.518712001656134,5.531334607566963,0.5876628039602741,281.75966570494415,62.592127750957836,338.3893171809416,365.8873700054922,393.3854228300427,420.8834756545933,379.63639641776746,420.8834756545933,338.3893171809416,82.49415847365174,2.5491482902099,67.78480648189714,13.389572722630836,74.34359083946255,20.32011181575825,16.040130451717957,14.069413409055269,225.67522646039637,True,True,2400.0,8.0,1660.0,0.2340500586413577,56.000155299664236,0.2340500586413577,0.14043003518481462,0.09362002345654308,True,False,False,True,python_mission_generator,csv_authoritative,validated_csv,explicit_input,calibrated_csv,python_generated_isa_plus_offset
1670.0,high_altitude_42,HIGH_ALTITUDE,DESCENT,42,stage5_mission_generator,3755.0708787143412,1144.5456038321313,7.564959660145605,883.0982439023115,59.32267825012882,3334.539644459712,14.96525863351469,42.85679836129421,5.547659990119319,0.5902815304360853,282.25277408887325,62.57485764932826,338.1125650976413,365.6156412369088,393.1187173761763,420.62179351544376,379.36717930654254,420.62179351544376,338.1125650976413,82.50922841780243,2.5383893211588475,67.71036279578014,13.36050244154797,73.90753662321956,20.01447573351654,15.683555022435964,14.064918760787009,220.5879272708949,True,True,2400.0,8.0,1670.0,0.23290480945468986,55.5756607409952,0.23290480945468986,0.1397428856728139,0.09316192378187595,True,False,False,True,python_mission_generator,csv_authoritative,validated_csv,explicit_input,calibrated_csv,python_generated_isa_plus_offset
1680.0,high_altitude_42,HIGH_ALTITUDE,DESCENT,42,stage5_mission_generator,3520.595875519186,1073.0776228582479,8.029220166472012,890.8064710770033,59.11452867622225,3309.870065330045,14.969764632157979,43.18922479319619,5.563472533471275,0.5928179932597212,282.73039215834797,62.55813006393572,337.84450679634915,365.35244844988415,392.86039010341915,420.36833175695415,379.10641927665165,420.36833175695415,337.84450679634915,82.523824960605,2.527968330165434,67.63825765458485,13.33236282525625,73.48544237884377,19.71844078396054,15.338180914620628,14.06056530564648,215.66349441984377,True,True,2400.0,8.0,1680.0,0.23179553667931072,55.16450108883408,0.23179553667931072,0.13907732200758643,0.0927182146717243,True,False,False,True,python_mission_generator,csv_authoritative,validated_csv,explicit_input,calibrated_csv,python_generated_isa_plus_offset
1690.0,high_altitude_42,HIGH_ALTITUDE,DESCENT,42,stage5_mission_generator,3294.0742263847915,1004.0338242020845,8.477733031758113,898.3048879286797,58.91343950208674,3286.0372743213916,14.974117788058468,43.51511560200324,5.578748717918592,0.5952684196759639,283.1918095004079,62.54196987552536,337.5855409891399,365.09818311948794,392.61082524983595,420.123467380184,378.85450418466195,420.123467380184,337.5855409891399,82.53792639104415,2.5179008174955317,67.5685983080786,13.305194019432665,73.07791029148999,19.4324472918567,15.004521840499482,14.056359518997892,210.90895340071665,True,True,2400.0,8.0,1690.0,0.23072389025647375,54.767287905356525,0.23072389025647375,0.13843433415388423,0.0922895561025895,True,False,False,True,python_mission_generator,csv_authoritative,validated_csv,explicit_input,calibrated_csv,python_generated_isa_plus_offset
1700.0,high_altitude_42,HIGH_ALTITUDE,DESCENT,42,stage5_mission_generator,3075.830152277742,937.5130304142558,8.909856298490071,905.5775587059384,58.71969854712786,3263.0753833633025,14.978311870533922,43.8336003916108,5.593466678622715,0.5976293023837491,283.63636568733136,62.52640021421268,337.33603833437905,364.85320917628235,392.37038001818553,419.8875508600888,378.61179459723394,419.8875508600888,337.33603833437905,82.55151252570977,2.5082011928035874,67.50148445984709,13.279033187953665,72.68549781930498,19.15690460035963,14.683055367086236,14.052307420593523,206.33080789189148,True,True,2400.0,8.0,1700.0,0.22969140403621222,54.38458972272171,0.22969140403621222,0.1378148424217273,0.09187656161448489,True,False,False,True,python_mission_generator,csv_authoritative,validated_csv,explicit_input,calibrated_csv,python_generated_isa_plus_offset
1710.0,high_altitude_42,HIGH_ALTITUDE,DESCENT,42,stage5_mission_generator,2866.161872699793,873.606138798897,9.32499949205441,912.6092851440217,58.53357054857295,3241.015768719757,14.975516329113274,44.12371217940585,5.611610120067537,0.5998328705528744,284.0727066858135,62.50967925851036,337.0854749918237,364.605638389389,392.1258017869543,419.64596518451964,378.36572008817166,419.64596518451964,337.0854749918237,82.56049019269597,2.4988270544449116,67.435984094653,13.253914354638855,72.30871531958283,18.892189224637086,14.374220762076598,14.048414547421133,201.93501206179977,True,True,2400.0,8.0,1710.0,0.22869818889317256,54.01692947866262,0.22869818889317256,0.13721891333590353,0.09147927555726904,True,False,False,True,python_mission_generator,csv_authoritative,validated_csv,explicit_input,calibrated_csv,python_generated_isa_plus_offset
1720.0,high_altitude_42,HIGH_ALTITUDE,DESCENT,42,stage5_mission_generator,2665.3401432633073,812.3956756666561,9.722626516338652,919.3857109904782,58.35529586323862,3219.886917124577,14.96499134305699,44.38203713753825,5.630456431272503,0.60174217081392,284.495138578517,62.49098066539483,336.83039269986836,364.3515327427762,391.8726727856841,419.39381282859193,378.11210276423014,419.39381282859193,336.83039269986836,82.56342012872358,2.4897516510976274,67.37207028192748,13.22986824489873,71.94802367348096,18.638643005494924,14.078416839744078,14.044685926551397,197.72694285727783,True,True,2400.0,8.0,1720.0,0.22774538581214063,53.66478195207628,0.22774538581214063,0.13664723148728436,0.09109815432485625,True,False,False,True,python_mission_generator,csv_authoritative,validated_csv,explicit_input,calibrated_csv,python_generated_isa_plus_offset
1730.0,high_altitude_42,HIGH_ALTITUDE,DESCENT,42,stage5_mission_generator,2473.6067932666956,753.9553505876888,10.102258549331943,925.8934266488071,58.18508916929839,3199.714271916846,14.954942675311221,44.63185487507623,5.648449834638495,0.6035650638655183,284.89845291188493,62.47312829499486,336.5868544010068,364.1089268902381,391.63099937946936,419.15307186870064,377.8699631348537,419.15307186870064,336.5868544010068,82.56621746769383,2.4810869638089166,67.31104894992667,13.206922127118647,71.6038319067797,18.39657126300215,13.795999806835844,14.041126047985326,193.7113722457633,True,True,2400.0,8.0,1730.0,0.2268357027458412,53.3285711986141,0.2268357027458412,0.13610142164750472,0.09073428109833648,True,False,False,True,python_mission_generator,csv_authoritative,validated_csv,explicit_input,calibrated_csv,python_generated_isa_plus_offset
1740.0,high_altitude_42,HIGH_ALTITUDE,DESCENT,42,stage5_mission_generator,2291.173263269795,698.3496106446336,10.463476938725806,932.1200732946827,58.02313816805021,3180.520079176321,14.945381407390645,44.872497607295806,5.665570487319805,0.6052995394495301,285.2822049171357,62.456141834627175,336.35512866549163,363.87808837373996,391.4010480819883,418.9240077902366,377.6395682278641,418.9240077902366,336.35512866549163,82.56887912474497,2.472842547861317,67.25298739202755,13.185099653612292,71.2764948041844,18.16624095011585,13.527281108468493,14.037738837501704,189.89243938215128,True,True,2400.0,8.0,1740.0,0.22597014287862793,53.008667986272016,0.22597014287862793,0.13558208572717675,0.09038805715145118,True,False,False,True,python_mission_generator,csv_authoritative,validated_csv,explicit_input,calibrated_csv,python_generated_isa_plus_offset
1750.0,high_altitude_42,HIGH_ALTITUDE,DESCENT,42,stage5_mission_generator,2118.21914266931,645.6331946856056,10.805926097514767,938.0544458128795,57.86960228568405,3162.323233858851,14.776197146932732,44.61981857240479,5.6480189633627145,0.6056089336482424,285.64056802297677,62.39959899652546,335.7801631742334,363.27256152562296,390.7649598770126,418.25735822840215,377.0187607013178,418.25735822840215,335.7801631742334,82.47719505416876,2.463767043930023,67.17392479392447,13.164420700980488,70.96631051470732,17.94787880630621,13.272525274023913,14.034527629504502,186.27362267158543,True,True,2400.0,8.0,1750.0,0.2251190592659212,52.70538723098085,0.2251190592659212,0.13507143555955273,0.09004762370636848,True,False,False,True,python_mission_generator,csv_authoritative,validated_csv,explicit_input,calibrated_csv,python_generated_isa_plus_offset
1760.0,high_altitude_42,HIGH_ALTITUDE,DESCENT,42,stage5_mission_generator,1954.8907072742531,595.8506875771924,11.129316399596979,943.6865939052997,57.7246113750495,3145.139125931792,14.738148017657124,44.748082964410386,5.660232087426877,0.6065865263273577,285.9703747205587,62.37524374692088,335.50195859248873,362.98851785414024,390.4750771157918,417.9616363774433,376.731797484966,417.9616363774433,335.50195859248873,82.45967778495458,2.4560690537486933,67.11752027818649,13.144901209715492,70.67351814573239,17.741669511181506,13.031947763045089,14.031495139870316,182.857711700211,True,True,2400.0,8.0,1760.0,0.22433852695600817,52.418985432196536,0.22433852695600817,0.1346031161736049,0.08973541078240327,True,False,False,True,python_mission_generator,csv_authoritative,validated_csv,explicit_input,calibrated_csv,python_generated_isa_plus_offset
1770.0,high_altitude_42,HIGH_ALTITUDE,DESCENT,42,stage5_mission_generator,1801.2994568813592,549.0360744574383,11.433427075374908,949.0079207320763,57.588264417423275,3128.9794865094254,14.774516754962974,45.09017812647081,5.686900026092317,0.6080660218791147,286.2776083138917,62.37034879733081,335.39806661589904,362.89317806363505,390.38828951137106,417.88340095910706,376.64073378750305,417.88340095910706,335.39806661589904,82.48533434320802,2.449386842668341,67.07530086466042,13.126553022897081,70.39829534345623,17.547753838113106,12.805712811131956,14.02864343879578,179.6467790069894,True,True,2400.0,8.0,1770.0,0.22361827056053613,52.14965810849042,0.22361827056053613,0.13417096233632167,0.08944730822421446,True,False,False,True,python_mission_generator,csv_authoritative,validated_csv,explicit_input,calibrated_csv,python_generated_isa_plus_offset
1780.0,high_altitude_42,HIGH_ALTITUDE,DESCENT,42,stage5_mission_generator,1657.520652850484,505.2122949888276,11.71810910735604,954.0112784690576,57.46062822427687,3113.8522339883693,14.801341540980701,45.39149247209825,5.70996547387822,0.6094199265982843,286.56521375036374,62.3640933449228,335.2848638664052,362.7866402293482,390.28841659229124,417.79019295523426,376.53752841081973,417.79019295523426,335.2848638664052,82.50532908882906,2.4430822582916325,67.0346956417919,13.109383723834682,70.14075585752023,17.366226807860432,12.593931275837171,14.025973923645006,176.64215167106946,True,True,2400.0,8.0,1780.0,0.2229426536801396,51.89753723313949,0.2229426536801396,0.13376559220808376,0.08917706147205584,True,False,False,True,python_mission_generator,csv_authoritative,validated_csv,explicit_input,calibrated_csv,python_generated_isa_plus_offset
1790.0,high_altitude_42,HIGH_ALTITUDE,DESCENT,42,stage5_mission_generator,1523.5918556800425,464.390797611277,11.983288125753516,958.6910601964715,57.341736139044045,3099.7613201829977,14.826328612962028,45.67480995314319,5.731450752594963,0.6106810779324047,286.83311589648326,62.35826644142053,335.1794164176085,362.687401095351,390.19538577309345,417.70337045083596,376.4413934342222,417.70337045083596,335.1794164176085,82.52395403322748,2.437209588756485,66.99687220394739,13.093396472519744,69.90094708779617,17.197135842195973,12.396658482561968,14.023487291797,173.84438269095523,True,True,2400.0,8.0,1790.0,0.22231332200118004,51.66268866971663,0.22231332200118004,0.13338799320070802,0.08892532880047202,True,False,False,True,python_mission_generator,csv_authoritative,validated_csv,explicit_input,calibrated_csv,python_generated_isa_plus_offset
1800.0,high_altitude_42,HIGH_ALTITUDE,DESCENT,42,stage5_mission_generator,1399.5114625824372,426.57109379512684,12.228967304086774,963.0432875754335,57.23158673888846,3086.706576460854,14.849478269938755,45.9396021705352,5.751356119366777,0.6118494909742547,287.0813179583588,62.35286801709073,335.0817230075707,362.59545947400295,390.10919594043514,417.6229324068674,376.35232770721905,417.6229324068674,335.0817230075707,82.54120939929669,2.431768763781957,66.9618300984764,13.0785898407646,69.67884761146901,17.04047891753025,12.213892070451958,14.021183513493092,171.253222133805,True,True,2400.0,8.0,1800.0,0.22173026799215534,51.445109607680905,0.22173026799215534,0.1330381607952932,0.08869210719686214,True,False,False,True,python_mission_generator,csv_authoritative,validated_csv,explicit_input,calibrated_csv,python_generated_isa_plus_offset
1810.0,high_altitude_42,HIGH_ALTITUDE,DESCENT,42,stage5_mission_generator,1285.2372450594848,391.740312294131,12.45523025478222,967.0656938214934,57.13014253647123,3074.683559878072,14.870798390474308,46.185456658717264,5.7696883486221004,0.6129255633718975,287.30990440703397,62.347896234678174,334.99175038812194,362.5107840746505,390.02981776117906,417.5488514477076,376.27030091791477,417.5488514477076,334.99175038812194,82.55710105958565,2.426757931682526,66.92955739943761,13.064957645918122,69.47436468877184,16.896202718536866,12.04556983829301,14.019061804684366,168.8675880356716,True,True,2400.0,8.0,1810.0,0.2211932932212703,51.24472599796787,0.2211932932212703,0.13271597593276216,0.08847731728850812,True,False,False,True,python_mission_generator,csv_authoritative,validated_csv,explicit_input,calibrated_csv,python_generated_isa_plus_offset
1820.0,high_altitude_42,HIGH_ALTITUDE,DESCENT,42,stage5_mission_generator,1180.6848864778058,359.87275339843524,12.662243924773945,970.7578015475927,57.0373286817185,3063.6833993147848,14.890304705508054,46.41208550249325,5.78646096670036,0.6139100890997208,287.5190439038238,62.34334742577925,334.9094321734358,362.4333124199934,389.957192666551,417.4810729131086,376.1952525432722,417.4810729131086,334.9094321734358,82.57164073967283,2.4221733952419497,66.90003029458892,13.052488783064847,69.28733174597271,16.764200791777416,11.891567590406988,14.01712059987908,166.68553703634822,True,True,2400.0,8.0,1820.0,0.2207020014845002,51.06138998857975,0.2207020014845002,0.1324212008907001,0.08828080059380009,True,False,False,True,python_mission_generator,csv_authoritative,validated_csv,explicit_input,calibrated_csv,python_generated_isa_plus_offset
1830.0,high_altitude_42,HIGH_ALTITUDE,DESCENT,42,stage5_mission_generator,1085.7265196442731,330.92944318757446,12.85026149110434,974.1209951226441,56.95303166358897,3053.692641610545,14.908021071199588,46.61933318766826,5.80169448645869,0.6148042722294744,287.70899222564987,62.339216027215514,334.83466768860467,362.3629497624511,389.8912318362976,417.419513910144,376.12709079937434,417.419513910144,334.83466768860467,82.58484622153935,2.4180095475871326,66.87321267237752,13.04116705563287,69.11750583449306,16.644311699326536,11.751696982547628,14.015357524990096,164.7042347357523,True,True,2400.0,8.0,1830.0,0.22025579193365538,50.89487736017575,0.22025579193365538,0.1321534751601932,0.08810231677346216,True,False,False,True,python_mission_generator,csv_authoritative,validated_csv,explicit_input,calibrated_csv,python_generated_isa_plus_offset
1840.0,high_altitude_42,HIGH_ALTITUDE,DESCENT,42,stage5_mission_generator,1000.1892643814554,304.8576877834676,13.01962525652472,977.1585872763693,56.87709801184157,3044.693097699741,14.923979741773005,46.80718358709373,5.815416641878692,0.6156097407013102,287.88009519037615,62.33549451740734,334.7673208182145,362.2995680005289,389.83181518284323,417.3640623651576,376.06569159168606,417.3640623651576,334.7673208182145,82.59674154694312,2.414258808061989,66.84905570892997,13.030971004356857,68.96456506535286,16.536317172396892,11.625703367796374,14.013769370182308,162.91992576245013,True,True,2400.0,8.0,1840.0,0.2198538522044451,50.74488496166235,0.2198538522044451,0.13191231132266704,0.08794154088177804,True,False,False,True,python_mission_generator,csv_authoritative,validated_csv,explicit_input,calibrated_csv,python_generated_isa_plus_offset
1850.0,high_altitude_42,HIGH_ALTITUDE,DESCENT,42,stage5_mission_generator,923.8537651029674,281.59062760338446,13.170769545096125,979.8758797757753,56.8093329988029,3036.66168874701,14.938221642361231,46.97576600372214,5.827662622673196,0.6163285600948221,288.0327915821446,62.33217335274752,334.70721885492054,362.2430045951844,389.7787903354483,417.3145760757122,376.01089746531636,417.3145760757122,334.70721885492054,82.60735722079164,2.4109115581013065,66.82749745504215,13.021873734565933,68.828106018489,16.439940264964118,11.51326364245814,14.01235206272006,161.32790354903818,True,True,2400.0,8.0,1850.0,0.2194951515445414,50.6110281457835,0.2194951515445414,0.13169709092672485,0.08779806061781657,True,False,False,True,python_mission_generator,csv_authoritative,validated_csv,explicit_input,calibrated_csv,python_generated_isa_plus_offset
1860.0,high_altitude_42,HIGH_ALTITUDE,DESCENT,42,stage5_mission_generator,856.4527283889638,261.04679161295616,13.304223597789852,982.2802181034375,56.74949934113491,3029.5702922826554,14.950796641850294,47.12536021574204,5.838475308892987,0.6169632474000831,288.1676160767109,62.32924090397486,334.65415134802214,362.19306148619427,389.7319716243664,417.2708817625385,375.96251655528033,417.2708817625385,334.65415134802214,82.61673041451638,2.40795607710461,66.80846242316947,13.013842741792311,68.70764112688468,16.354843507391866,11.413984091957175,14.011100639814586,159.9224798136547,True,True,2400.0,8.0,1860.0,0.21917843394164335,50.49283820471092,0.21917843394164335,0.131507060364986,0.08767137357665734,True,False,False,True,python_mission_generator,csv_authoritative,validated_csv,explicit_input,calibrated_csv,python_generated_isa_plus_offset
1870.0,high_altitude_42,HIGH_ALTITUDE,DESCENT,42,stage5_mission_generator,797.669460561543,243.12965157915832,13.420614468088145,984.3810401823011,56.69731590160242,3023.3855883380647,14.961763825723613,47.25640049530774,5.8479055055335625,0.6175167847886863,288.2852021667796,62.32668339254777,334.6078689520378,362.14950400851967,389.6911390650016,417.2327741214835,375.92032153676064,417.2327741214835,334.6078689520378,82.6249051694457,2.4053784783100265,66.79186117441685,13.006839735725183,68.60259603587775,16.280627060056776,11.327398236732906,14.010009221471423,158.69695375190713,True,True,2400.0,8.0,1870.0,0.21890221125154122,50.38975980563441,0.21890221125154122,0.13134132675092472,0.0875608845006165,True,False,False,True,python_mission_generator,csv_authoritative,validated_csv,explicit_input,calibrated_csv,python_generated_isa_plus_offset
1880.0,high_altitude_42,HIGH_ALTITUDE,DESCENT,42,stage5_mission_generator,747.1364052601111,227.7271763232819,13.52066991758498,986.1899193155173,56.65245639084069,3018.068905581119,14.971191768906333,47.36947860120545,5.8560121771418965,0.6179926333847837,288.38628508734075,62.3244848270179,334.568082275281,362.1120598086739,389.6560373420668,417.2000148754597,375.88404857537034,417.2000148754597,334.568082275281,82.63193260017874,2.4031626446681473,66.77758990552869,13.000820462565692,68.51230693848538,16.216826866973427,11.252964678135665,14.009070983337844,157.64358094899603,True,True,2400.0,8.0,1880.0,0.21866475632618013,50.301148426351986,0.21866475632618013,0.13119885379570806,0.08746590253047205,True,False,False,True,python_mission_generator,csv_authoritative,validated_csv,explicit_input,calibrated_csv,python_generated_isa_plus_offset
1890.0,high_altitude_42,HIGH_ALTITUDE,DESCENT,42,stage5_mission_generator,704.4336810169407,214.71138597396353,13.605221311586458,987.7206016425448,56.61454806912306,3013.5760674516214,14.979158808609563,47.465345776349615,5.862862682423154,0.6183947470361242,288.4717047410045,62.32262693940369,334.5344607284348,362.08041776108774,389.6263747937407,417.17233182639364,375.8533962774142,417.17233182639364,334.5344607284348,82.63787109795885,2.401290164715897,66.7655300358791,12.995734525873159,68.43601788809738,16.162912809419456,11.1900649443227,14.008278129550286,156.753542027803,True,True,2400.0,8.0,1890.0,0.2184640961417248,50.226267790860355,0.2184640961417248,0.13107845768503487,0.08738563845668992,True,False,False,True,python_mission_generator,csv_authoritative,validated_csv,explicit_input,calibrated_csv,python_generated_isa_plus_offset
1900.0,high_altitude_42,HIGH_ALTITUDE,DESCENT,42,stage5_mission_generator,669.0876188324037,203.93790622011664,13.67520651471184,988.9890385539127,56.58317044812837,3009.8572382966954,14.985753317174723,47.544913812600285,5.868533008847484,0.6187275860850945,288.5424086233373,62.32108912156401,334.5066313731272,362.05422688447635,389.6018223958254,417.14941790717455,375.8280246401509,417.14941790717455,334.5066313731272,82.64278653404733,2.399740268450388,66.75554779446179,12.991525206029634,68.37287809044452,16.118286859560346,11.138001336153735,14.00762186558177,156.01691105518603,True,True,2400.0,8.0,1900.0,0.21829800492662269,50.16428730494492,0.21829800492662269,0.1309788029559736,0.08731920197064907,True,False,False,True,python_mission_generator,csv_authoritative,validated_csv,explicit_input,calibrated_csv,python_generated_isa_plus_offset
1910.0,high_altitude_42,HIGH_ALTITUDE,DESCENT,42,stage5_mission_generator,640.5692997505448,195.24552256396606,13.731672786493922,990.0134146562679,56.55785399270869,3006.8567695062147,14.99107397491779,47.60925527735556,5.873108007256729,0.6189961311397565,288.59945474819745,62.31984836157177,334.4841777705064,362.03309525820526,389.58201274590414,417.130930233603,375.8075540020547,417.130930233603,334.4841777705064,82.64675246309662,2.398489763202794,66.74749380688024,12.988129278490023,68.32193917735034,16.08228123407458,11.095994773087007,14.007092371089332,155.42262373575412,True,True,2400.0,8.0,1910.0,0.21816399728966876,50.11427949177025,0.21816399728966876,0.13089839837380124,0.0872655989158675,True,False,False,True,python_mission_generator,csv_authoritative,validated_csv,explicit_input,calibrated_csv,python_generated_isa_plus_offset
1920.0,high_altitude_42,HIGH_ALTITUDE,DESCENT,42,stage5_mission_generator,618.2930924344855,188.4557345740312,13.775779676979719,990.8141720362472,56.538078822656836,3004.5130456482175,14.995230042973631,47.65960302810636,5.8766816264711865,0.6192058968448874,288.6440145730705,62.31887918008751,334.46663882981574,362.01658893865715,389.5665390474986,417.11648915634004,375.7915639930779,417.11648915634004,334.46663882981574,82.6498503265243,2.39751296951221,66.74120268233771,12.985476831028087,68.28215246542132,16.05415654777861,11.063182639075045,14.00667877276145,154.95844542991543,True,True,2400.0,8.0,1920.0,0.21805932134806955,50.07521742747029,0.21805932134806955,0.13083559280884172,0.08722372853922783,True,False,False,True,python_mission_generator,csv_authoritative,validated_csv,explicit_input,calibrated_csv,python_generated_isa_plus_offset
1930.0,high_altitude_42,HIGH_ALTITUDE,DESCENT,42,stage5_mission_generator,601.6151907417461,183.37231013808423,13.808801922331343,991.4140317362039,56.523273414473906,3002.7583306043143,14.998341636140287,47.69734917213218,5.879357147896374,0.6193629456530191,288.67737592440534,62.31815356673297,334.45350765696907,362.0042308755979,389.55495409422673,417.10567731285556,375.7795924849123,417.10567731285556,334.45350765696907,82.6521696558865,2.396781656999513,66.73649260062727,12.98349108023484,68.2523662035226,16.033099967251772,11.038616628460401,14.006369117165468,154.61093904109697,True,True,2400.0,8.0,1930.0,0.21798095185550662,50.04597217673857,0.21798095185550662,0.13078857111330397,0.08719238074220265,True,False,False,True,python_mission_generator,csv_authoritative,validated_csv,explicit_input,calibrated_csv,python_generated_isa_plus_offset
1940.0,high_altitude_42,HIGH_ALTITUDE,DESCENT,42,stage5_mission_generator,589.8321512997754,179.78083971617156,13.832132340426444,991.8380135265794,56.51281330313688,3001.5186137051114,15.00053999572326,47.7240436584197,5.881247420129753,0.6194739015954766,288.7009459229494,62.31764091646475,334.4442304031262,361.99549982854325,389.54676925396024,417.0980386793773,375.77113454125174,417.0980386793773,334.4442304031262,82.65380827625108,2.396264980241233,66.73316489912193,12.982088187575384,68.23132281363075,16.01822336446134,11.02126059187156,14.00615034359502,154.3654328256921,True,True,2400.0,8.0,1940.0,0.2179255833302011,50.025310228418526,0.2179255833302011,0.13075534999812066,0.08717023333208045,True,False,False,True,python_mission_generator,csv_authoritative,validated_csv,explicit_input,calibrated_csv,python_generated_isa_plus_offset
1950.0,high_altitude_42,HIGH_ALTITUDE,DESCENT,42,stage5_mission_generator,582.1794310813129,177.4482905935842,13.847284726459,992.1134552390826,56.50601978386619,3000.7134558656235,15.002393402368812,47.74274724956929,5.882611630855608,0.619546212303032,288.71625390908446,62.317398428948174,334.4391472814924,361.99084641008716,389.54254553868196,417.0942446672767,375.76669597438456,417.0942446672767,334.4391472814924,82.6550973857843,2.3959319109363375,66.73106750576297,12.981177075362972,68.21765613044458,16.00856147038748,11.00998838211873,14.006008256917463,154.20598818852025,True,True,2400.0,8.0,1950.0,0.21788970425726142,50.011890931093724,0.21788970425726142,0.13073382255435684,0.08715588170290457,True,False,False,True,python_mission_generator,csv_authoritative,validated_csv,explicit_input,calibrated_csv,python_generated_isa_plus_offset
1960.0,high_altitude_42,HIGH_ALTITUDE,DESCENT,42,stage5_mission_generator,577.8299249798765,176.12256113386638,13.855896748539845,992.2700331120011,56.50215861389336,3000.2558357206944,15.003426554638787,47.75331765492675,5.88337945675112,0.6195875915140839,288.72495436816246,62.31725781386865,334.43621302998235,361.9881535732896,389.5400941165969,417.09203465990413,375.76412384494324,417.09203465990413,334.43621302998235,82.65582162992177,2.395742564104454,66.72987239190958,12.980659243065253,68.2098886459788,16.003070028648334,11.003581700089722,14.005927500421299,154.11536753641917,True,True,2400.0,8.0,1960.0,0.2178693081416482,50.00426392867824,0.2178693081416482,0.13072158488498892,0.08714772325665929,True,False,False,True,python_mission_generator,csv_authoritative,validated_csv,explicit_input,calibrated_csv,python_generated_isa_plus_offset
1970.0,high_altitude_42,HIGH_ALTITUDE,DESCENT,42,stage5_mission_generator,575.8925033850646,175.53203503176772,13.859732843297571,992.3397847945669,56.500438714228395,3000.051995760403,15.003798369623599,47.757745780158665,5.883689882315138,0.619606880722598,288.72882985584056,62.31718108545271,334.43470919153367,361.98674404952425,389.53877890751477,417.09081376550535,375.7627614785195,417.09081376550535,334.43470919153367,82.65610457397167,2.395657938639641,66.72932678849425,12.980428584417266,68.206428766259,16.000623949124833,11.00072794064564,14.0058915286636,154.07500227302174,True,True,2400.0,8.0,1970.0,0.2178602061653369,50.000866596006716,0.2178602061653369,0.13071612369920213,0.08714408246613477,True,False,False,True,python_mission_generator,csv_authoritative,validated_csv,explicit_input,calibrated_csv,python_generated_isa_plus_offset
1980.0,high_altitude_42,HIGH_ALTITUDE,DESCENT,42,stage5_mission_generator,575.4105497581058,175.38513556627066,13.860687111478951,992.3571368624987,56.500010871427556,3000.001288465488,15.003890862440327,47.75884741549842,5.883767103879551,0.6196116791123907,288.7297939234177,62.317161998466965,334.4343350961914,361.9863934159332,389.53845173567515,417.090510055417,375.7624225758042,417.090510055417,334.4343350961914,82.65617495922561,2.3956368871814506,66.72919106401096,12.980371205879088,68.20556808818633,16.000015461585857,11.000018038516831,14.00588258031744,154.06496102884051,True,True,2400.0,8.0,1980.0,0.21785794195474512,50.0000214744248,0.21785794195474512,0.13071476517284705,0.08714317678189805,True,False,False,True,python_mission_generator,csv_authoritative,validated_csv,explicit_input,calibrated_csv,python_generated_isa_plus_offset
1990.0,high_altitude_42,HIGH_ALTITUDE,IDLE/LANDING,42,stage5_mission_generator,575.3983033817951,175.38140287077115,13.860711359304046,992.357577779393,56.5,3000.0,15.003893212670262,47.75887540838821,5.883769066069032,0.6196118010388246,288.7298184202441,62.317161513469244,334.4343255904794,361.98638450638117,389.538443422283,417.0905023381848,375.7624139643321,417.0905023381848,334.4343255904794,82.65617674770544,2.3956363522667523,66.72918761527023,12.980369747899159,68.2055462184874,16.0,11.0,14.005882352941176,154.06470588235294,True,True,2400.0,8.0,1990.0,0.21785788442146103,50.0,0.21785788442146103,0.13071473065287662,0.08714315376858442,True,False,False,True,python_mission_generator,csv_authoritative,validated_csv,explicit_input,calibrated_csv,python_generated_isa_plus_offset
2000.0,high_altitude_42,HIGH_ALTITUDE,IDLE/LANDING,42,stage5_mission_generator,575.3983033817951,175.38140287077115,13.860711359304046,992.357577779393,56.5,3000.0,15.003893212670262,47.75887540838821,5.883769066069032,0.6196118010388246,288.7298184202441,62.317161513469244,334.4343255904794,361.98638450638117,389.538443422283,417.0905023381848,375.7624139643321,417.0905023381848,334.4343255904794,82.65617674770544,2.3956363522667523,66.72918761527023,12.980369747899159,68.2055462184874,16.0,11.0,14.005882352941176,154.06470588235294,True,True,2400.0,8.0,2000.0,0.21785788442146103,50.0,0.21785788442146103,0.13071473065287662,0.08714315376858442,True,False,False,True,python_mission_generator,csv_authoritative,validated_csv,explicit_input,calibrated_csv,python_generated_isa_plus_offset
