time_s,mission_id,mission_type,phase,random_seed,model_version,altitude_ft,altitude_m,ambient_temperature_C,ambient_pressure_hPa,throttle_pct,rpm,power_kW,torque_Nm,fuelflow_kgh,p_plenum_bar,t_plenum_K,coolant_temp_C,EGT1_C,EGT2_C,EGT3_C,EGT4_C,EGT_mean_C,EGT_max_C,EGT_min_C,EGT_spread_C,oil_pressure_bar,oil_temperature_C,battery_voltage_V,battery_soc_pct,generator_A_current_A,generator_B_current_A,generator_voltage_V,generator_power_W,generator_switch_ready,generator_switch_latched,generator_switch_threshold_rpm,generator_switch_hold_time_s,generator_time_above_threshold_s,vibration_amplitude,vibration_frequency_Hz,vibration_1x,vibration_2x,vibration_3x,engine_state_valid,outside_calibrated_envelope,extrapolation_used,health_state_valid,mission_generated_values,stage3_values,stage3_validation_status,stage3_ambient_source,stage4_production_source,ambient_source
0.0,normal_mission_validation,NORMAL,TAKEOFF,42,stage5_mission_generator,0.0,0.0,15.0,1013.25,100.0,5800.0,104.3921186,171.8743623623316,33.95,1.5206,292.75,85.62089243784948,588.5919123838711,634.3565700605736,680.1212277372761,725.8858854139786,657.2388988989248,725.8858854139786,588.5919123838711,137.2939730301075,4.253939295225806,79.95881779,14.5,91.0,44.0,42.0,14.5,420.0,True,False,2400.0,8.0,0.0,0.3608842130666667,96.66666666666667,0.3608842130666667,0.21653052784000001,0.14435368522666667,True,False,False,True,python_mission_generator,csv_authoritative,validated_csv,explicit_input,calibrated_csv,python_generated_isa_plus_offset
10.0,normal_mission_validation,NORMAL,TAKEOFF,42,stage5_mission_generator,693.6015354471663,211.4097480042963,13.62666895981461,988.1091864324156,93.06398464552834,5661.279692910567,68.82349344091827,116.08964519832797,19.906270111438275,1.081779620466481,291.14583758720426,75.9945397382074,506.92356248040886,545.3315135682376,583.7394646560665,622.1474157438952,564.535489112152,622.1474157438952,506.92356248040886,115.22385326348632,3.8611498707914182,74.83881793274054,14.5,91.0,43.07519795273711,41.07519795273711,14.475519945807747,420.0,True,True,2400.0,8.0,10.0,0.3478668230268648,94.35466154850945,0.3478668230268648,0.20872009381611886,0.13914672921074592,True,False,False,True,python_mission_generator,csv_authoritative,validated_csv,explicit_input,calibrated_csv,python_generated_isa_plus_offset
20.0,normal_mission_validation,NORMAL,TAKEOFF,42,stage5_mission_generator,1499.0867763117187,456.9216494198119,12.031808182902797,959.5493325016732,85.0091322368828,5500.182644737656,44.46925693716973,77.20654946554087,13.5304961677029,0.7921808368985037,289.2080305048298,69.50272359243908,449.3002107642872,482.69237343917746,516.0845361140676,549.4766987889578,499.38845477662255,549.4766987889578,449.3002107642872,100.17648802467062,3.558644258607585,71.43570507594261,14.5,91.0,42.001217631584375,40.001217631584375,14.447091054953704,420.0,True,True,2400.0,8.0,20.0,0.33597855366789353,91.6697107456276,0.33597855366789353,0.20158713220073612,0.1343914214671574,True,False,False,True,python_mission_generator,csv_authoritative,validated_csv,explicit_input,calibrated_csv,python_generated_isa_plus_offset
30.0,normal_mission_validation,NORMAL,CLIMB,42,stage5_mission_generator,1500.588123630896,457.3792600826971,12.028835515210826,959.496731035495,84.998962134769,5499.937728086141,44.33302535148671,76.97345470887024,13.4665632327707,0.7917990732052022,289.1994914200027,69.47240641514183,448.990343524884,482.3577100441397,515.7250765633954,549.0924430826511,499.04139330376756,549.0924430826511,448.990343524884,100.10209955776713,3.557632568582561,71.41573635629803,14.5,91.0,41.999501824689126,39.999501824689126,14.447047834368142,420.0,True,True,2400.0,8.0,30.0,0.33594158354511194,91.66562880143569,0.33594158354511194,0.20156495012706716,0.1343766334180448,True,False,False,True,python_mission_generator,csv_authoritative,validated_csv,explicit_input,calibrated_csv,python_generated_isa_plus_offset
40.0,normal_mission_validation,NORMAL,CLIMB,42,stage5_mission_generator,1505.2088805688854,458.7876667973963,12.019686416473608,959.334852042315,84.99080785781962,5499.448471469177,44.30820491388144,76.93720417410073,13.459927824853388,0.7914839878225831,289.19031007626165,69.46618593867488,448.92194719772607,482.28411794055114,515.6462886833762,549.0084594262012,498.96520331196365,549.0084594262012,448.92194719772607,100.0865122284751,3.557140334014396,71.4134475736108,14.5,91.0,41.995587771753414,39.995587771753414,14.44696149496515,420.0,True,True,2400.0,8.0,40.0,0.33591483929494753,91.65747452448629,0.33591483929494753,0.2015489035769685,0.13436593571797903,True,False,False,True,python_mission_generator,csv_authoritative,validated_csv,explicit_input,calibrated_csv,python_generated_isa_plus_offset
50.0,normal_mission_validation,NORMAL,CLIMB,42,stage5_mission_generator,1517.7688508678445,462.615945744519,11.994817675281668,958.8949503102158,84.96864320435087,5498.118592261052,44.24124534071515,76.8395162784635,13.441908421357855,0.7906420777198755,289.1650193589371,69.44945883945864,448.73698698196847,482.085160711595,515.4333344412215,548.781508170848,498.75924757640826,548.781508170848,448.73698698196847,100.04452118887957,3.555809007194269,71.40730225241664,14.5,91.0,41.98494873808842,39.98494873808842,14.44672681039901,420.0,True,True,2400.0,8.0,50.0,0.3358422405261693,91.63530987101754,0.3358422405261693,0.20150534431570158,0.1343368962104677,True,False,False,True,python_mission_generator,csv_authoritative,validated_csv,explicit_input,calibrated_csv,python_generated_isa_plus_offset
60.0,normal_mission_validation,NORMAL,CLIMB,42,stage5_mission_generator,1541.6281330140814,469.888254942692,11.94757629663212,958.0597501317899,84.92653858879868,5495.592315327921,44.114605691208965,76.65478611347996,13.407696684075212,0.7890588053169272,289.1166075470401,69.41788342694358,448.38668163486125,481.70840518769444,515.0301287405275,548.3518522933607,498.369266964111,548.3518522933607,448.38668163486125,99.96517065849946,3.5532873133144443,71.39571222616892,14.5,91.0,41.964738522623364,39.964738522623364,14.446280996822574,420.0,True,True,2400.0,8.0,60.0,0.33570443622617724,91.59320525546535,0.33570443622617724,0.20142266173570633,0.1342817744904709,True,False,False,True,python_mission_generator,csv_authoritative,validated_csv,explicit_input,calibrated_csv,python_generated_isa_plus_offset
70.0,normal_mission_validation,NORMAL,CLIMB,42,stage5_mission_generator,1579.6248609669258,481.469657622719,11.872342775285487,956.7308811891271,84.85948553947013,5491.569132368208,43.91292769097256,76.36024610664936,13.353213315030196,0.7865373895257335,289.0395100704654,69.36759849582204,447.82880831357363,481.10840904956075,514.3880097855479,547.667610521535,497.74820941755434,547.667610521535,447.82880831357363,99.83880220796141,3.5492714290248513,71.37725471049002,14.5,91.0,41.93255305894566,39.93255305894566,14.445571023359095,420.0,True,True,2400.0,8.0,70.0,0.33548497813580225,91.5261522061368,0.33548497813580225,0.20129098688148134,0.1341939912543209,True,False,False,True,python_mission_generator,csv_authoritative,validated_csv,explicit_input,calibrated_csv,python_generated_isa_plus_offset
80.0,normal_mission_validation,NORMAL,CLIMB,42,stage5_mission_generator,1634.1001830999937,498.0737358088781,11.764481637462012,954.8283064513072,84.76335261805883,5485.80115708353,43.6237850562787,75.93721495851214,13.275101350144542,0.782922474640769,288.928976608814,69.29550576655635,447.0289939473393,480.24820385126094,513.4674137551825,546.6866236591042,496.85780880322176,546.6866236591042,447.0289939473393,99.65762971176486,3.54351391773082,71.35079245527605,14.5,91.0,41.88640925666824,39.88640925666824,14.444553145367681,420.0,True,True,2400.0,8.0,80.0,0.335170344460431,91.43001928472549,0.335170344460431,0.20110220667625858,0.1340681377841724,True,False,False,True,python_mission_generator,csv_authoritative,validated_csv,explicit_input,calibrated_csv,python_generated_isa_plus_offset
90.0,normal_mission_validation,NORMAL,CLIMB,42,stage5_mission_generator,1706.9232411424507,520.270203900219,11.620291982537948,952.2897152721772,84.63484133916037,5478.090480349623,43.237256807442925,75.37031202375162,13.170680633938716,0.7780900267326452,288.7812145694486,69.19913161396433,445.95979553354766,479.09827447716407,512.2367534207805,545.3752323643969,495.66751394897227,545.3752323643969,445.95979553354766,99.41543683084922,3.535817229345552,71.31541749516705,14.5,91.0,41.824723842796985,39.824723842796985,14.443192437708756,420.0,True,True,2400.0,8.0,90.0,0.3347497395790555,91.30150800582706,0.3347497395790555,0.2008498437474333,0.1338998958316222,True,False,False,True,python_mission_generator,csv_authoritative,validated_csv,explicit_input,calibrated_csv,python_generated_isa_plus_offset
100.0,normal_mission_validation,NORMAL,CLIMB,42,stage5_mission_generator,1799.516149120276,548.4925222518601,11.436958024741854,949.0698476393384,84.47144208978774,5468.286525387265,42.743252861007576,74.64275997689472,13.039556760312166,0.7718517512428323,288.60648937131384,69.0755766637989,444.6007441947204,477.6358893100689,510.6710344254173,543.7061795407658,494.1534618677431,543.7061795407658,444.6007441947204,99.1054353460454,3.5259922968765816,71.27005774183807,14.5,91.0,41.74629220309812,39.74629220309812,14.441462328009518,420.0,True,True,2400.0,8.0,100.0,0.3342144656159522,91.13810875645441,0.3342144656159522,0.2005286793695713,0.1336857862463809,True,False,False,True,python_mission_generator,csv_authoritative,validated_csv,explicit_input,calibrated_csv,python_generated_isa_plus_offset
110.0,normal_mission_validation,NORMAL,CLIMB,42,stage5_mission_generator,1912.878972297527,583.0455107562863,11.212499634850897,945.1397270184166,84.27139004888672,5456.283402933203,42.34330515684107,74.10699728980666,12.930386671078242,0.7672201453085823,288.3879749876088,68.98274623672604,443.38452851926434,476.3366886521015,509.2888487849386,542.2410089177757,492.81276871852003,542.2410089177757,443.38452851926434,98.8564803985114,3.5159099109301444,71.2452534065273,14.5,91.0,41.650267223465626,39.650267223465626,14.439344129929388,420.0,True,True,2400.0,8.0,110.0,0.33359814459044007,90.93805671555339,0.33359814459044007,0.20015888675426405,0.13343925783617602,True,False,False,True,python_mission_generator,csv_authoritative,validated_csv,explicit_input,calibrated_csv,python_generated_isa_plus_offset
120.0,normal_mission_validation,NORMAL,CLIMB,42,stage5_mission_generator,2047.6147061176034,624.1129624246455,10.945722881887146,940.4857894417706,84.03362110685129,5442.017266411077,41.86795313313331,73.46715056645648,12.800634150173412,0.7617153174750262,288.12826289669954,68.87241398350633,441.9390130766942,474.79254261617336,507.6460721556524,540.4996016951316,491.2193073859129,540.4996016951316,441.9390130766942,98.56058861843735,3.5039266378334046,71.2157725747489,14.5,91.0,41.53613813128862,39.53613813128862,14.436826576425485,420.0,True,True,2400.0,8.0,120.0,0.33286562520433344,90.70028777351794,0.33286562520433344,0.19971937512260005,0.1331462500817334,True,False,False,True,python_mission_generator,csv_authoritative,validated_csv,explicit_input,calibrated_csv,python_generated_isa_plus_offset
130.0,normal_mission_validation,NORMAL,CLIMB,42,stage5_mission_generator,2203.95425514451,671.7652569680467,10.63617057481387,935.1089053952397,83.7577277850391,5425.463667102346,41.316382151119456,72.72049196344243,12.650076833059204,0.7553278337944299,287.8269080146769,68.74439082125802,440.2617206020446,473.00080490826105,505.7398892144775,538.478973520694,489.3703470613693,538.478973520694,440.2617206020446,98.21725291864942,3.4900219411453515,71.18156472346476,14.5,91.0,41.40370933681877,39.40370933681877,14.43390535301806,420.0,True,True,2400.0,8.0,130.0,0.33201565209600936,90.42439445170577,0.33201565209600936,0.19920939125760562,0.13280626083840374,True,False,False,True,python_mission_generator,csv_authoritative,validated_csv,explicit_input,calibrated_csv,python_generated_isa_plus_offset
140.0,normal_mission_validation,NORMAL,CLIMB,42,stage5_mission_generator,2381.781412004122,725.9669743788564,10.284072804231839,929.0232986352072,83.44391515528685,5406.63490931721,40.70456237494653,71.89313593785734,12.48379680805796,0.7476409613658157,287.47792161537564,68.59985675371553,438.386100635296,470.9966393003908,503.60717796548556,536.2177166305804,487.3019086329382,536.2177166305804,438.386100635296,97.83161599528444,3.474186302342988,71.14498930652806,14.5,91.0,41.25307927453768,39.25307927453768,14.430582631055978,420.0,True,True,2400.0,8.0,140.0,0.33105182089545476,90.1105818219535,0.33105182089545476,0.19863109253727285,0.13242072835818192,True,False,False,True,python_mission_generator,csv_authoritative,validated_csv,explicit_input,calibrated_csv,python_generated_isa_plus_offset
150.0,normal_mission_validation,NORMAL,CLIMB,42,stage5_mission_generator,2580.6578363254494,786.584508511997,9.89029748407561,922.2553723007179,83.09295675942568,5385.577405565541,40.187539631026,71.25749127329735,12.323689642480007,0.7403459870264784,287.09953226760996,68.47996928520871,436.662410773622,469.1617441356806,501.66107749773903,534.1604108597976,485.4114108167098,534.1604108597976,436.662410773622,97.49800008617558,3.45776768557697,71.12916713704931,14.5,91.0,41.084619244524326,39.084619244524326,14.426866600982155,420.0,True,True,2400.0,8.0,150.0,0.33000575270397814,89.75962342609235,0.33000575270397814,0.1980034516223869,0.13200230108159125,True,False,False,True,python_mission_generator,csv_authoritative,validated_csv,explicit_input,calibrated_csv,python_generated_isa_plus_offset
160.0,normal_mission_validation,NORMAL,CLIMB,42,stage5_mission_generator,2799.8480336818975,853.3936806662424,9.456300893309843,914.8424575683271,82.70615052879666,5362.369031727799,39.5600331522966,70.4484318906181,12.138686550981003,0.7324129607164651,286.6659850627601,68.33630483925496,434.62738584226884,466.994361417712,499.36133699315525,531.7283125685984,483.17784920543363,531.7283125685984,434.62738584226884,97.10092672632959,3.4393700960630533,71.10307780249936,14.5,91.0,40.89895225382239,38.89895225382239,14.422771005599023,420.0,True,True,2400.0,8.0,160.0,0.3288418508377122,89.37281719546331,0.3288418508377122,0.19730511050262733,0.1315367403350849,True,False,False,True,python_mission_generator,csv_authoritative,validated_csv,explicit_input,calibrated_csv,python_generated_isa_plus_offset
170.0,normal_mission_validation,NORMAL,CLIMB,42,stage5_mission_generator,3038.3443345325377,926.0873531655176,8.984078217625576,906.8315036524565,82.2852747037661,5337.116482225967,38.837501505447484,69.48898749932727,11.932832299131793,0.7236201131238841,286.18789900050183,68.17082553158973,432.32243811270087,464.538040894309,496.75364367591715,528.9692464575253,480.6458422851131,528.9692464575253,432.32243811270087,96.64680834482442,3.4190833196099613,71.06872730725601,14.5,91.0,40.69693185780773,38.69693185780773,14.418314673333994,420.0,True,True,2400.0,8.0,170.0,0.3275678610345395,88.95194137043278,0.3275678610345395,0.1965407166207237,0.1310271444138158,True,False,False,True,python_mission_generator,csv_authoritative,validated_csv,explicit_input,calibrated_csv,python_generated_isa_plus_offset
180.0,normal_mission_validation,NORMAL,CLIMB,42,stage5_mission_generator,3294.891873163364,1004.2830429401934,8.47611409113654,898.2777302315636,81.83254375324113,5309.952625194467,38.02904647394934,68.39056188956626,11.71877016890358,0.713223243496139,285.67280064365144,67.98143272803509,429.7747061788028,461.81960312838686,493.86450007797094,525.9093970275551,477.8420516031789,525.9093970275551,429.7747061788028,96.13469084875231,3.3968403920757635,71.02709140852231,14.5,91.0,40.479621001555735,38.479621001555735,14.413521051504906,420.0,True,True,2400.0,8.0,180.0,0.3261914960335509,88.49921041990778,0.3261914960335509,0.19571489762013053,0.13047659841342038,True,False,False,True,python_mission_generator,csv_authoritative,validated_csv,explicit_input,calibrated_csv,python_generated_isa_plus_offset
190.0,normal_mission_validation,NORMAL,CLIMB,42,stage5_mission_generator,3568.0135666285614,1087.5305351083855,7.935333138075448,889.2432644602383,81.35056429418489,5281.033857651093,37.16836151680001,67.20875443873503,11.490878637272752,0.7021546881140781,285.1244245560267,67.77980427541759,427.062379005464,458.9255417385531,490.7887044716422,522.6518672047313,474.8571231050976,522.6518672047313,427.062379005464,95.5894881992673,3.37316046878285,70.9827656386015,14.5,91.0,40.248270861208745,38.248270861208745,14.408417739585486,420.0,True,True,2400.0,8.0,190.0,0.3247262115022611,88.01723096085155,0.3247262115022611,0.19483572690135667,0.12989048460090444,True,False,False,True,python_mission_generator,csv_authoritative,validated_csv,explicit_input,calibrated_csv,python_generated_isa_plus_offset
200.0,normal_mission_validation,NORMAL,CLIMB,42,stage5_mission_generator,3856.0350936917707,1175.3194965572518,7.365050514490294,879.7957847163706,80.84229101113218,5250.53746066793,36.26072290145118,65.94837194953335,11.250554750464955,0.6904823006772632,284.54613245422144,67.56717621909043,424.2020840049145,455.87359822451344,487.5451124441124,519.2166266637113,471.70935533431293,519.2166266637113,424.2020840049145,95.01454265879676,3.3481887150527356,70.93602172829961,14.5,91.0,40.00429968534344,38.00429968534344,14.403036022470811,420.0,True,True,2400.0,8.0,200.0,0.323180990092238,87.50895767779883,0.323180990092238,0.1939085940553428,0.1292723960368952,True,False,False,True,python_mission_generator,csv_authoritative,validated_csv,explicit_input,calibrated_csv,python_generated_isa_plus_offset
210.0,normal_mission_validation,NORMAL,CLIMB,42,stage5_mission_generator,4157.109873767349,1267.087089524288,6.768922449940648,870.0071922606351,80.31098257570468,5218.65895454228,35.2972853423592,64.58828778307425,10.997977479089835,0.6787893242240686,283.94617127881463,67.34446327640704,421.18107481723627,452.6510065067682,484.12093819630013,515.5908698858321,468.3859723515342,515.5908698858321,421.18107481723627,94.40979506859588,3.3221326368926007,70.88495970617126,14.5,91.0,39.74927163633824,37.74927163633824,14.397410403742755,420.0,True,True,2400.0,8.0,210.0,0.3215629454005663,86.97764924237134,0.3215629454005663,0.19293776724033976,0.12862517816022653,True,False,False,True,python_mission_generator,csv_authoritative,validated_csv,explicit_input,calibrated_csv,python_generated_isa_plus_offset
220.0,normal_mission_validation,NORMAL,CLIMB,42,stage5_mission_generator,4469.244045861634,1362.225585178626,6.150896789193965,859.9523302000588,79.76015756612652,5185.609453967591,34.29440573333969,63.15312683662226,10.735745982339427,0.6668073123999841,283.3254260197165,67.11344548193759,418.0405055332523,449.3011049884109,480.5617044435694,511.82230389872797,464.93140471599014,511.82230389872797,418.0405055332523,93.78179836547565,3.295132538869919,70.8314142118364,14.5,91.0,39.484875631740735,37.484875631740735,14.391578138935458,420.0,True,True,2400.0,8.0,220.0,0.31988469318727303,86.4268242327932,0.31988469318727303,0.1919308159123638,0.12795387727490923,True,False,False,True,python_mission_generator,csv_authoritative,validated_csv,explicit_input,calibrated_csv,python_generated_isa_plus_offset
230.0,normal_mission_validation,NORMAL,CLIMB,42,stage5_mission_generator,4790.321447514212,1460.089977202332,5.515163533921861,849.7077667062971,79.19355038673963,5151.613023204378,33.26279174223504,61.65763270223365,10.466001061291017,0.6544819934602644,282.68689524449843,66.87580859429382,414.8099530479356,445.85522250752274,476.90049196710993,507.94576142669706,461.37785723731633,507.94576142669706,414.8099530479356,93.13580837876145,3.2673588373898097,70.77633453864368,14.5,91.0,39.212904185635026,37.212904185635026,14.385578768800773,420.0,True,True,2400.0,8.0,230.0,0.31815835589986086,85.8602170534063,0.31815835589986086,0.1908950135399165,0.12726334235994435,True,False,False,True,python_mission_generator,csv_authoritative,validated_csv,explicit_input,calibrated_csv,python_generated_isa_plus_offset
240.0,normal_mission_validation,NORMAL,CLIMB,42,stage5_mission_generator,5118.12859373918,1560.0055953717022,4.866105384396423,839.3506565047996,78.61506718751909,5116.904031251146,32.209555243218865,60.110292088041895,10.190602318425766,0.6418983372853151,282.0349809393381,66.6331908654367,411.51168856251564,442.3371147351521,473.1625409077885,503.987967080425,457.7498278214703,503.987967080425,411.51168856251564,92.47627851790935,3.2390030023935177,70.72010040197948,14.5,91.0,38.93523225000917,36.93523225000917,14.379453652573732,420.0,True,True,2400.0,8.0,240.0,0.31639583478596234,85.28173385418577,0.31639583478596234,0.18983750087157739,0.12655833391438495,True,False,False,True,python_mission_generator,csv_authoritative,validated_csv,explicit_input,calibrated_csv,python_generated_isa_plus_offset
250.0,normal_mission_validation,NORMAL,CLIMB,42,stage5_mission_generator,5450.379655966406,1661.2757191385606,4.208248281186515,828.9576913829803,78.0287417835887,5081.724507015321,31.142040548665975,58.520406028852285,9.91147013382652,0.6291440908359113,281.3742289610331,66.38728409050441,408.1687111704515,438.7713137516743,469.3739163328972,499.97651891412,454.07261504228575,499.97651891412,408.1687111704515,91.80780774366849,3.2102627616563844,70.66310392751187,14.5,91.0,38.65379605612257,36.65379605612257,14.373245501237998,420.0,True,True,2400.0,8.0,250.0,0.3146094200630544,84.69540845025536,0.3146094200630544,0.18876565203783266,0.12584376802522176,True,False,False,True,python_mission_generator,csv_authoritative,validated_csv,explicit_input,calibrated_csv,python_generated_isa_plus_offset
260.0,normal_mission_validation,NORMAL,CLIMB,42,stage5_mission_generator,5784.7414409828025,1763.1891912115582,3.5462119468540507,818.6041470155554,77.43869157473623,5046.321494484174,30.068836492737727,56.900107923033005,9.629035674247769,0.6162301847078466,280.7049107738729,66.1396381357786,404.80505088261214,435.183402118057,465.56175335350196,495.94010458894684,450.3725777357795,495.94010458894684,404.80505088261214,91.1350537063347,3.1813258892226743,70.60590921719172,14.5,91.0,38.37057195587339,36.37057195587339,14.366997910791325,420.0,True,True,2400.0,8.0,260.0,0.312811864678976,84.1053582414029,0.312811864678976,0.1876871188073856,0.1251247458715904,True,False,False,True,python_mission_generator,csv_authoritative,validated_csv,explicit_input,calibrated_csv,python_generated_isa_plus_offset
270.0,normal_mission_validation,NORMAL,CLIMB,42,stage5_mission_generator,6118.858369873575,1865.0280311374656,2.8846604276503225,808.3630299119177,76.84907346492898,5010.9444078957395,28.97512036399895,55.21753893753061,9.349329148716066,0.6032930402891038,280.0422995557143,65.88754234872779,401.39953375588277,431.5499947953312,461.7004558347796,491.850916874228,446.6252253150554,491.850916874228,401.39953375588277,90.45138311834523,3.152280067234585,70.5455616926086,14.5,91.0,38.08755526316592,36.08755526316592,14.360754895511013,420.0,True,True,2400.0,8.0,270.0,0.31101156890083187,83.51574013159566,0.31101156890083187,0.18660694134049913,0.12440462756033276,True,False,False,True,python_mission_generator,csv_authoritative,validated_csv,explicit_input,calibrated_csv,python_generated_isa_plus_offset
280.0,normal_mission_validation,NORMAL,CLIMB,42,stage5_mission_generator,6450.377456963504,1966.0750488824763,2.2282526352122627,798.3043248755982,76.26403978182911,4975.842386909747,27.749737351415263,53.255399093005636,9.052679172761627,0.5905474390758128,279.42384825316987,65.60850698783406,397.7275533909228,427.6276565900719,457.52775978922097,487.42786298837007,442.57770818964644,487.42786298837007,397.7275533909228,89.70030959744724,3.1226825796390725,70.46465776535375,14.5,91.0,37.75842386909747,35.73426625600722,14.354560421219368,420.0,True,True,2400.0,8.0,280.0,0.3091985716683511,82.93070644849578,0.3091985716683511,0.18551914300101063,0.12367942866734044,True,False,False,True,python_mission_generator,csv_authoritative,validated_csv,explicit_input,calibrated_csv,python_generated_isa_plus_offset
290.0,normal_mission_validation,NORMAL,CLIMB,42,stage5_mission_generator,6776.973288758196,2065.621458413498,1.581592888258772,788.4943401320079,75.68769419630907,4941.261651778544,26.485281026479225,51.1844588479737,8.745508411690695,0.5781328698804354,278.81973614201917,65.32234745894134,393.98542657086824,423.62925601009977,453.27308544933123,482.91691488856276,438.4511707297155,482.91691488856276,393.98542657086824,88.93148831769452,3.0932339508106352,70.37636466280243,14.5,91.0,37.41261651778544,35.35387816956398,14.348457938549155,420.0,True,True,2400.0,8.0,290.0,0.30740158976364956,82.35436086297572,0.30740158976364956,0.18444095385818973,0.12296063590545983,True,False,False,True,python_mission_generator,csv_authoritative,validated_csv,explicit_input,calibrated_csv,python_generated_isa_plus_offset
300.0,normal_mission_validation,NORMAL,CLIMB,42,stage5_mission_generator,7096.373002885348,2162.974491279454,0.949181454287011,778.9951443102033,75.12404764196704,4907.442858518022,25.56529673422564,49.74700834020713,8.521856973110594,0.5657708892392895,278.18241897603656,65.10769031676872,391.00617366701306,420.45408716338045,449.90200065974784,479.34991415611523,435.17804391156415,479.34991415611523,391.00617366701306,88.34374048910217,3.066186372866203,70.33750869022946,14.5,91.0,37.07442858518022,34.981871443698246,14.342489916209063,420.0,True,True,2400.0,8.0,300.0,0.3057045089636397,81.7907143086337,0.3057045089636397,0.1834227053781838,0.12228180358545589,True,False,False,True,python_mission_generator,csv_authoritative,validated_csv,explicit_input,calibrated_csv,python_generated_isa_plus_offset
310.0,normal_mission_validation,NORMAL,CLIMB,42,stage5_mission_generator,7406.381267036023,2257.46501019258,0.33536509126867386,769.8640868192406,74.57697423464231,4874.618454078539,24.732428016129003,48.450415685001495,8.318179430159915,0.553678406895693,277.5537029842375,64.91144476228048,388.24308094124694,417.51108406891507,446.77908719658313,476.04709032425126,432.1450856327491,476.04709032425126,388.24308094124694,87.80400938300431,3.0402530600019926,70.30880494770733,14.5,91.0,36.74618454078539,34.62080299486393,14.336697374249153,420.0,True,True,2400.0,8.0,310.0,0.30406876910327313,81.24364090130898,0.30406876910327313,0.18244126146196388,0.12162750764130925,True,False,False,True,python_mission_generator,csv_authoritative,validated_csv,explicit_input,calibrated_csv,python_generated_isa_plus_offset
320.0,normal_mission_validation,NORMAL,CLIMB,42,stage5_mission_generator,7704.905257905903,2348.4551226097196,-0.25571241065368966,761.1533908832747,74.05016719193075,4843.010031515845,23.779547871693243,46.887773062313,8.077544308434883,0.5418426798678674,276.9605925569844,64.70521515327063,385.25407707570537,414.3219996511977,443.38992222669,472.4578448021823,428.85596093894384,472.4578448021823,385.25407707570537,87.20376772647694,3.0143690170272643,70.26364902102105,14.5,91.0,36.430100315158455,34.2731103466743,14.331119417326326,420.0,True,True,2400.0,8.0,320.0,0.30246488910805935,80.71683385859743,0.30246488910805935,0.1814789334648356,0.12098595564322374,True,False,False,True,python_mission_generator,csv_authoritative,validated_csv,explicit_input,calibrated_csv,python_generated_isa_plus_offset
330.0,normal_mission_validation,NORMAL,CLIMB,42,stage5_mission_generator,7989.979640136553,2435.3457943136214,-0.8201596874703743,752.9098066184919,73.5470947527002,4812.825685162012,22.869598498032097,45.37637411689805,7.847750687932668,0.5305401960679017,276.3942039456334,64.52749228932711,382.3997388767171,411.27659526807565,440.15345165943427,469.0303080507928,425.71502346375496,469.0303080507928,382.3997388767171,86.63056917407573,2.9896511458131263,70.22693264875261,14.5,91.0,36.128256851620115,33.94108253678213,14.325792767969768,420.0,True,True,2400.0,8.0,330.0,0.3009332698319157,80.21376141936686,0.3009332698319157,0.1805599618991494,0.1203733079327663,True,False,False,True,python_mission_generator,csv_authoritative,validated_csv,explicit_input,calibrated_csv,python_generated_isa_plus_offset
340.0,normal_mission_validation,NORMAL,CLIMB,42,stage5_mission_generator,8259.791545256692,2517.58446299424,-1.3543872596082522,745.1743100629034,73.07095609660584,4784.25736579635,22.008366520085545,43.92832642438855,7.630259891155308,0.5198428311808985,275.858138975252,64.35928445483566,379.6982178866512,408.3942375057198,437.09025712478837,465.78627674385694,422.7422473152541,465.78627674385694,379.6982178866512,86.08805885720574,2.9662566342803265,70.19218201885268,14.5,91.0,35.842573657963506,33.626831023759856,14.320751299846414,420.0,True,True,2400.0,8.0,340.0,0.2994836512741854,79.73762276327251,0.2994836512741854,0.17969019076451123,0.11979346050967417,True,False,False,True,python_mission_generator,csv_authoritative,validated_csv,explicit_input,calibrated_csv,python_generated_isa_plus_offset
350.0,normal_mission_validation,NORMAL,CLIMB,42,stage5_mission_generator,8512.705550623461,2594.672651830031,-1.8551569902344553,737.9818330108793,72.62463726360565,4757.478235816339,21.201072160722774,42.55517649443971,7.426390204534623,0.5098154256102021,275.3556469197751,64.20161121526395,377.16588895225607,405.6923973246764,434.21890569709666,462.745414069517,419.9556515108865,462.745414069517,377.16588895225607,85.57952511726091,2.944327284599759,70.15960776682662,14.5,91.0,35.57478235816339,33.33226059397973,14.316025571026413,420.0,True,True,2400.0,8.0,350.0,0.29812482007092056,79.29130393027232,0.29812482007092056,0.17887489204255233,0.11924992802836823,True,False,False,True,python_mission_generator,csv_authoritative,validated_csv,explicit_input,calibrated_csv,python_generated_isa_plus_offset
360.0,normal_mission_validation,NORMAL,CLIMB,42,stage5_mission_generator,8747.288658363657,2666.173583069243,-2.3196315435600425,731.3610078570243,72.21066707347589,4732.6400244085535,20.452289508667516,41.26765977631363,7.237296743331688,0.5005147941250692,274.8895748735965,64.05536593915694,374.8171001202997,403.18638321380354,431.5556663073073,459.92494940081116,417.37102476055543,459.92494940081116,374.8171001202997,85.10784928051146,2.923987347349827,70.12939445672741,14.5,91.0,35.326400244085534,33.05904026849409,14.311642357248568,420.0,True,True,2400.0,8.0,360.0,0.2968644752905121,78.87733374014256,0.2968644752905121,0.17811868517430723,0.11874579011620484,True,False,False,True,python_mission_generator,csv_authoritative,validated_csv,explicit_input,calibrated_csv,python_generated_isa_plus_offset
370.0,normal_mission_validation,NORMAL,CLIMB,42,stage5_mission_generator,8962.335274315048,2731.719791611227,-2.745423843143797,725.3339114168946,71.83117304532638,4709.870382719583,19.84877621541514,40.243538683339324,7.0893123927467,0.49311253485513434,274.47046538523114,63.94447197970914,372.84972390166286,401.09225208951307,429.3347802773634,457.5773084652136,415.21351618343823,457.5773084652136,372.84972390166286,84.72758456355075,2.906105136574123,70.11413377832253,14.5,91.0,35.098703827195834,32.80857420991541,14.307624185185809,420.0,True,True,2400.0,8.0,370.0,0.29572488650150797,78.49783971199305,0.29572488650150797,0.17743493190090479,0.1182899546006032,True,False,False,True,python_mission_generator,csv_authoritative,validated_csv,explicit_input,calibrated_csv,python_generated_isa_plus_offset
380.0,normal_mission_validation,NORMAL,CLIMB,42,stage5_mission_generator,9156.892186967585,2791.02073858772,-3.1306465301958184,719.9157918673939,71.48783731711603,4689.2702390269615,19.43123159357019,39.57003628507222,6.993998806409365,0.48819039276783394,274.1032856267075,63.88022106373559,371.35736821788095,399.51222947268855,427.6670907274962,455.8219519823038,413.5896601000924,455.8219519823038,371.35736821788095,84.46458376442285,2.8911188580594174,70.11959700447417,14.5,91.0,34.89270239026961,32.58197262929657,14.30398886571064,420.0,True,True,2400.0,8.0,380.0,0.2947183477264171,78.15450398378269,0.2947183477264171,0.17683100863585025,0.11788733909056684,True,False,False,True,python_mission_generator,csv_authoritative,validated_csv,explicit_input,calibrated_csv,python_generated_isa_plus_offset
390.0,normal_mission_validation,NORMAL,CLIMB,42,stage5_mission_generator,9330.283546404695,2843.870424944151,-3.4739614218812953,715.1147635483924,71.18185256516819,4670.911153910091,19.04483342569763,38.935607381752526,6.904316605166967,0.4835407553359695,273.77929466710907,63.8186111587886,369.9975480355156,398.0711079706998,426.14466790588403,454.21822784106826,412.1078879382919,454.21822784106826,369.9975480355156,84.22067980555266,2.8776134652804095,70.12232425509629,14.5,91.0,34.70911153910092,32.38002269301101,14.300749027160604,420.0,True,True,2400.0,8.0,390.0,0.29381858924513465,77.84851923183486,0.29381858924513465,0.17629115354708078,0.11752743569805386,True,False,False,True,python_mission_generator,csv_authoritative,validated_csv,explicit_input,calibrated_csv,python_generated_isa_plus_offset
400.0,normal_mission_validation,NORMAL,CLIMB,42,stage5_mission_generator,9482.135843244556,2890.1550050209407,-3.774628969624221,710.9314554126879,70.91387792368607,4654.832675421165,18.706434502725664,38.375878056207824,6.825774927608618,0.47946870626851124,273.49555058937585,63.764654574073774,368.8066477585251,396.8090058059048,424.81136385328443,452.8137219006641,410.8101848295946,452.8137219006641,368.8066477585251,84.007074142139,2.8657857426079834,70.12471272054444,14.5,91.0,34.54832675421165,32.20315942963281,14.297911648603735,420.0,True,True,2400.0,8.0,400.0,0.293030600775424,77.58054459035274,0.293030600775424,0.17581836046525437,0.1172122403101696,True,False,False,True,python_mission_generator,csv_authoritative,validated_csv,explicit_input,calibrated_csv,python_generated_isa_plus_offset
410.0,normal_mission_validation,NORMAL,CLIMB,42,stage5_mission_generator,9612.402887581318,2929.860400134786,-4.032557717411009,707.3586004439725,70.68399490426826,4641.039694256096,18.416137757666952,37.89262169536944,6.758397664269846,0.47597548418724467,273.2521397017991,63.71836772191824,367.78502963083247,395.72630688017006,423.6675841295077,451.6088613788453,409.6969455048389,451.6088613788453,367.78502963083247,83.82383174801282,2.85563928775787,70.12676167430351,14.5,91.0,34.41039694256096,32.05143663681705,14.295477593104017,420.0,True,True,2400.0,8.0,410.0,0.29235462200488943,77.35066157093493,0.29235462200488943,0.17541277320293366,0.11694184880195578,True,False,False,True,python_mission_generator,csv_authoritative,validated_csv,explicit_input,calibrated_csv,python_generated_isa_plus_offset
420.0,normal_mission_validation,NORMAL,CLIMB,42,stage5_mission_generator,9721.390787926406,2963.079912159969,-4.248353760094286,704.3805554412418,70.49166331542399,4629.49979892544,18.221168543044186,37.584912001194844,6.707311477499278,0.47310242730344015,273.0253681972024,63.68993532372628,367.02590515495837,394.9245718305946,422.82323850623084,450.72190518186704,408.8739051684127,450.72190518186704,367.02590515495837,83.69600002690868,2.8474368014936347,70.13566205723086,14.5,91.0,34.2949979892544,31.92449778817984,14.293441140986843,420.0,True,True,2400.0,8.0,420.0,0.2917981897217484,77.15832998209066,0.2917981897217484,0.17507891383304905,0.11671927588869938,True,False,False,True,python_mission_generator,csv_authoritative,validated_csv,explicit_input,calibrated_csv,python_generated_isa_plus_offset
430.0,normal_mission_validation,NORMAL,CLIMB,42,stage5_mission_generator,9809.782930149799,2990.021837109659,-4.423370201696603,701.9727432738856,70.33567718208859,4620.140630925315,18.066346936322674,37.34105060719334,6.6662436489540635,0.47077571702877347,272.8398558719316,63.66758571922116,366.41682805856385,394.28152205975726,422.14621606095074,450.01091006214415,408.213869060354,450.01091006214415,366.41682805856385,83.5940820035803,2.8408041228368104,70.14337606600083,14.5,91.0,34.20140630925315,31.821546940178468,14.291789523104468,420.0,True,True,2400.0,8.0,430.0,0.29134753733189117,77.00234384875526,0.29134753733189117,0.1748085223991347,0.11653901493275648,True,False,False,True,python_mission_generator,csv_authoritative,validated_csv,explicit_input,calibrated_csv,python_generated_isa_plus_offset
440.0,normal_mission_validation,NORMAL,CLIMB,42,stage5_mission_generator,9878.664956421202,3011.0170787171824,-4.559756613713979,700.101013147107,70.21412066513905,4612.847239908343,17.945697909007322,37.15032882176029,6.634240405525346,0.4689625635715295,272.6952902517131,63.65016917057833,365.9421878529999,393.78040770621345,421.618627559427,449.45684741264057,407.69951763282023,449.45684741264057,365.9421878529999,83.51465955964068,2.8356354241946335,70.14938742109851,14.5,91.0,34.12847239908343,31.741319638991772,14.290502454101473,420.0,True,True,2400.0,8.0,440.0,0.2909963539690197,76.88078733180572,0.2909963539690197,0.1745978123814118,0.11639854158760787,True,False,False,True,python_mission_generator,csv_authoritative,validated_csv,explicit_input,calibrated_csv,python_generated_isa_plus_offset
450.0,normal_mission_validation,NORMAL,CLIMB,42,stage5_mission_generator,9929.549744151436,3026.526762017358,-4.660508493419844,698.7209187056806,70.12432398090922,4607.459438854554,17.856571608909654,37.00905033606418,6.61059885000355,0.46762314407723843,272.5884961967745,63.6373031527119,365.59155986750477,393.4102226392384,421.22888541097205,449.04754818270567,407.3195540251052,449.04754818270567,365.59155986750477,83.4559883152009,2.8318171838279467,70.15382815178944,14.5,91.0,34.074594388545535,31.68205382740009,14.289551665680216,420.0,True,True,2400.0,8.0,450.0,0.29073692648348537,76.7909906475759,0.29073692648348537,0.1744421558900912,0.11629477059339416,True,False,False,True,python_mission_generator,csv_authoritative,validated_csv,explicit_input,calibrated_csv,python_generated_isa_plus_offset
460.0,normal_mission_validation,NORMAL,CLIMB,42,stage5_mission_generator,9964.402384933623,3037.1498469277685,-4.729516722168572,697.776919086313,70.06281932070537,4603.7691592423225,17.792322374822113,36.9054479982247,6.5941207316975134,0.46667706456900215,272.5160626125208,63.62767157761218,365.3446672908466,393.14930141887635,420.9539355469061,448.75856967493587,407.05161848289123,448.75856967493587,365.3446672908466,83.41390238408928,2.8291762420102065,70.1563891909501,14.5,91.0,34.03769159242323,31.641460751665548,14.288900439866293,420.0,True,True,2400.0,8.0,460.0,0.29055862595158494,76.72948598737204,0.29055862595158494,0.17433517557095096,0.11622345038063397,True,False,False,True,python_mission_generator,csv_authoritative,validated_csv,explicit_input,calibrated_csv,python_generated_isa_plus_offset
470.0,normal_mission_validation,NORMAL,CLIMB,42,stage5_mission_generator,9985.665163484446,3043.6307418300594,-4.7716170236992035,697.2015144565343,70.02529677032157,4601.517806219294,17.7447458405387,36.82477130412077,6.583321728075191,0.46602490158996646,272.4737378074392,63.61965285307044,365.17642523147185,392.9708442090406,420.76526318660933,448.55968216417807,406.86805369782496,448.55968216417807,365.17642523147185,83.38325693270622,2.8274978318137274,70.15669468330036,14.5,91.0,34.01517806219294,31.61669586841223,14.288503142273994,420.0,True,True,2400.0,8.0,470.0,0.29044825286854226,76.69196343698823,0.29044825286854226,0.17426895172112536,0.11617930114741691,True,False,False,True,python_mission_generator,csv_authoritative,validated_csv,explicit_input,calibrated_csv,python_generated_isa_plus_offset
480.0,normal_mission_validation,NORMAL,CLIMB,42,stage5_mission_generator,9996.282536585442,3046.866917151243,-4.792639422439173,696.9143353041559,70.0065602295551,4600.393613773306,17.720988935290773,36.78445657890121,6.577929344840649,0.46569924999864076,272.45260330491396,63.61564877664881,365.0924151049783,392.88173324102394,420.67105137706966,448.4603695131153,406.7763923090468,448.4603695131153,365.0924151049783,83.36795440813705,2.826659733103818,70.15684722809853,14.5,91.0,34.003936137733064,31.60432975150637,14.28830475537176,420.0,True,True,2400.0,8.0,480.0,0.2903931390836637,76.67322689622178,0.2903931390836637,0.17423588345019822,0.11615725563346549,True,False,False,True,python_mission_generator,csv_authoritative,validated_csv,explicit_input,calibrated_csv,python_generated_isa_plus_offset
490.0,normal_mission_validation,NORMAL,CLIMB,42,stage5_mission_generator,9999.726112024286,3047.9165189450023,-4.799457701808084,696.821213905099,70.00048333172185,4600.028999903311,17.713283762397584,36.77137690959214,6.576180411438134,0.46559363010463856,272.44574866647224,63.614350118394114,365.0651677618307,392.852831521373,420.6404952809153,448.42815904045756,406.74666340114413,448.42815904045756,365.0651677618307,83.36299127862685,2.826387909169092,70.15689670356814,14.5,91.0,34.000289999033114,31.600318998936423,14.288240411747644,420.0,True,True,2400.0,8.0,490.0,0.29037526380753426,76.66714999838852,0.29037526380753426,0.17422515828452054,0.1161501055230137,True,False,False,True,python_mission_generator,csv_authoritative,validated_csv,explicit_input,calibrated_csv,python_generated_isa_plus_offset
500.0,normal_mission_validation,NORMAL,CRUISE,42,stage5_mission_generator,10000.0,3048.0,-4.800000000000001,696.8138078405747,70.0,4600.0,17.712670924304234,36.77033651691012,6.576041308393121,0.46558522952812226,272.44520347642765,63.614246828401825,365.06300061904824,392.85053279621644,420.6380649733846,448.4255971505528,406.7442988848005,448.4255971505528,365.06300061904824,83.36259653150455,2.826366289399595,70.15690063864564,14.5,91.0,34.0,31.6,14.288235294117648,420.0,True,True,2400.0,8.0,500.0,0.2903738420808199,76.66666666666667,0.2903738420808199,0.17422430524849195,0.11614953683232797,True,False,False,True,python_mission_generator,csv_authoritative,validated_csv,explicit_input,calibrated_csv,python_generated_isa_plus_offset
510.0,normal_mission_validation,NORMAL,CRUISE,42,stage5_mission_generator,10000.0,3048.0,-4.800000000000001,696.8138078405747,70.0,4600.0,17.712670924304234,36.77033651691012,6.576041308393121,0.46558522952812226,272.44520347642765,63.614246828401825,365.06300061904824,392.85053279621644,420.6380649733846,448.4255971505528,406.7442988848005,448.4255971505528,365.06300061904824,83.36259653150455,2.826366289399595,70.15690063864564,14.5,91.0,34.0,31.6,14.288235294117648,420.0,True,True,2400.0,8.0,510.0,0.2903738420808199,76.66666666666667,0.2903738420808199,0.17422430524849195,0.11614953683232797,True,False,False,True,python_mission_generator,csv_authoritative,validated_csv,explicit_input,calibrated_csv,python_generated_isa_plus_offset
520.0,normal_mission_validation,NORMAL,CRUISE,42,stage5_mission_generator,10000.0,3048.0,-4.800000000000001,696.8138078405747,70.0,4600.0,17.712670924304234,36.77033651691012,6.576041308393121,0.46558522952812226,272.44520347642765,63.614246828401825,365.06300061904824,392.85053279621644,420.6380649733846,448.4255971505528,406.7442988848005,448.4255971505528,365.06300061904824,83.36259653150455,2.826366289399595,70.15690063864564,14.5,91.0,34.0,31.6,14.288235294117648,420.0,True,True,2400.0,8.0,520.0,0.2903738420808199,76.66666666666667,0.2903738420808199,0.17422430524849195,0.11614953683232797,True,False,False,True,python_mission_generator,csv_authoritative,validated_csv,explicit_input,calibrated_csv,python_generated_isa_plus_offset
530.0,normal_mission_validation,NORMAL,CRUISE,42,stage5_mission_generator,10000.0,3048.0,-4.800000000000001,696.8138078405747,70.0,4600.0,17.712670924304234,36.77033651691012,6.576041308393121,0.46558522952812226,272.44520347642765,63.614246828401825,365.06300061904824,392.85053279621644,420.6380649733846,448.4255971505528,406.7442988848005,448.4255971505528,365.06300061904824,83.36259653150455,2.826366289399595,70.15690063864564,14.5,91.0,34.0,31.6,14.288235294117648,420.0,True,True,2400.0,8.0,530.0,0.2903738420808199,76.66666666666667,0.2903738420808199,0.17422430524849195,0.11614953683232797,True,False,False,True,python_mission_generator,csv_authoritative,validated_csv,explicit_input,calibrated_csv,python_generated_isa_plus_offset
540.0,normal_mission_validation,NORMAL,CRUISE,42,stage5_mission_generator,10000.0,3048.0,-4.800000000000001,696.8138078405747,70.0,4600.0,17.712670924304234,36.77033651691012,6.576041308393121,0.46558522952812226,272.44520347642765,63.614246828401825,365.06300061904824,392.85053279621644,420.6380649733846,448.4255971505528,406.7442988848005,448.4255971505528,365.06300061904824,83.36259653150455,2.826366289399595,70.15690063864564,14.5,91.0,34.0,31.6,14.288235294117648,420.0,True,True,2400.0,8.0,540.0,0.2903738420808199,76.66666666666667,0.2903738420808199,0.17422430524849195,0.11614953683232797,True,False,False,True,python_mission_generator,csv_authoritative,validated_csv,explicit_input,calibrated_csv,python_generated_isa_plus_offset
550.0,normal_mission_validation,NORMAL,CRUISE,42,stage5_mission_generator,10000.0,3048.0,-4.800000000000001,696.8138078405747,70.0,4600.0,17.712670924304234,36.77033651691012,6.576041308393121,0.46558522952812226,272.44520347642765,63.614246828401825,365.06300061904824,392.85053279621644,420.6380649733846,448.4255971505528,406.7442988848005,448.4255971505528,365.06300061904824,83.36259653150455,2.826366289399595,70.15690063864564,14.5,91.0,34.0,31.6,14.288235294117648,420.0,True,True,2400.0,8.0,550.0,0.2903738420808199,76.66666666666667,0.2903738420808199,0.17422430524849195,0.11614953683232797,True,False,False,True,python_mission_generator,csv_authoritative,validated_csv,explicit_input,calibrated_csv,python_generated_isa_plus_offset
560.0,normal_mission_validation,NORMAL,CRUISE,42,stage5_mission_generator,10000.0,3048.0,-4.800000000000001,696.8138078405747,70.0,4600.0,17.712670924304234,36.77033651691012,6.576041308393121,0.46558522952812226,272.44520347642765,63.614246828401825,365.06300061904824,392.85053279621644,420.6380649733846,448.4255971505528,406.7442988848005,448.4255971505528,365.06300061904824,83.36259653150455,2.826366289399595,70.15690063864564,14.5,91.0,34.0,31.6,14.288235294117648,420.0,True,True,2400.0,8.0,560.0,0.2903738420808199,76.66666666666667,0.2903738420808199,0.17422430524849195,0.11614953683232797,True,False,False,True,python_mission_generator,csv_authoritative,validated_csv,explicit_input,calibrated_csv,python_generated_isa_plus_offset
570.0,normal_mission_validation,NORMAL,CRUISE,42,stage5_mission_generator,10000.0,3048.0,-4.800000000000001,696.8138078405747,70.0,4600.0,17.712670924304234,36.77033651691012,6.576041308393121,0.46558522952812226,272.44520347642765,63.614246828401825,365.06300061904824,392.85053279621644,420.6380649733846,448.4255971505528,406.7442988848005,448.4255971505528,365.06300061904824,83.36259653150455,2.826366289399595,70.15690063864564,14.5,91.0,34.0,31.6,14.288235294117648,420.0,True,True,2400.0,8.0,570.0,0.2903738420808199,76.66666666666667,0.2903738420808199,0.17422430524849195,0.11614953683232797,True,False,False,True,python_mission_generator,csv_authoritative,validated_csv,explicit_input,calibrated_csv,python_generated_isa_plus_offset
580.0,normal_mission_validation,NORMAL,CRUISE,42,stage5_mission_generator,10000.0,3048.0,-4.800000000000001,696.8138078405747,70.0,4600.0,17.712670924304234,36.77033651691012,6.576041308393121,0.46558522952812226,272.44520347642765,63.614246828401825,365.06300061904824,392.85053279621644,420.6380649733846,448.4255971505528,406.7442988848005,448.4255971505528,365.06300061904824,83.36259653150455,2.826366289399595,70.15690063864564,14.5,91.0,34.0,31.6,14.288235294117648,420.0,True,True,2400.0,8.0,580.0,0.2903738420808199,76.66666666666667,0.2903738420808199,0.17422430524849195,0.11614953683232797,True,False,False,True,python_mission_generator,csv_authoritative,validated_csv,explicit_input,calibrated_csv,python_generated_isa_plus_offset
590.0,normal_mission_validation,NORMAL,CRUISE,42,stage5_mission_generator,10000.0,3048.0,-4.800000000000001,696.8138078405747,70.0,4600.0,17.712670924304234,36.77033651691012,6.576041308393121,0.46558522952812226,272.44520347642765,63.614246828401825,365.06300061904824,392.85053279621644,420.6380649733846,448.4255971505528,406.7442988848005,448.4255971505528,365.06300061904824,83.36259653150455,2.826366289399595,70.15690063864564,14.5,91.0,34.0,31.6,14.288235294117648,420.0,True,True,2400.0,8.0,590.0,0.2903738420808199,76.66666666666667,0.2903738420808199,0.17422430524849195,0.11614953683232797,True,False,False,True,python_mission_generator,csv_authoritative,validated_csv,explicit_input,calibrated_csv,python_generated_isa_plus_offset
600.0,normal_mission_validation,NORMAL,CRUISE,42,stage5_mission_generator,10000.0,3048.0,-4.800000000000001,696.8138078405747,70.0,4600.0,17.712670924304234,36.77033651691012,6.576041308393121,0.46558522952812226,272.44520347642765,63.614246828401825,365.06300061904824,392.85053279621644,420.6380649733846,448.4255971505528,406.7442988848005,448.4255971505528,365.06300061904824,83.36259653150455,2.826366289399595,70.15690063864564,14.5,91.0,34.0,31.6,14.288235294117648,420.0,True,True,2400.0,8.0,600.0,0.2903738420808199,76.66666666666667,0.2903738420808199,0.17422430524849195,0.11614953683232797,True,False,False,True,python_mission_generator,csv_authoritative,validated_csv,explicit_input,calibrated_csv,python_generated_isa_plus_offset
610.0,normal_mission_validation,NORMAL,CRUISE,42,stage5_mission_generator,10000.0,3048.0,-4.800000000000001,696.8138078405747,70.0,4600.0,17.712670924304234,36.77033651691012,6.576041308393121,0.46558522952812226,272.44520347642765,63.614246828401825,365.06300061904824,392.85053279621644,420.6380649733846,448.4255971505528,406.7442988848005,448.4255971505528,365.06300061904824,83.36259653150455,2.826366289399595,70.15690063864564,14.5,91.0,34.0,31.6,14.288235294117648,420.0,True,True,2400.0,8.0,610.0,0.2903738420808199,76.66666666666667,0.2903738420808199,0.17422430524849195,0.11614953683232797,True,False,False,True,python_mission_generator,csv_authoritative,validated_csv,explicit_input,calibrated_csv,python_generated_isa_plus_offset
620.0,normal_mission_validation,NORMAL,CRUISE,42,stage5_mission_generator,10000.0,3048.0,-4.800000000000001,696.8138078405747,70.0,4600.0,17.712670924304234,36.77033651691012,6.576041308393121,0.46558522952812226,272.44520347642765,63.614246828401825,365.06300061904824,392.85053279621644,420.6380649733846,448.4255971505528,406.7442988848005,448.4255971505528,365.06300061904824,83.36259653150455,2.826366289399595,70.15690063864564,14.5,91.0,34.0,31.6,14.288235294117648,420.0,True,True,2400.0,8.0,620.0,0.2903738420808199,76.66666666666667,0.2903738420808199,0.17422430524849195,0.11614953683232797,True,False,False,True,python_mission_generator,csv_authoritative,validated_csv,explicit_input,calibrated_csv,python_generated_isa_plus_offset
630.0,normal_mission_validation,NORMAL,CRUISE,42,stage5_mission_generator,10000.0,3048.0,-4.800000000000001,696.8138078405747,70.0,4600.0,17.712670924304234,36.77033651691012,6.576041308393121,0.46558522952812226,272.44520347642765,63.614246828401825,365.06300061904824,392.85053279621644,420.6380649733846,448.4255971505528,406.7442988848005,448.4255971505528,365.06300061904824,83.36259653150455,2.826366289399595,70.15690063864564,14.5,91.0,34.0,31.6,14.288235294117648,420.0,True,True,2400.0,8.0,630.0,0.2903738420808199,76.66666666666667,0.2903738420808199,0.17422430524849195,0.11614953683232797,True,False,False,True,python_mission_generator,csv_authoritative,validated_csv,explicit_input,calibrated_csv,python_generated_isa_plus_offset
640.0,normal_mission_validation,NORMAL,CRUISE,42,stage5_mission_generator,10000.0,3048.0,-4.800000000000001,696.8138078405747,70.0,4600.0,17.712670924304234,36.77033651691012,6.576041308393121,0.46558522952812226,272.44520347642765,63.614246828401825,365.06300061904824,392.85053279621644,420.6380649733846,448.4255971505528,406.7442988848005,448.4255971505528,365.06300061904824,83.36259653150455,2.826366289399595,70.15690063864564,14.5,91.0,34.0,31.6,14.288235294117648,420.0,True,True,2400.0,8.0,640.0,0.2903738420808199,76.66666666666667,0.2903738420808199,0.17422430524849195,0.11614953683232797,True,False,False,True,python_mission_generator,csv_authoritative,validated_csv,explicit_input,calibrated_csv,python_generated_isa_plus_offset
650.0,normal_mission_validation,NORMAL,CRUISE,42,stage5_mission_generator,10000.0,3048.0,-4.800000000000001,696.8138078405747,70.0,4600.0,17.712670924304234,36.77033651691012,6.576041308393121,0.46558522952812226,272.44520347642765,63.614246828401825,365.06300061904824,392.85053279621644,420.6380649733846,448.4255971505528,406.7442988848005,448.4255971505528,365.06300061904824,83.36259653150455,2.826366289399595,70.15690063864564,14.5,91.0,34.0,31.6,14.288235294117648,420.0,True,True,2400.0,8.0,650.0,0.2903738420808199,76.66666666666667,0.2903738420808199,0.17422430524849195,0.11614953683232797,True,False,False,True,python_mission_generator,csv_authoritative,validated_csv,explicit_input,calibrated_csv,python_generated_isa_plus_offset
660.0,normal_mission_validation,NORMAL,CRUISE,42,stage5_mission_generator,10000.0,3048.0,-4.800000000000001,696.8138078405747,70.0,4600.0,17.712670924304234,36.77033651691012,6.576041308393121,0.46558522952812226,272.44520347642765,63.614246828401825,365.06300061904824,392.85053279621644,420.6380649733846,448.4255971505528,406.7442988848005,448.4255971505528,365.06300061904824,83.36259653150455,2.826366289399595,70.15690063864564,14.5,91.0,34.0,31.6,14.288235294117648,420.0,True,True,2400.0,8.0,660.0,0.2903738420808199,76.66666666666667,0.2903738420808199,0.17422430524849195,0.11614953683232797,True,False,False,True,python_mission_generator,csv_authoritative,validated_csv,explicit_input,calibrated_csv,python_generated_isa_plus_offset
670.0,normal_mission_validation,NORMAL,CRUISE,42,stage5_mission_generator,10000.0,3048.0,-4.800000000000001,696.8138078405747,70.0,4600.0,17.712670924304234,36.77033651691012,6.576041308393121,0.46558522952812226,272.44520347642765,63.614246828401825,365.06300061904824,392.85053279621644,420.6380649733846,448.4255971505528,406.7442988848005,448.4255971505528,365.06300061904824,83.36259653150455,2.826366289399595,70.15690063864564,14.5,91.0,34.0,31.6,14.288235294117648,420.0,True,True,2400.0,8.0,670.0,0.2903738420808199,76.66666666666667,0.2903738420808199,0.17422430524849195,0.11614953683232797,True,False,False,True,python_mission_generator,csv_authoritative,validated_csv,explicit_input,calibrated_csv,python_generated_isa_plus_offset
680.0,normal_mission_validation,NORMAL,DESCENT,42,stage5_mission_generator,9999.987840146272,3047.9962936765837,-4.799975923489619,696.8141366476016,69.99998358419747,4599.998054423403,17.71267408165577,36.77035862343956,6.576041313735556,0.46558546513112153,272.4452274369773,63.6142456659942,365.0629794688747,392.85051261077655,420.63804575267847,448.4255788945803,406.7442791817275,448.4255788945803,365.0629794688747,83.36259942570564,2.8263652981752494,70.15689685629955,14.5,91.0,33.999980544234035,31.599978598657437,14.2882349507806,420.0,True,True,2400.0,8.0,680.0,0.2903737551312733,76.66663424039005,0.2903737551312733,0.17422425307876396,0.11614950205250932,True,False,False,True,python_mission_generator,csv_authoritative,validated_csv,explicit_input,calibrated_csv,python_generated_isa_plus_offset
690.0,normal_mission_validation,NORMAL,DESCENT,42,stage5_mission_generator,9998.967691973943,3047.685352513658,-4.797956030108409,696.8417222859978,69.99860638416482,4599.834830715831,17.712938966947444,36.7722133123118,6.576041761937981,0.4656052309913404,272.4472376018655,63.614148146069574,365.0612050798606,392.84881915787605,420.63643323589156,448.424047313907,406.7426261968838,448.424047313907,365.0612050798606,83.36284223404641,2.8262821396334763,70.156579537233,14.5,91.0,33.99834830715831,31.598183137874145,14.288206146596911,420.0,True,True,2400.0,8.0,690.0,0.2903664605187738,76.66391384526385,0.2903664605187738,0.17421987631126426,0.11614658420750952,True,False,False,True,python_mission_generator,csv_authoritative,validated_csv,explicit_input,calibrated_csv,python_generated_isa_plus_offset
700.0,normal_mission_validation,NORMAL,DESCENT,42,stage5_mission_generator,9994.3813953276,3046.2874492958526,-4.788875162748649,696.9657504112946,69.99241488369226,4599.101023252416,17.71412981603963,36.7805530934018,6.576043776928888,0.4656940926889776,272.4562747326816,63.61370972416642,365.05322793045667,392.8412058742678,420.62918381807896,448.4171617618901,406.7351948461734,448.4171617618901,365.05322793045667,83.36393383143343,2.825908282431556,70.1551529607706,14.5,91.0,33.99101023252416,31.590111255776574,14.288076651162191,420.0,True,True,2400.0,8.0,700.0,0.29033366601131866,76.65168372087359,0.29033366601131866,0.1742001996067912,0.11613346640452747,True,False,False,True,python_mission_generator,csv_authoritative,validated_csv,explicit_input,calibrated_csv,python_generated_isa_plus_offset
710.0,normal_mission_validation,NORMAL,DESCENT,42,stage5_mission_generator,9983.781985534397,3043.056749190884,-4.767888331358108,697.2524607363707,69.97810568047143,4597.405117685504,17.71688199246936,36.79983738344344,6.576048433782982,0.4658994613384139,272.477160484359,63.61269648543105,365.0347919063541,392.8236107819617,420.6124296575693,448.4012485331769,406.7180202197655,448.4012485331769,365.0347919063541,83.36645662682281,2.825044259453355,70.15185599380744,14.5,91.0,33.974051176855035,31.57145629454054,14.287777373709206,420.0,True,True,2400.0,8.0,710.0,0.29025787448488943,76.62341862809173,0.29025787448488943,0.17415472469093365,0.11610314979395578,True,False,False,True,python_mission_generator,csv_authoritative,validated_csv,explicit_input,calibrated_csv,python_generated_isa_plus_offset
720.0,normal_mission_validation,NORMAL,DESCENT,42,stage5_mission_generator,9965.002972150292,3037.3329059114094,-4.730705884857581,697.7606609647295,69.95275401240289,4594.4004755440465,17.72175803359031,36.834038386569866,6.576056684348542,0.4662633137313006,272.5141638475593,63.610901326630334,365.00212873452415,392.792437492094,420.5827462496637,448.3730550072336,406.68759187087886,448.3730550072336,365.00212873452415,83.37092627270943,2.823513466759386,70.14601474529115,14.5,91.0,33.94400475544046,31.53840523098451,14.287247142743068,420.0,True,True,2400.0,8.0,720.0,0.2901235943582612,76.57334125906745,0.2901235943582612,0.1740741566149567,0.11604943774330448,True,False,False,True,python_mission_generator,csv_authoritative,validated_csv,explicit_input,calibrated_csv,python_generated_isa_plus_offset
730.0,normal_mission_validation,NORMAL,DESCENT,42,stage5_mission_generator,9936.147964012705,3028.5378994310727,-4.673572968745159,698.5421236112479,69.91379975141716,4589.783674242033,17.729250344466625,36.88667741102024,6.576069361805635,0.46682239335613923,272.57102159212894,63.60814296437012,364.95193993761166,392.744537982444,420.5371360272763,448.32973407210864,406.64083700486015,448.32973407210864,364.95193993761166,83.37779413449698,2.821161317861148,70.13703933907443,14.5,91.0,33.89783674242033,31.487620416662367,14.286432413101535,420.0,True,True,2400.0,8.0,730.0,0.2899172654065042,76.49639457070056,0.2899172654065042,0.1739503592439025,0.11596690616260169,True,False,False,True,python_mission_generator,csv_authoritative,validated_csv,explicit_input,calibrated_csv,python_generated_isa_plus_offset
740.0,normal_mission_validation,NORMAL,DESCENT,42,stage5_mission_generator,9895.580294293177,3016.1728737005606,-4.593248982700491,699.6419915807177,69.85903339729579,4583.292847086908,17.739783891766862,36.96086272407205,6.576087185224349,0.46760841141786436,272.65095871055564,63.60426494331374,364.8813787883284,392.67719537495134,420.47301196157423,448.2688285481972,406.5751036682628,448.2688285481972,364.8813787883284,83.38744975986879,2.8178543979954553,70.12442068676764,14.5,91.0,33.832928470869085,31.41622131795599,14.285286973015337,420.0,True,True,2400.0,8.0,740.0,0.28962718457448555,76.38821411811514,0.28962718457448555,0.17377631074469133,0.11585087382979423,True,False,False,True,python_mission_generator,csv_authoritative,validated_csv,explicit_input,calibrated_csv,python_generated_isa_plus_offset
750.0,normal_mission_validation,NORMAL,DESCENT,42,stage5_mission_generator,9841.912645550015,2999.814974363645,-4.4869870381890316,701.099179507674,69.78658207149252,4574.706023288002,17.75371889765794,37.05932717567811,6.576110764123055,0.4686482478574255,272.75670886142524,63.59913464440055,364.78803226384633,392.5881067132324,420.38818116261837,448.1882556120044,406.4881439379254,448.1882556120044,364.78803226384633,83.40022334815808,2.813479618398778,70.1077272605912,14.5,91.0,33.747060232880024,31.321766256168026,14.283771651168472,420.0,True,True,2400.0,8.0,750.0,0.28924343179037115,76.24510038813337,0.28924343179037115,0.17354605907422269,0.11569737271614847,True,False,False,True,python_mission_generator,csv_authoritative,validated_csv,explicit_input,calibrated_csv,python_generated_isa_plus_offset
760.0,normal_mission_validation,NORMAL,DESCENT,42,stage5_mission_generator,9773.99667478096,2979.1141864732367,-4.352513416066298,702.9467607567784,69.6948955109543,4563.839467964954,17.76598809745976,37.173237724112845,6.575662882475159,0.4699161414559466,272.8917291142566,63.59127030815068,364.65862177656476,392.4630237951338,420.2674258137028,448.0718278322718,406.3652248044183,448.0718278322718,364.65862177656476,83.41320605570706,2.8079003210322595,70.0857970507923,14.5,91.0,33.63839467964954,31.20223414761449,14.281854023758521,420.0,True,True,2400.0,8.0,760.0,0.2887567737912724,76.06399113274922,0.2887567737912724,0.17325406427476345,0.11550270951650897,True,False,False,True,python_mission_generator,csv_authoritative,validated_csv,explicit_input,calibrated_csv,python_generated_isa_plus_offset
770.0,normal_mission_validation,NORMAL,DESCENT,42,stage5_mission_generator,9690.912638475835,2953.7901722074344,-4.188007024182152,705.2123325350914,69.58273206194238,4550.546022156133,17.778050662952346,37.30714460775447,6.574852600882398,0.47144083266462133,273.0575601489206,63.58089606772929,364.49411346581127,392.3032269890184,420.1123405122255,447.92145403543265,406.20778375062196,447.92145403543265,364.49411346581127,83.42734056962138,2.8010513234820933,70.0585270229094,14.5,91.0,33.505460221561336,31.056006243717466,14.279508121556965,420.0,True,True,2400.0,8.0,770.0,0.28816086636139787,75.84243370260222,0.28816086636139787,0.1728965198168387,0.11526434654455915,True,False,False,True,python_mission_generator,csv_authoritative,validated_csv,explicit_input,calibrated_csv,python_generated_isa_plus_offset
780.0,normal_mission_validation,NORMAL,DESCENT,42,stage5_mission_generator,9591.9590176692,2923.6291085855723,-3.9920788549850172,707.9183537920467,69.44914467385343,4534.713442827072,17.792417255920025,37.46765291613856,6.573887550301774,0.4732567496857483,273.25506597617556,63.568540280763855,364.2981830112285,392.112907966717,419.9276329222055,447.74235787769396,406.02027044446123,447.74235787769396,364.2981830112285,83.44417486646546,2.792894123415455,70.02604824457222,14.5,91.0,33.34713442827072,30.88184787109779,14.276714136969483,420.0,True,True,2400.0,8.0,780.0,0.2874511367854887,75.5785573804512,0.2874511367854887,0.17247068207129324,0.11498045471419549,True,False,False,True,python_mission_generator,csv_authoritative,validated_csv,explicit_input,calibrated_csv,python_generated_isa_plus_offset
790.0,normal_mission_validation,NORMAL,DESCENT,42,stage5_mission_generator,9476.642142993012,2888.4805251842704,-3.7637514431261643,711.0824525030998,69.29346689304056,4516.262742878882,17.809159549807532,37.656123251022066,6.572762916195868,0.4753729519413165,273.4852319321427,63.554141305512566,364.06985293606607,391.8911172463338,419.7123815566015,447.5336458668692,405.80174940146765,447.5336458668692,364.06985293606607,83.46379293080315,2.7833880254058507,69.98819868251869,14.5,91.0,33.162627428788824,30.678890171667703,14.273458131096273,420.0,True,True,2400.0,8.0,790.0,0.2866240442961797,75.27104571464803,0.2866240442961797,0.1719744265777078,0.11464961771847189,True,False,False,True,python_mission_generator,csv_authoritative,validated_csv,explicit_input,calibrated_csv,python_generated_isa_plus_offset
800.0,normal_mission_validation,NORMAL,DESCENT,42,stage5_mission_generator,9344.665819729275,2848.254141853483,-3.502438323063963,714.7177005765025,69.11529885663452,4495.146531156684,17.8176873622706,37.85113119471543,6.554536396136224,0.476660500700654,273.7243873157091,63.529579417402225,363.77553771605847,391.5995020947582,419.42346647345784,447.24743085215755,405.511484284108,447.24743085215755,363.77553771605847,83.47189313609908,2.772155109963145,69.94328614124584,14.5,91.0,32.95146531156684,30.446611842723527,14.269731740792356,420.0,True,True,2400.0,8.0,800.0,0.2856754391139119,74.9191088526114,0.2856754391139119,0.17140526346834714,0.11427017564556477,True,False,False,True,python_mission_generator,csv_authoritative,validated_csv,explicit_input,calibrated_csv,python_generated_isa_plus_offset
810.0,normal_mission_validation,NORMAL,DESCENT,42,stage5_mission_generator,9195.9209528627,2802.916706432551,-3.2079234866681468,718.8328560186867,68.91449328636465,4471.347352458032,17.81537608034269,38.047661378876526,6.535901887565055,0.4791005418876464,273.97572433449943,63.50450269305628,363.40795939855,391.23543718270037,419.0629149668507,446.89039275100106,405.14917607477554,446.89039275100106,363.40795939855,83.48243335245104,2.75968204240184,69.89087874555334,14.5,91.0,32.71347352458032,30.184820877038355,14.265531885727889,420.0,True,True,2400.0,8.0,810.0,0.2846040358282958,74.52245587430053,0.2846040358282958,0.17076242149697748,0.11384161433131833,True,False,False,True,python_mission_generator,csv_authoritative,validated_csv,explicit_input,calibrated_csv,python_generated_isa_plus_offset
820.0,normal_mission_validation,NORMAL,DESCENT,42,stage5_mission_generator,9030.47517213336,2752.4888324662484,-2.8803408408240507,723.4325731715362,68.69114148238003,4444.876027541338,17.78884890126581,38.21726253342558,6.509649783061567,0.4814962739734145,274.25735360572907,63.46994824108761,362.9474067501292,390.7737882065227,418.6001696629162,446.4265511193097,404.68697893471943,446.4265511193097,362.9474067501292,83.47914436918052,2.7455894832587076,69.82899364543655,14.5,91.0,32.44876027541338,29.893636302954718,14.260860475448471,420.0,True,True,2400.0,8.0,820.0,0.2834077734110299,74.08126712568897,0.2834077734110299,0.17004466404661794,0.11336310936441196,True,False,False,True,python_mission_generator,csv_authoritative,validated_csv,explicit_input,calibrated_csv,python_generated_isa_plus_offset
830.0,normal_mission_validation,NORMAL,DESCENT,42,stage5_mission_generator,8848.56245708934,2697.041836920831,-2.5201536650368936,728.5175828219487,68.4455593170706,4415.769993134294,17.805400428332526,38.504960579546506,6.490300831143276,0.48476165946525396,274.5492082093414,63.44479160386958,362.5334229480738,390.3682105514662,418.2029981548586,446.037785758251,404.2856043531624,446.037785758251,362.5334229480738,83.50436281017721,2.7305184246164265,69.76780692423115,14.5,91.0,32.15769993134294,29.573469924477234,14.255724116435463,420.0,True,True,2400.0,8.0,830.0,0.28210115453453516,73.59616655223823,0.28210115453453516,0.16926069272072108,0.11284046181381407,True,False,False,True,python_mission_generator,csv_authoritative,validated_csv,explicit_input,calibrated_csv,python_generated_isa_plus_offset
840.0,normal_mission_validation,NORMAL,DESCENT,42,stage5_mission_generator,8650.572762139396,2636.694577900088,-2.1281340690360047,734.0848448057346,68.17827322888819,4384.091641942304,17.675745651540005,38.50077767121669,6.45069668864657,0.4881164502825055,274.891687429551,63.385443466754936,361.76730184362174,389.5849410009542,417.40258015828664,445.2202193156191,403.4937605796204,445.2202193156191,361.76730184362174,83.45291747199735,2.7132201994909857,69.67906231447978,14.479773004232397,90.69659506348597,31.84091641942304,29.22500806136534,14.250133819166289,416.46027574066966,True,True,2400.0,8.0,840.0,0.2806509325829351,73.06819403237174,0.2806509325829351,0.16839055954976107,0.11226037303317404,True,False,False,True,python_mission_generator,csv_authoritative,validated_csv,explicit_input,calibrated_csv,python_generated_isa_plus_offset
850.0,normal_mission_validation,NORMAL,DESCENT,42,stage5_mission_generator,8437.041641605618,2571.6102923613926,-1.7053424503791206,740.1276764059995,67.89000621616758,4349.926662656899,17.521103714452938,38.46368659757198,6.406477094398654,0.49175196397416027,275.26336791319375,63.318423460485214,360.90927080491565,388.7058744619946,416.5024781190735,444.29908177615243,402.60417629053404,444.29908177615243,360.90927080491565,83.38981097123678,2.694483989753804,69.5811301317299,14.44817674212319,90.22265113184785,31.49926662656899,28.849193289225887,14.244104705174747,410.9309298715582,True,True,2400.0,8.0,850.0,0.2790840529080277,72.49877771094832,0.2790840529080277,0.1674504317448166,0.11163362116321107,True,False,False,True,python_mission_generator,csv_authoritative,validated_csv,explicit_input,calibrated_csv,python_generated_isa_plus_offset
860.0,normal_mission_validation,NORMAL,DESCENT,42,stage5_mission_generator,8208.639874776069,2501.9934338317457,-1.2531069520566156,746.6358603992422,67.58166383094769,4313.3823799641705,17.3556922673143,38.42336206438254,6.359177977391908,0.49564066061206147,275.66093281590145,63.24673607455914,359.99148512222393,387.76558833340977,415.53969154459566,443.3137947557815,401.6526399390027,443.3137947557815,359.99148512222393,83.32230963355755,2.6744429606196722,69.47637779626876,14.41440872922039,89.71613093830587,31.133823799641704,28.447206179605875,14.237655714111325,405.0215276135686,True,True,2400.0,8.0,860.0,0.27740805324454276,71.88970633273617,0.27740805324454276,0.16644483194672566,0.1109632212978171,True,False,False,True,python_mission_generator,csv_authoritative,validated_csv,explicit_input,calibrated_csv,python_generated_isa_plus_offset
870.0,normal_mission_validation,NORMAL,DESCENT,42,stage5_mission_generator,7966.163090957454,2428.0865101238323,-0.7730029200957578,753.5957370454062,67.25432017279256,4274.586094553193,17.30510098816881,38.659074381227,6.329915139402008,0.5009578436038425,276.0683802321275,63.20296032618811,359.28584576615873,387.0609577134169,414.836069660675,442.61118160793313,400.94851368704593,442.61118160793313,359.28584576615873,83.3253358417744,2.6541880868758896,69.38392223006043,14.378592220748112,89.1788833112217,30.74586094553193,28.020447040085124,14.230809310803505,398.75363863091985,True,True,2400.0,8.0,870.0,0.2756525839669259,71.24310157588656,0.2756525839669259,0.16539155038015552,0.11026103358677036,True,False,False,True,python_mission_generator,csv_authoritative,validated_csv,explicit_input,calibrated_csv,python_generated_isa_plus_offset
880.0,normal_mission_validation,NORMAL,DESCENT,42,stage5_mission_generator,7710.521394527771,2350.166921052065,-0.26683236116498676,760.990284662418,66.90920388261249,4233.683423124443,17.28051177660021,38.9771070748687,6.303881545214798,0.506837109998182,276.4945879803299,63.16424247754463,358.603687534901,386.3855881609879,414.1674887870748,441.94938941316167,400.2765384740313,441.94938941316167,358.603687534901,83.34570187826068,2.633068337846934,69.29075925457475,14.34086726900729,88.61300903510937,30.33683423124443,27.57051765436887,14.223591192316078,392.151772076276,True,True,2400.0,8.0,880.0,0.2738072800932857,70.56139038540738,0.2738072800932857,0.1642843680559714,0.10952291203731429,True,False,False,True,python_mission_generator,csv_authoritative,validated_csv,explicit_input,calibrated_csv,python_generated_isa_plus_offset
890.0,normal_mission_validation,NORMAL,DESCENT,42,stage5_mission_generator,7442.728989988965,2268.5437961486364,0.26339659982185104,768.799193679309,66.5476841364851,4190.836638398235,17.41360267789942,39.67886867026955,6.299856048581453,0.5132009264429369,276.88635823238826,63.173829389283405,358.2159653769025,386.0332421705099,413.8505189641173,441.6677957577247,399.9418805673136,441.6677957577247,358.2159653769025,83.45183038082223,2.611905400895065,69.22226348017749,14.30138904575467,88.02083568632005,29.908366383982347,27.099203022380582,14.216029995011453,385.2430830070674,True,True,2400.0,8.0,890.0,0.2719045254284728,69.84727730663725,0.2719045254284728,0.16314271525708368,0.10876181017138914,True,False,False,True,python_mission_generator,csv_authoritative,validated_csv,explicit_input,calibrated_csv,python_generated_isa_plus_offset
900.0,normal_mission_validation,NORMAL,DESCENT,42,stage5_mission_generator,7163.893807019585,2183.5548323795697,0.8154902621012212,776.9989392300099,66.17125663947644,4146.223009123134,17.598340448602002,40.53129124670108,6.302419284041747,0.5198867639298309,277.2783901758321,63.21046072307781,357.9072345298173,385.7695595358907,413.63188454196415,441.4942095480376,399.70072203892744,441.4942095480376,357.9072345298173,83.5869750182203,2.5901489266137467,69.16342370498919,14.260326166970353,87.4048925045553,29.46223009123134,26.608453100354474,14.208157001609965,378.0570792198118,True,True,2400.0,8.0,900.0,0.2699321002578938,69.1037168187189,0.2699321002578938,0.1619592601547363,0.10797284010315754,True,False,False,True,python_mission_generator,csv_authoritative,validated_csv,explicit_input,calibrated_csv,python_generated_isa_plus_offset
910.0,normal_mission_validation,NORMAL,DESCENT,42,stage5_mission_generator,6875.2071255274395,2095.563131860764,1.3870898914556697,785.5628574346563,65.78152961946205,4100.033140084391,17.661614361072438,41.135275728375625,6.279621207668472,0.527780616882728,277.73054909463934,63.22658488850399,357.3237580466185,385.21288312520176,413.102008203785,440.99113328236825,399.15744566449337,440.99113328236825,357.3237580466185,83.66737523574977,2.567143187199238,69.08330644592458,14.217859023557963,86.76788535336945,29.000331400843905,26.100364540928297,14.200005848250187,370.6253291226436,True,True,2400.0,8.0,910.0,0.2678656083249542,68.33388566807318,0.2678656083249542,0.16071936499497252,0.10714624332998168,True,False,False,True,python_mission_generator,csv_authoritative,validated_csv,explicit_input,calibrated_csv,python_generated_isa_plus_offset
920.0,normal_mission_validation,NORMAL,DESCENT,42,stage5_mission_generator,6577.933200702249,2004.9540395740457,1.975692262609547,794.4612305170883,65.38020982094804,4052.46931211236,17.672826414538054,41.64450065847796,6.245417838537097,0.5363188613928811,278.21566178202823,63.234000100483705,356.6117263708247,384.5200869061208,412.4284474414168,440.33680797671286,398.4742671737688,440.33680797671286,356.6117263708247,83.72508160588814,2.5432505686296714,68.99271442767869,14.174178121347618,86.11267182021427,28.5246931211236,25.577162433235962,14.19161223154924,362.9811712358332,True,True,2400.0,8.0,920.0,0.2657273716954444,67.54115520187267,0.2657273716954444,0.15943642301726665,0.10629094867817777,True,False,False,True,python_mission_generator,csv_authoritative,validated_csv,explicit_input,calibrated_csv,python_generated_isa_plus_offset
930.0,normal_mission_validation,NORMAL,DESCENT,42,stage5_mission_generator,6273.398888068312,1912.1319810832215,2.5786702016247425,803.6613858250747,64.96908849889222,4003.74382209093,17.684312302502743,42.178708376814924,6.210379112842223,0.5450656373656778,278.71262248549675,63.24159641585044,355.88230458555074,383.8103703694375,411.73843615332424,439.666501937211,397.7744032613809,439.666501937211,355.88230458555074,83.78419735166028,2.5187744152725062,68.89990986023182,14.129482433532404,85.44223650298606,28.037438220909298,25.041182043000227,14.183013615663105,355.1594258681707,True,True,2400.0,8.0,930.0,0.2635369124326638,66.7290637015155,0.2635369124326638,0.15812214745959827,0.10541476497306553,True,False,False,True,python_mission_generator,csv_authoritative,validated_csv,explicit_input,calibrated_csv,python_generated_isa_plus_offset
940.0,normal_mission_validation,NORMAL,DESCENT,42,stage5_mission_generator,5962.983268537139,1817.5173002501201,3.193293128296464,813.1278136512086,64.55002741252514,3954.077322965942,17.528748389532712,42.332813314570494,6.150012475398091,0.5527038990562355,279.1370547805279,63.20769882904284,354.7331003389996,382.648749162988,410.56439798697636,438.4800468109648,396.6065735749822,438.4800468109648,354.7331003389996,83.7469464719652,2.492540068415461,68.78022226498383,14.072819149121631,84.59228723682448,27.448927875591306,24.35708252152319,14.174248939346931,345.2433510962857,True,True,2400.0,8.0,940.0,0.2612722887505213,65.90128871609903,0.2612722887505213,0.15676337325031275,0.10450891550020852,True,False,False,True,python_mission_generator,csv_authoritative,validated_csv,explicit_input,calibrated_csv,python_generated_isa_plus_offset
950.0,normal_mission_validation,NORMAL,DESCENT,42,stage5_mission_generator,5648.10727346013,1721.5430969506479,3.8167475985489414,822.8223084950463,64.12494481917118,3903.6971637536208,17.314199324653465,42.35431632018177,6.089827411215964,0.5600396000982604,279.549615051874,63.15929564388302,353.43416795066594,381.3262486522958,409.2183293539257,437.1104100555556,395.27228900311076,437.1104100555556,353.43416795066594,83.67624210488964,2.4654980703321083,68.65030239638004,14.01448948293741,83.71734224406116,26.84436596504345,23.65176029255069,14.165358323015345,335.0356595140468,True,True,2400.0,8.0,950.0,0.25896431509741835,65.06161939589369,0.25896431509741835,0.155378589058451,0.10358572603896735,True,False,False,True,python_mission_generator,csv_authoritative,validated_csv,explicit_input,calibrated_csv,python_generated_isa_plus_offset
960.0,normal_mission_validation,NORMAL,DESCENT,42,stage5_mission_generator,5330.223309681222,1624.6520647908367,4.446157846831181,832.7041380583757,63.69580146806965,3852.8357295489955,17.222317098572407,42.68570616772273,6.056638937199491,0.5677990129641465,279.99009170046344,63.1383863363328,352.409317327328,380.3002932484408,408.19126916955366,436.0822450906665,394.24578120899724,436.0822450906665,352.409317327328,83.67292776333852,2.439001669354353,68.53784888011093,13.955675297069158,82.83512945603738,26.234028754587946,22.93970021368594,14.156382775802765,324.74317698710263,True,True,2400.0,8.0,960.0,0.25665804918181384,64.2139288258166,0.25665804918181384,0.1539948295090883,0.10266321967272554,True,False,False,True,python_mission_generator,csv_authoritative,validated_csv,explicit_input,calibrated_csv,python_generated_isa_plus_offset
970.0,normal_mission_validation,NORMAL,DESCENT,42,stage5_mission_generator,5010.80488458954,1527.293328822892,5.078606328512711,842.7302438241177,63.264586594195876,3801.728781534326,17.495988110807605,43.946948645635565,6.104202560519315,0.576633669599232,280.5030531022177,63.19941745979451,352.2202632958842,380.1767114636257,408.1331596313672,436.0896077991087,394.15493554749645,436.0896077991087,352.2202632958842,83.86934450322451,2.414736593691614,68.47975205279775,13.89665077976506,81.94976169647592,25.620745378411915,22.224202941480566,14.147363902623704,314.4138864588857,True,True,2400.0,8.0,970.0,0.25441036433300807,63.362146358905434,0.25441036433300807,0.15264621859980484,0.10176414573320323,True,False,False,True,python_mission_generator,csv_authoritative,validated_csv,explicit_input,calibrated_csv,python_generated_isa_plus_offset
980.0,normal_mission_validation,NORMAL,DESCENT,42,stage5_mission_generator,4691.336231172054,1429.919283261242,5.711154262279333,852.8554765351599,62.83330391208227,3750.6137969875285,17.67438563824191,45.000087868785016,6.132915657781661,0.584447386542205,281.0073678654572,63.23521056366495,351.8175133771394,379.82016325187817,407.822813126617,435.8254630013558,393.8214881892476,435.8254630013558,351.8175133771394,84.0079496242164,2.389659209715415,68.40734861189209,13.837690746626015,81.06536119939022,25.007365563850342,21.5085931578254,14.138343611233093,304.09588065955256,True,True,2400.0,8.0,980.0,0.2521441705098182,62.51022994979214,0.2521441705098182,0.1512865023058909,0.10085766820392728,True,False,False,True,python_mission_generator,csv_authoritative,validated_csv,explicit_input,calibrated_csv,python_generated_isa_plus_offset
990.0,normal_mission_validation,NORMAL,DESCENT,42,stage5_mission_generator,4373.301933066238,1332.9824291985894,6.340862172528848,863.0328692643715,62.40395760963942,3699.728309290598,17.533638672887935,45.25573283048576,6.1047154318783265,0.5881432153475871,281.4922308378672,63.183069868840725,350.7092019778657,378.6917260595918,406.6742501413179,434.656774223044,392.68298810045485,434.656774223044,350.7092019778657,83.94757224517832,2.3618216853810083,68.28751872095695,13.779068708599134,80.18603062898701,24.39673971148718,20.796196330068376,14.129363819286576,293.8370240048484,True,True,2400.0,8.0,990.0,0.2498275146176746,61.66213848817664,0.2498275146176746,0.14989650877060476,0.09993100584706985,True,False,False,True,python_mission_generator,csv_authoritative,validated_csv,explicit_input,calibrated_csv,python_generated_isa_plus_offset
1000.0,normal_mission_validation,NORMAL,DESCENT,42,stage5_mission_generator,4058.1765496127273,1236.9322123219592,6.9648104317668,873.2139500555161,61.978538341977185,3649.3082479380364,17.271616568991814,45.195357016433704,6.050622134351231,0.591509462196182,281.96271920486873,63.10419972642694,349.335548179363,377.2759674524389,405.21638672551484,433.15680599859076,391.2461770889769,433.15680599859076,349.335548179363,83.82125781922775,2.3334620913361324,68.15040048634856,13.721054970182823,79.31582455274236,23.791698975256438,20.09031547113251,14.12046616140083,283.6846197819942,True,True,2400.0,8.0,1000.0,0.24750870288463864,60.821804132300606,0.24750870288463864,0.14850522173078318,0.09900348115385546,True,False,False,True,python_mission_generator,csv_authoritative,validated_csv,explicit_input,calibrated_csv,python_generated_isa_plus_offset
1010.0,normal_mission_validation,NORMAL,DESCENT,42,stage5_mission_generator,3747.414240907965,1142.211860628748,7.580119803002229,883.349095324021,61.55900922522575,3599.5862785452746,16.97091385281334,45.021921178456225,5.9870302299423805,0.5947412654069116,282.42120365332926,63.01710360753303,347.88487329138394,375.77615685598204,403.66744042058014,431.55872398517823,389.7217986382811,431.55872398517823,347.88487329138394,83.6738506937943,2.305230720666609,68.00883445829983,13.663914757553762,78.45872136330644,23.195035342543296,19.394207899633845,14.111691696213873,273.6850825719084,True,True,2400.0,8.0,1010.0,0.24521393755412088,59.993104642421244,0.24521393755412088,0.14712836253247252,0.09808557502164836,True,False,False,True,python_mission_generator,csv_authoritative,validated_csv,explicit_input,calibrated_csv,python_generated_isa_plus_offset
1020.0,normal_mission_validation,NORMAL,DESCENT,42,stage5_mission_generator,3442.438392856865,1049.2552221427725,8.183971982143408,893.3879243471757,61.147291830356764,3550.7901428570985,16.67581028552416,44.84699230692867,5.924622420394605,0.597912891750642,282.87115102329915,62.93162923700096,346.4612102800883,374.30427305360956,402.14733582713075,429.990398600652,388.22580444037015,429.990398600652,346.4612102800883,83.52918832056366,2.2775250241570535,67.86990441997139,13.607906375709518,77.61859563564278,22.60948171428518,18.71106199999938,14.103080613445371,263.88361574916564,True,True,2400.0,8.0,1020.0,0.24296190124485978,59.17983571428498,0.24296190124485978,0.14577714074691586,0.09718476049794392,True,False,False,True,python_mission_generator,csv_authoritative,validated_csv,explicit_input,calibrated_csv,python_generated_isa_plus_offset
1030.0,normal_mission_validation,NORMAL,DESCENT,42,stage5_mission_generator,3144.631242225463,958.4836026303212,8.773630140393582,903.2797342589803,60.745252177004375,3503.140998756074,16.3876433599228,44.67147249770859,5.863681555544693,0.6010099665201027,283.31052202608885,62.84816400884329,345.0710115887406,372.86698703884406,400.6629624889475,428.458937939051,386.7649747638958,428.458937939051,345.0710115887406,83.38792635031041,2.250470571856993,67.7342400415752,13.553279393118277,76.79919089677416,22.03769198507289,18.043973982585037,14.094671940956955,254.32389379569864,True,True,2400.0,8.0,1030.0,0.24076280082210386,58.38568331260124,0.24076280082210386,0.1444576804932623,0.09630512032884155,True,False,False,True,python_mission_generator,csv_authoritative,validated_csv,explicit_input,calibrated_csv,python_generated_isa_plus_offset
1040.0,normal_mission_validation,NORMAL,DESCENT,42,stage5_mission_generator,2855.323501693575,870.3026033162017,9.34645946664672,912.9739740131324,60.35468672728633,3456.851760270972,16.261111399176478,44.92011411812524,5.861406354458108,0.6035819052563843,283.9101131166335,62.79696989735326,344.13848965184775,371.9143805573226,399.69027146279734,427.4661623682722,385.80232601005997,427.4661623682722,344.13848965184775,83.32767271642444,2.6042670010128885,67.62545912480215,13.500272851789052,76.00409277683579,21.482221123251666,17.39592464379361,14.086503251812525,245.04774906308432,True,True,2400.0,8.0,1040.0,0.23865568376441787,57.6141960045162,0.23865568376441787,0.1431934102586507,0.09546227350576715,True,False,False,True,python_mission_generator,csv_authoritative,validated_csv,explicit_input,calibrated_csv,python_generated_isa_plus_offset
1050.0,normal_mission_validation,NORMAL,DESCENT,42,stage5_mission_generator,2575.783984907458,785.0989585997933,9.899947709883232,922.4207548090612,59.97730837962507,3412.125437585193,16.155676172253834,45.213854569646664,5.870079776173865,0.6059822554629657,284.5112152374544,62.75059202664011,343.28460715807415,371.0438105580907,398.8030139581072,426.56221735812375,384.92341225809895,426.56221735812375,343.28460715807415,83.2776102000496,2.5841571140079034,67.52287477475335,13.449113500131627,75.2367025019744,20.94550525102232,16.769756126192704,14.078610371338563,236.094862523035,True,True,2400.0,8.0,1050.0,0.23662291634319157,56.86875729308655,0.23662291634319157,0.14197374980591493,0.09464916653727663,True,False,False,True,python_mission_generator,csv_authoritative,validated_csv,explicit_input,calibrated_csv,python_generated_isa_plus_offset
1060.0,normal_mission_validation,NORMAL,DESCENT,42,stage5_mission_generator,2307.209231532446,703.2373737710897,10.431725721565757,931.5713935145426,59.6147324625688,3369.1534770451917,16.054376576427973,45.50341932130945,5.878412988325795,0.6082884534279549,285.0887395020333,62.70603329901532,342.4642176732059,370.20738812477055,397.9505585763352,425.69372902789985,384.0789733505529,425.69372902789985,342.4642176732059,83.22951135469395,2.5648360247935442,67.42431423193186,13.400014045475208,74.50021068212813,20.4298417245423,16.168148678632683,14.071027084184445,227.50245795816144,True,True,2400.0,8.0,1060.0,0.2346698829577818,56.1525579507532,0.2346698829577818,0.14080192977466907,0.09386795318311272,True,False,False,True,python_mission_generator,csv_authoritative,validated_csv,explicit_input,calibrated_csv,python_generated_isa_plus_offset
1070.0,normal_mission_validation,NORMAL,DESCENT,42,stage5_mission_generator,2050.71313230563,625.0573627267561,10.939587998034852,940.3789846909016,59.268462728612604,3328.1141011689006,15.957632743077767,45.78694216428279,5.886371429631765,0.6104909343932399,285.64029067805365,62.66347851797707,341.6807236922151,369.40858224761183,397.1364408030085,424.8642993584052,383.27251152531016,424.8642993584052,341.6807236922151,83.18357566619011,2.5463838659289446,67.33018626772933,13.353171422667964,73.79757134001947,19.937369214026806,15.593597416364608,14.063784841382747,219.30499896689372,True,True,2400.0,8.0,1070.0,0.23280468364652013,55.46856835281501,0.23280468364652013,0.13968281018791207,0.09312187345860806,True,False,False,True,python_mission_generator,csv_authoritative,validated_csv,explicit_input,calibrated_csv,python_generated_isa_plus_offset
1080.0,normal_mission_validation,NORMAL,DESCENT,42,stage5_mission_generator,1807.316554088491,550.8700856861722,11.421513222904789,948.7989959621935,58.939877348019465,3289.170648654159,15.865829717331836,46.06252752743366,5.893923425111047,0.6125809323782178,286.1636735651995,62.623097053608966,340.9372435589822,368.650572212581,396.36390086617985,424.07722951977865,382.5072365393804,424.07722951977865,340.9372435589822,83.13998596079648,2.5288740778974668,67.24086551598884,13.308765074796359,73.13147612194538,19.470047783849907,15.048389081158223,14.056912467409557,211.53388808936288,True,True,2400.0,8.0,1080.0,0.2310347419927385,54.81951081090265,0.2310347419927385,0.13862084519564308,0.0924138967970954,True,False,False,True,python_mission_generator,csv_authoritative,validated_csv,explicit_input,calibrated_csv,python_generated_isa_plus_offset
1090.0,normal_mission_validation,NORMAL,DESCENT,42,stage5_mission_generator,1577.936964919576,480.9551869074868,11.875684809459239,956.7898806986447,58.63021490264143,3252.469914387132,15.473211925218385,45.42956389875182,5.83645824036741,0.6119985280467007,286.6464988099349,62.50773371817948,339.5573888651214,367.1969921534648,394.83659544180824,422.4761987301516,381.0167937976365,422.4761987301516,339.5573888651214,82.9188098650302,2.509964919344652,67.1107734226938,13.266955241752944,72.50432862629417,19.029638972645586,14.53457880141985,14.050435867244788,204.21716730676522,True,True,2400.0,8.0,1090.0,0.22930842460936735,54.2078319064522,0.22930842460936735,0.1375850547656204,0.09172336984374695,True,False,False,True,python_mission_generator,csv_authoritative,validated_csv,explicit_input,calibrated_csv,python_generated_isa_plus_offset
1100.0,normal_mission_validation,NORMAL,DESCENT,42,stage5_mission_generator,1363.3780590671395,415.5576324036641,12.300511443047064,964.3137013385142,58.34056037974064,3218.1404894507423,15.42027953824591,45.75711446561838,5.854879430400976,0.6134533174267969,287.0847793248554,62.476001584714865,338.95409143596487,366.5847739141844,394.21545639240384,421.84613887062335,380.4001151532941,421.84613887062335,338.95409143596487,82.89204743465848,2.494589636858021,67.03623448027132,13.227881252154207,71.9182187823131,18.617685873408906,14.053966852310392,14.044377733432484,197.37921912698627,True,True,2400.0,8.0,1100.0,0.22775351812780642,53.63567482417904,0.22775351812780642,0.13665211087668386,0.09110140725112258,True,False,False,True,python_mission_generator,csv_authoritative,validated_csv,explicit_input,calibrated_csv,python_generated_isa_plus_offset
1110.0,normal_mission_validation,NORMAL,DESCENT,42,stage5_mission_generator,1164.3193820817996,354.88454765853254,12.694647623478037,971.3367561828865,58.07183116581043,3186.291101133088,15.414913391936238,46.198409105577205,5.879716597588963,0.615238709367754,287.4885126587653,62.457975677023995,338.48937516546795,366.12054322174805,393.75171127802815,421.38287933430826,379.9361272498881,421.38287933430826,338.48937516546795,82.89350416884031,2.4806874947292226,66.97364174498861,13.191659813975665,71.37489720963498,18.235493213597056,13.608075415863231,14.038757253141133,191.04046744574148,True,True,2400.0,8.0,1110.0,0.22631927353040537,53.104851685551466,0.22631927353040537,0.13579156411824322,0.09052770941216215,True,False,False,True,python_mission_generator,csv_authoritative,validated_csv,explicit_input,calibrated_csv,python_generated_isa_plus_offset
1120.0,normal_mission_validation,NORMAL,DESCENT,42,stage5_mission_generator,981.3059558492059,299.10205534283796,13.057014207418572,977.8302021951629,57.82476304039643,3157.008952935873,15.40699571783525,46.60296305606872,5.901767030239931,0.6168673478049227,287.8597028115493,62.440711250066805,338.0555266309027,365.68658695923193,393.31764728756116,420.9487076158904,379.50211712339654,420.9487076158904,338.0555266309027,82.89318098498768,2.4678855779787066,66.91564672637088,13.158383299239667,70.875749488595,17.884107435230476,13.198125341102221,14.033589815223978,185.21707736694162,True,True,2400.0,8.0,1120.0,0.22500006873313053,52.61681588226455,0.22500006873313053,0.1350000412398783,0.09000002749325221,True,False,False,True,python_mission_generator,csv_authoritative,validated_csv,explicit_input,calibrated_csv,python_generated_isa_plus_offset
1130.0,normal_mission_validation,NORMAL,DESCENT,42,stage5_mission_generator,814.7379036426755,248.3321130302875,13.386818950787502,983.7706662498405,57.59989616991761,3130.358064582828,15.399789516737572,46.977743253601204,5.921836036610614,0.6183496386827687,288.1975382481084,62.42499818447421,337.66066322201067,365.2916255026977,392.92258778338464,420.55355006407166,379.10710664304116,420.55355006407166,337.66066322201067,82.89288684206099,2.456234026606004,66.86286307280132,13.128118018172001,70.42177027258003,17.564296774993934,12.82501290415959,14.028886717279322,179.9206531801004,True,True,2400.0,8.0,1130.0,0.22379940614751062,52.1726344097138,0.22379940614751062,0.13427964368850637,0.08951976245900425,True,False,False,True,python_mission_generator,csv_authoritative,validated_csv,explicit_input,calibrated_csv,python_generated_isa_plus_offset
1140.0,normal_mission_validation,NORMAL,DESCENT,42,stage5_mission_generator,664.860075175864,202.64935091360337,13.68357705115179,989.140837429185,57.39756110148741,3106.377612028138,15.393305381528517,47.32046675536906,5.939894115903005,0.6196834030810713,288.50152236114724,62.41085957795046,337.3053653753843,364.93623943286457,392.5671134903448,420.19798754782505,378.7516764616047,420.19798754782505,337.3053653753843,82.89262217244072,2.4457499680192765,66.81536837456386,13.100902478446333,70.013537176695,17.27653134433766,12.489286568393934,14.024654872710848,175.15793372810813,True,True,2400.0,8.0,1140.0,0.2227190507091764,51.77296020046897,0.2227190507091764,0.13363143042550585,0.08908762028367057,True,False,False,True,python_mission_generator,csv_authoritative,validated_csv,explicit_input,calibrated_csv,python_generated_isa_plus_offset
1150.0,normal_mission_validation,NORMAL,DESCENT,42,stage5_mission_generator,531.7516716554164,162.07790952057093,13.947131690122275,993.9300333838362,57.21786475673481,3085.0802674648667,15.387546738674422,47.629311003892646,5.955931725533761,0.6208679361874461,288.7714945137739,62.39830290187882,336.98982084406515,364.6206165493947,392.25141225472424,419.8822079600538,378.43601440205947,419.8822079600538,336.98982084406515,82.89238711598864,2.436438942398145,66.773187729683,13.076745625470261,69.65118438205393,17.0209632095784,12.191123744508133,14.020896517787918,170.93048445729568,True,True,2400.0,8.0,1150.0,0.22175957331947604,51.41800445774778,0.22175957331947604,0.13305574399168563,0.08870382932779042,True,False,False,True,python_mission_generator,csv_authoritative,validated_csv,explicit_input,calibrated_csv,python_generated_isa_plus_offset
1160.0,normal_mission_validation,NORMAL,DESCENT,42,stage5_mission_generator,415.3158708336141,126.58827743008558,14.177674575749444,998.1347344717378,57.060676425625374,3066.4505393333784,15.3825093993733,47.9029883573473,5.969960531163133,0.6219040996241106,289.0076510820993,62.38731902260902,336.7138001028696,364.3445272701116,391.97525443735356,419.60598160459557,378.1598908537326,419.60598160459557,336.7138001028696,82.89218150172599,2.4282941769588824,66.73629045621276,13.055625060143646,69.33437590215469,16.797406472000542,11.930307550667298,14.017608918705891,167.23438552513815,True,True,2400.0,8.0,1160.0,0.22092027606035888,51.10750898888964,0.22092027606035888,0.13255216563621533,0.08836811042414355,True,False,False,True,python_mission_generator,csv_authoritative,validated_csv,explicit_input,calibrated_csv,python_generated_isa_plus_offset
1170.0,normal_mission_validation,NORMAL,DESCENT,42,stage5_mission_generator,315.26945206104756,96.0941289882073,14.375766484919126,1001.7590803821412,56.92561376028242,3050.4431123297677,15.378181110705533,48.14081330620686,5.982014656723907,0.6227944137746528,289.2105664978376,62.37788122274492,336.4766317537134,364.1073000302177,391.73796830672194,419.36863658322625,377.9226341684698,419.36863658322625,336.4766317537134,82.89200482951287,2.421295860219619,66.70458680452558,13.037485231148018,69.06227846722028,16.60531734795721,11.706203572616747,14.01478407864643,164.05991545090316,True,True,2400.0,8.0,1170.0,0.22019911740925968,50.840718538829464,0.22019911740925968,0.1321194704455558,0.08807964696370388,True,False,False,True,python_mission_generator,csv_authoritative,validated_csv,explicit_input,calibrated_csv,python_generated_isa_plus_offset
1180.0,normal_mission_validation,NORMAL,DESCENT,42,stage5_mission_generator,231.1324213392527,70.44916202420423,14.54235780574828,1004.8153252452123,56.81202876880799,3036.9811874142806,15.374541106784546,48.342760074802705,5.992151934450324,0.6235431501107979,289.3812142909056,62.369944222431926,336.2771779309379,363.9077966815134,391.5384154320889,419.1690341826644,377.72310605680116,419.1690341826644,336.2771779309379,82.8918562517265,2.415410416265539,66.67792466960138,13.022235599615724,68.83353399423586,16.443774248971366,11.517736623799928,14.012408444837815,161.3912299327519,True,True,2400.0,8.0,1180.0,0.21959263745398255,50.61635312357134,0.21959263745398255,0.13175558247238953,0.08783705498159303,True,False,False,True,python_mission_generator,csv_authoritative,validated_csv,explicit_input,calibrated_csv,python_generated_isa_plus_offset
1190.0,normal_mission_validation,NORMAL,DESCENT,42,stage5_mission_generator,162.2176363733888,49.443935566608914,14.67880907998069,1007.3242488259823,56.71899380910408,3025.9548218197424,15.371559659907499,48.50950883863505,6.0004551549070255,0.6241564235191762,289.5209881320228,62.363443200644596,336.1138097066344,363.7443878916147,391.374966076595,419.00554426157527,377.55967698410484,419.00554426157527,336.1138097066344,82.89173455494085,2.4105897790140878,66.65608630331644,13.009748774988424,68.64623162482636,16.31145786183691,11.363367505476393,14.010462615615248,159.2060356229741,True,True,2400.0,8.0,1190.0,0.21909588310758507,50.432580363662375,0.21909588310758507,0.13145752986455103,0.08763835324303404,True,False,False,True,python_mission_generator,csv_authoritative,validated_csv,explicit_input,calibrated_csv,python_generated_isa_plus_offset
1200.0,normal_mission_validation,NORMAL,DESCENT,42,stage5_mission_generator,107.6204316248477,32.80270755925358,14.786911545382802,1009.3155233019203,56.64528758269354,3017.219269059976,15.369197631705944,48.64247950804723,6.007033317017977,0.6246422846280897,289.6317228753112,62.35829281647415,335.9843824959695,363.61492854317106,391.2454745903727,418.87602063757424,377.43020156677187,418.87602063757424,335.9843824959695,82.89163814160474,2.4067706664801616,66.63878502673225,12.999858622016482,68.49787933024724,16.20663122871971,11.241069766839662,14.008921047481172,157.4752588528844,True,True,2400.0,8.0,1200.0,0.21870233332326197,50.286987817666265,0.21870233332326197,0.13122139999395718,0.08748093332930479,True,False,False,True,python_mission_generator,csv_authoritative,validated_csv,explicit_input,calibrated_csv,python_generated_isa_plus_offset
1210.0,normal_mission_validation,NORMAL,DESCENT,42,stage5_mission_generator,66.20824336400256,20.18027257734798,14.868907678139275,1010.8280373209803,56.589381128541405,3010.5933189382404,15.367406024296546,48.74385289866127,6.0120228780953955,0.6250108121342802,289.71571560089467,62.35438623041604,335.8862114625105,363.51673313308424,391.14725480365803,418.77777647423176,377.33199396837114,418.77777647423176,335.8862114625105,82.89156501172124,2.4038738550413203,66.62566194238467,12.992358340183781,68.38537510275673,16.127119827258884,11.148306465135365,14.007751762165572,156.16270953216176,True,True,2400.0,8.0,1210.0,0.21840382430922967,50.17655531563734,0.21840382430922967,0.1310422945855378,0.08736152972369188,True,False,False,True,python_mission_generator,csv_authoritative,validated_csv,explicit_input,calibrated_csv,python_generated_isa_plus_offset
1220.0,normal_mission_validation,NORMAL,DESCENT,42,stage5_mission_generator,36.61023472274064,11.158799543491348,14.927511735248974,1011.9101815236083,56.5494238168757,3005.8576375556386,15.366125531431715,48.81658007902245,6.015589003868689,0.6252742051296967,289.7757466574997,62.35159412565747,335.8160469235507,363.44655117172607,391.07705541990146,418.70755966807684,377.26180329581376,418.70755966807684,335.8160469235507,82.89151274452615,2.4018034537029793,66.61628264657269,12.986998518375746,68.30497777563619,16.070291650667663,11.08200692577894,14.00691605368629,155.22474071575567,True,True,2400.0,8.0,1220.0,0.21819047474360978,50.09762729259398,0.21819047474360978,0.13091428484616585,0.08727618989744391,True,False,False,True,python_mission_generator,csv_authoritative,validated_csv,explicit_input,calibrated_csv,python_generated_isa_plus_offset
1230.0,normal_mission_validation,NORMAL,DESCENT,42,stage5_mission_generator,17.206920747223194,5.244669443753629,14.965930296920497,1012.6201024798899,56.52322934300875,3002.753107319556,15.36528608965031,48.86438170147043,6.017926818513386,0.6254468754282617,289.8151007050544,62.34976372936496,335.77004975543434,363.4005425821567,391.03103540887895,418.6615282356013,377.2157889955178,418.6615282356013,335.77004975543434,82.89147848016694,2.4004461783636115,66.61013394164748,12.983485169352521,68.25227754028782,16.03303728783467,11.038543502473784,14.006368195409333,154.60990463669117,True,True,2400.0,8.0,1230.0,0.21805061098931341,50.0458851219926,0.21805061098931341,0.13083036659358804,0.08722024439572537,True,False,False,True,python_mission_generator,csv_authoritative,validated_csv,explicit_input,calibrated_csv,python_generated_isa_plus_offset
1240.0,normal_mission_validation,NORMAL,DESCENT,42,stage5_mission_generator,6.119793450468933,1.8653130437029308,14.987882808968072,1013.0259350356708,56.508261721158135,3000.979166952075,15.364806429428333,48.891740132484024,6.019262654680067,0.6255455398926401,289.83758775728836,62.34871783397181,335.74376679888155,363.37425309934224,391.00473939980293,418.6352257002636,377.1894962495726,418.6352257002636,335.74376679888155,82.89145890138207,2.39967062607995,66.60662054830128,12.981477750553182,68.22216625829773,16.0117500034249,11.013708337329051,14.00605514710919,154.25860634680697,True,True,2400.0,8.0,1240.0,0.217970692308925,50.01631944920125,0.217970692308925,0.13078241538535498,0.08718827692357001,True,False,False,True,python_mission_generator,csv_authoritative,validated_csv,explicit_input,calibrated_csv,python_generated_isa_plus_offset
1250.0,normal_mission_validation,NORMAL,DESCENT,42,stage5_mission_generator,1.200946865043079,0.3660486044651305,14.997622125207215,1013.2060263781561,56.501621278267805,3000.192151498407,15.364593626329572,48.90388816610861,6.019855303523297,0.6255893127610052,289.8475642243332,62.34825381846577,335.7321062643145,363.36258966937413,390.99307307443377,418.6235564794934,377.17783137190395,418.6235564794934,335.7321062643145,82.8914502151789,2.3993265493321863,66.60506181785635,12.98058717995125,68.20880769926876,16.002305817980883,11.002690120977697,14.005916262029132,154.1027564914688,True,True,2400.0,8.0,1250.0,0.21793523607958634,50.003202524973446,0.21793523607958634,0.1307611416477518,0.08717409443183455,True,False,False,True,python_mission_generator,csv_authoritative,validated_csv,explicit_input,calibrated_csv,python_generated_isa_plus_offset
1260.0,normal_mission_validation,NORMAL,DESCENT,42,stage5_mission_generator,0.02270209575726767,0.006919598786815187,14.999955049850401,1013.2491687304304,56.50003064782928,3000.0036323353215,15.364542652156334,48.90679901344096,6.019997264730551,0.6255997979738073,289.8499539553214,62.34814266967643,335.72931313718146,363.359795848686,390.9902785601906,418.62076127169513,377.1750372044383,418.62076127169513,335.72931313718146,82.89144813451367,2.3992441302891763,66.60468844455397,12.98037385811569,68.20560787173537,16.000043588023857,11.000050852694502,14.005882993941528,154.06542517024593,True,True,2400.0,8.0,1260.0,0.21792674300788117,50.00006053892203,0.21792674300788117,0.1307560458047287,0.08717069720315247,True,False,False,True,python_mission_generator,csv_authoritative,validated_csv,explicit_input,calibrated_csv,python_generated_isa_plus_offset
1270.0,normal_mission_validation,NORMAL,IDLE/LANDING,42,stage5_mission_generator,0.0,0.0,15.0,1013.25,56.5,3000.0,15.36454167,48.90685510243809,6.02,0.6256,289.85,62.348140528092166,335.729259319977,363.3597420181183,390.99022471625966,418.62070741440095,377.174983367189,418.62070741440095,335.729259319977,82.89144809442394,2.399242542261751,66.6046812505,12.980369747899159,68.2055462184874,16.0,11.0,14.005882352941176,154.06470588235294,True,True,2400.0,8.0,1270.0,0.2179265793657143,50.0,0.2179265793657143,0.13075594761942858,0.08717063174628573,True,False,False,True,python_mission_generator,csv_authoritative,validated_csv,explicit_input,calibrated_csv,python_generated_isa_plus_offset
1280.0,normal_mission_validation,NORMAL,IDLE/LANDING,42,stage5_mission_generator,0.0,0.0,15.0,1013.25,56.5,3000.0,15.36454167,48.90685510243809,6.02,0.6256,289.85,62.348140528092166,335.729259319977,363.3597420181183,390.99022471625966,418.62070741440095,377.174983367189,418.62070741440095,335.729259319977,82.89144809442394,2.399242542261751,66.6046812505,12.980369747899159,68.2055462184874,16.0,11.0,14.005882352941176,154.06470588235294,True,True,2400.0,8.0,1280.0,0.2179265793657143,50.0,0.2179265793657143,0.13075594761942858,0.08717063174628573,True,False,False,True,python_mission_generator,csv_authoritative,validated_csv,explicit_input,calibrated_csv,python_generated_isa_plus_offset
