engine_id,time_s,mission_id,mission_type,phase,random_seed,model_version,altitude_ft,altitude_m,ambient_temperature_C,ambient_pressure_hPa,throttle_pct,rpm,power_kW,torque_Nm,fuelflow_kgh,p_plenum_bar,t_plenum_K,coolant_temp_C,EGT1_C,EGT2_C,EGT3_C,EGT4_C,EGT_mean_C,EGT_max_C,EGT_min_C,EGT_spread_C,oil_pressure_bar,oil_temperature_C,battery_voltage_V,battery_soc_pct,generator_A_current_A,generator_B_current_A,generator_voltage_V,generator_power_W,generator_switch_ready,generator_switch_latched,generator_switch_threshold_rpm,generator_switch_hold_time_s,generator_time_above_threshold_s,vibration_amplitude,vibration_frequency_Hz,vibration_1x,vibration_2x,vibration_3x,engine_state_valid,outside_calibrated_envelope,extrapolation_used,health_state_valid,mission_generated_values,stage3_values,stage3_validation_status,stage3_ambient_source,stage4_production_source,ambient_source
ENG_0001,0.0,temp_mission_001,NORMAL,TAKEOFF,42,stage5_mission_generator,0.0,0.0,15.0,1013.25,100.0,5800.0,104.3921186,171.8743623623316,33.95,1.5206,292.75,85.62089243784948,588.5919123838711,634.3565700605736,680.1212277372761,725.8858854139786,657.2388988989248,725.8858854139786,588.5919123838711,137.2939730301075,4.253939295225806,79.95881779,14.5,91.0,44.0,42.0,14.5,420.0,True,False,2400.0,8.0,0.0,0.3608842130666667,96.66666666666667,0.3608842130666667,0.21653052784000001,0.14435368522666667,True,False,False,True,python_mission_generator,csv_authoritative,validated_csv,explicit_input,calibrated_csv,python_generated_isa_plus_offset
ENG_0001,1.0,temp_mission_001,NORMAL,TAKEOFF,42,stage5_mission_generator,0.770517676343581,0.2348537877495235,14.99847437500084,1013.2217867065649,99.98458964647313,5799.691792929462,104.31421214982335,171.75522173734535,33.91370357311839,1.5195540805550005,292.7486542943124,85.59927197963144,588.414031339762,634.1623563352797,679.9106813307975,725.6590063263152,657.0365188330386,725.6590063263152,588.414031339762,137.2449749865532,4.253054686926232,79.94737099116024,14.5,91.0,43.99794528619641,41.99794528619641,14.499945610516964,420.0,True,False,2400.0,8.0,1.0,0.3608555044246493,96.66152988215771,0.3608555044246493,0.21651330265478957,0.14434220176985973,True,False,False,True,python_mission_generator,csv_authoritative,validated_csv,explicit_input,calibrated_csv,python_generated_isa_plus_offset
ENG_0001,2.0,temp_mission_001,NORMAL,TAKEOFF,42,stage5_mission_generator,5.7141774315921365,1.7416812811492832,14.988685928685447,1013.0407846774468,99.88571645136815,5797.714329027363,103.81436251075982,170.99051129302433,33.68082483413168,1.5128434364955268,292.74002021458404,85.46055460498319,587.2727423259188,632.9162764501203,678.5598105743219,724.2033446985234,655.7380435122211,724.2033446985234,587.2727423259188,136.93060237260465,4.247379019016163,79.87392805728874,14.5,91.0,43.984762193515756,41.984762193515756,14.499596646298947,420.0,True,False,2400.0,8.0,2.0,0.3606713090939952,96.62857215045605,0.3606713090939952,0.2164027854563971,0.1442685236375981,True,False,False,True,python_mission_generator,csv_authoritative,validated_csv,explicit_input,calibrated_csv,python_generated_isa_plus_offset
ENG_0001,3.0,temp_mission_001,NORMAL,TAKEOFF,42,stage5_mission_generator,17.82858982791855,5.434154179549574,14.964699392140721,1012.5973508398272,99.64342820344163,5792.868564068833,102.58948358228145,169.11438511800068,33.11015670119102,1.496399038295365,292.71886244732826,85.1206284032982,584.4760195614906,629.8627642031339,675.2495088447771,720.6362534864204,652.5561365239555,720.6362534864204,584.4760195614906,136.1602339249298,4.23347082446168,79.6939565316248,14.5,91.0,43.95245709379222,41.95245709379222,14.498741511306264,420.0,True,False,2400.0,8.0,3.0,0.3602199393987702,96.5478094011472,0.3602199393987702,0.2161319636392621,0.14408797575950807,True,False,False,True,python_mission_generator,csv_authoritative,validated_csv,explicit_input,calibrated_csv,python_generated_isa_plus_offset
ENG_0001,4.0,temp_mission_001,NORMAL,TAKEOFF,42,stage5_mission_generator,38.953956148531994,11.873165834072552,14.922871166825907,1011.8244576364596,99.22092087702936,5784.418417540587,100.43496779372255,165.80461954661936,32.10228634075894,1.4678012547673018,292.6793746599112,84.52437623229078,579.5567014826009,624.492615081491,669.428528680381,714.364442279271,646.960571880936,714.364442279271,579.5567014826009,134.80774079667003,4.209131651910848,79.37733647704688,14.5,91.0,43.896122783603914,41.896122783603914,14.497250308977751,420.0,True,False,2400.0,8.0,4.0,0.3594292988452736,96.40697362567646,0.3594292988452736,0.21565757930716414,0.14377171953810944,True,False,False,True,python_mission_generator,csv_authoritative,validated_csv,explicit_input,calibrated_csv,python_generated_isa_plus_offset
ENG_0001,5.0,temp_mission_001,NORMAL,TAKEOFF,42,stage5_mission_generator,69.91055601089647,21.308737472121244,14.861577099098424,1010.6927416060038,98.60178887978208,5772.035777595642,97.1790533078588,160.77370925839085,30.597483048804552,1.42473961057539,292.6232488999259,83.62399248418863,572.1316879665768,616.386743472283,660.6417989779892,704.8968544836954,638.5142712251361,704.8968544836954,572.1316879665768,132.7651665171186,4.1726032919355145,78.8985582327646,14.5,91.0,43.813571850637615,41.813571850637615,14.49506513722276,420.0,True,False,2400.0,8.0,5.0,0.35825190585996747,96.2005962932607,0.35825190585996747,0.21495114351598046,0.143300762343987,True,False,False,True,python_mission_generator,csv_authoritative,validated_csv,explicit_input,calibrated_csv,python_generated_isa_plus_offset
ENG_0001,6.0,temp_mission_001,NORMAL,TAKEOFF,42,stage5_mission_generator,110.63623497994915,33.7219244218885,14.7809402547397,1009.2054475310641,97.78727530040102,5755.74550600802,92.82647456280077,154.00742365390371,28.615381618806623,1.3674823822780693,292.5494113436949,82.42184563504372,562.21112653435,605.5568183571456,648.9025101799414,692.248202002737,627.2296642685435,692.248202002737,562.21112653435,130.037075468387,4.123995705103696,78.25831267175788,14.5,91.0,43.70497004005347,41.70497004005347,14.49219038341318,420.0,True,False,2400.0,8.0,6.0,0.3566897810204182,95.92909176680034,0.3566897810204182,0.2140138686122509,0.1426759124081673,True,False,False,True,python_mission_generator,csv_authoritative,validated_csv,explicit_input,calibrated_csv,python_generated_isa_plus_offset
ENG_0001,7.0,temp_mission_001,NORMAL,TAKEOFF,42,stage5_mission_generator,160.32389218131894,48.86672233686601,14.682558693480988,1007.3932643467159,96.79352215637363,5735.870443127473,87.42778934165099,145.55312894829387,26.435636424542718,1.30098054390424,292.4225248912014,80.95397626688069,549.8910848951398,592.1205439859351,634.3500030767303,676.5794621675257,613.2352735313327,676.5794621675257,549.8910848951398,126.68837727238588,4.06505302594262,77.46393293738073,14.5,91.0,43.572469620849816,41.572469620849816,14.488683019375436,420.0,True,False,2400.0,8.0,7.0,0.35476708219628883,95.59784071879122,0.35476708219628883,0.21286024931777328,0.14190683287851555,True,False,False,True,python_mission_generator,csv_authoritative,validated_csv,explicit_input,calibrated_csv,python_generated_isa_plus_offset
ENG_0001,8.0,temp_mission_001,NORMAL,TAKEOFF,42,stage5_mission_generator,217.5589679145449,66.31197342035328,14.569233243529201,1005.3090821397642,95.64882064170911,5712.976412834182,81.00457589091036,135.3999498804703,24.0586452629435,1.2241511868917268,292.2493634073222,79.21913074039435,535.2350205964995,576.1424075161929,617.0497944358863,657.9571813555797,596.5961009760396,657.9571813555797,535.2350205964995,122.72216075908023,3.9959303015779963,76.51821668727722,14.5,91.0,43.41984275222788,41.41984275222788,14.484642896382503,420.0,True,True,2400.0,8.0,8.0,0.3525133816043783,95.21627354723637,0.3525133816043783,0.21150802896262696,0.14100535264175132,True,False,False,True,python_mission_generator,csv_authoritative,validated_csv,explicit_input,calibrated_csv,python_generated_isa_plus_offset
ENG_0001,9.0,temp_mission_001,NORMAL,TAKEOFF,42,stage5_mission_generator,280.4569312662947,85.48327264996664,14.444695276092736,1003.0227173844746,94.3908613746741,5687.817227493482,74.36409635554179,124.85014602442271,21.595285907597003,1.1457294167442584,292.0304889008477,77.43128686052901,520.0343876492351,559.5774310809608,599.1204745126864,638.6635179444121,579.3489527968236,638.6635179444121,520.0343876492351,118.62913029517699,3.9239092761285597,75.54166828479633,14.5,91.0,43.25211484995655,41.25211484995655,14.48020304014591,420.0,True,True,2400.0,8.0,9.0,0.35011636501921467,94.79695379155804,0.35011636501921467,0.2100698190115288,0.14004654600768587,True,False,False,True,python_mission_generator,csv_authoritative,validated_csv,explicit_input,calibrated_csv,python_generated_isa_plus_offset
ENG_0001,10.0,temp_mission_001,NORMAL,TAKEOFF,42,stage5_mission_generator,346.80076772358314,105.70487400214814,14.313334479907306,1000.6156585530426,93.06398464552834,5661.279692910567,69.44046939457826,117.13034388965166,20.144008224388706,1.0889363244264436,291.82093922707946,76.11524845656763,508.5842848018773,547.118430763314,585.6525767247507,624.1867226861874,566.3855037440323,624.1867226861874,508.5842848018773,115.60243788431012,3.866522339013982,74.82371736748814,14.5,91.0,43.07519795273711,41.07519795273711,14.475519945807747,420.0,True,True,2400.0,8.0,10.0,0.34798434225613334,94.35466154850945,0.34798434225613334,0.20879060535368,0.13919373690245335,True,False,False,True,python_mission_generator,csv_authoritative,validated_csv,explicit_input,calibrated_csv,python_generated_isa_plus_offset
ENG_0001,11.0,temp_mission_001,NORMAL,TAKEOFF,42,stage5_mission_generator,414.1784667869903,126.24159667667466,14.17992663576176,998.1758790455722,91.7164306642602,5634.328613285204,65.27577981512947,110.63213101124256,19.030388412299093,1.0413287230783403,291.6195929519357,75.00577013239528,498.79831657032105,536.4797410759271,574.161165581533,611.8425900871391,555.3204533287301,611.8425900871391,498.79831657032105,113.04427351681807,3.8156151864457915,74.2199279683601,14.5,91.0,42.895524088568024,40.895524088568024,14.470763872932682,420.0,True,True,2400.0,8.0,11.0,0.34597826946738264,93.90547688808672,0.34597826946738264,0.2075869616804296,0.13839130778695305,True,False,False,True,python_mission_generator,csv_authoritative,validated_csv,explicit_input,calibrated_csv,python_generated_isa_plus_offset
ENG_0001,12.0,temp_mission_001,NORMAL,TAKEOFF,42,stage5_mission_generator,480.12050958388096,146.3407313211669,14.049361391023915,995.792751729362,90.39758980832238,5607.951796166448,61.1998297262828,104.21190236312572,17.940497152593533,0.9947355248956656,291.4225368803114,73.91993211548784,489.22086372012757,526.0677362075459,562.9146086949642,599.7614811823825,544.491172451255,599.7614811823825,489.22086372012757,110.54061746225489,3.7657927425217212,73.62900386511726,14.5,91.0,42.71967864110965,40.71967864110965,14.466109140499961,420.0,True,True,2400.0,8.0,12.0,0.3440149412515441,93.4658632694408,0.3440149412515441,0.20640896475092643,0.13760597650061765,True,False,False,True,python_mission_generator,csv_authoritative,validated_csv,explicit_input,calibrated_csv,python_generated_isa_plus_offset
ENG_0001,13.0,temp_mission_001,NORMAL,TAKEOFF,42,stage5_mission_generator,542.2373564816214,165.27394625559822,13.92637003416639,993.5520819997914,89.15525287036758,5583.1050574073515,57.36031919714194,98.10861422471707,16.91382879894787,0.9508451260661385,291.2369117265826,72.8970818822954,480.19898409473853,516.259715635604,552.3204471764697,588.3811787173352,534.2900814060368,588.3811787173352,480.19898409473853,108.18219462259663,3.718860421501047,73.07235835502318,14.5,91.0,42.55403371604901,40.55403371604901,14.461724421895415,420.0,True,True,2400.0,8.0,13.0,0.34216550266850077,93.05175095678919,0.34216550266850077,0.20529930160110046,0.1368662010674003,True,False,False,True,python_mission_generator,csv_authoritative,validated_csv,explicit_input,calibrated_csv,python_generated_isa_plus_offset
ENG_0001,14.0,temp_mission_001,NORMAL,TAKEOFF,42,stage5_mission_generator,598.3569347007993,182.37919369680364,13.815253269292418,991.531256857054,88.03286130598401,5560.657226119681,53.89150643177092,92.54768949608773,15.986283409008436,0.9111922654784228,291.06920834409635,71.97298598021838,472.0481505510699,507.3986416250619,542.7491326990538,578.0996237730458,525.0738871620579,578.0996237730458,472.0481505510699,106.05147322197587,3.676459330781436,72.56945595729675,14.5,91.0,42.404381507464535,40.404381507464535,14.457763039903472,420.0,True,True,2400.0,8.0,14.0,0.3404946240195325,92.67762043532801,0.3404946240195325,0.2042967744117195,0.136197849607813,True,False,False,True,python_mission_generator,csv_authoritative,validated_csv,explicit_input,calibrated_csv,python_generated_isa_plus_offset
ENG_0001,15.0,temp_mission_001,NORMAL,TAKEOFF,42,stage5_mission_generator,646.6621259284424,197.10261598298925,13.719608990661683,989.7944886131293,87.06675748143115,5541.335149628623,51.100139064516824,88.06007402760511,15.274079599831976,0.8775687563810124,290.93255197977066,71.22092500462426,465.4656122571709,500.24001917364967,535.0144260901284,569.7888330066072,517.627222631889,569.7888330066072,465.4656122571709,104.3232207494363,3.6412044834355473,72.16574478356571,14.5,91.0,42.275567664190824,40.275567664190824,14.454353261699168,420.0,True,True,2400.0,8.0,15.0,0.3390934415551008,92.35558582714371,0.3390934415551008,0.20345606493306048,0.1356373766220403,True,False,False,True,python_mission_generator,csv_authoritative,validated_csv,explicit_input,calibrated_csv,python_generated_isa_plus_offset
ENG_0001,16.0,temp_mission_001,NORMAL,TAKEOFF,42,stage5_mission_generator,685.8282539312352,209.0404517982405,13.642060057216154,988.3881159619702,86.2834349213753,5525.668698427506,48.844045016807186,84.41082840062613,14.699795680406382,0.8503253311024828,290.8220336962913,70.61274695385409,460.14441596014547,494.4530294349487,528.7616429097519,563.0702563845551,511.6073361723503,563.0702563845551,460.14441596014547,102.92584042440967,3.612665407925819,71.83948784254132,14.5,91.0,42.17112465618337,40.17112465618337,14.451588593840148,420.0,True,True,2400.0,8.0,16.0,0.3379587190514868,92.0944783071251,0.3379587190514868,0.20277523143089207,0.1351834876205947,True,False,False,True,python_mission_generator,csv_authoritative,validated_csv,explicit_input,calibrated_csv,python_generated_isa_plus_offset
ENG_0001,17.0,temp_mission_001,NORMAL,TAKEOFF,42,stage5_mission_generator,715.1605721687381,217.98094239703138,13.583982067105898,987.3359146277497,85.69678855662524,5513.935771132505,47.15440981527699,81.66425278262791,14.269702649967659,0.8299221699809012,290.7392642823261,70.15726991182984,456.1592626874645,490.1190338804063,524.0788050733481,558.03857626629,507.0989194768772,558.03857626629,456.1592626874645,101.87931357882547,3.5912919077167667,71.59514731389272,14.5,91.0,42.09290514088337,40.09290514088337,14.449518077258677,420.0,True,True,2400.0,8.0,17.0,0.3371089020467298,91.89892951887508,0.3371089020467298,0.20226534122803785,0.13484356081869192,True,False,False,True,python_mission_generator,csv_authoritative,validated_csv,explicit_input,calibrated_csv,python_generated_isa_plus_offset
ENG_0001,18.0,temp_mission_001,NORMAL,TAKEOFF,42,stage5_mission_generator,734.7317514066094,223.94623782873455,13.545231132214914,986.6343669727322,85.30536497186782,5506.107299437356,46.02704739175453,79.82516551108128,13.982734953806732,0.816308724221299,290.68403867680075,69.85336543499943,453.5002792290651,487.22729504383403,520.954310858603,554.6813266733719,504.0908029512185,554.6813266733719,453.5002792290651,101.18104744430684,3.5770310300000774,71.4321178443998,14.5,91.0,42.040715329582376,40.040715329582376,14.448136582253651,420.0,True,True,2400.0,8.0,18.0,0.3365418851207295,91.7684549906226,0.3365418851207295,0.2019251310724377,0.13461675404829182,True,False,False,True,python_mission_generator,csv_authoritative,validated_csv,explicit_input,calibrated_csv,python_generated_isa_plus_offset
ENG_0001,19.0,temp_mission_001,NORMAL,TAKEOFF,42,stage5_mission_generator,745.5193673298157,227.23430316212784,13.523871652686966,986.2478471479257,85.08961265340369,5501.7922530680735,45.40564626495465,78.80922486653013,13.824558624678787,0.808805005489736,290.65359837403236,69.68585356800645,452.03465000219325,485.6333712674477,519.2320925327022,552.8308137979567,502.43273190007494,552.8308137979567,452.03465000219325,100.79616379576345,3.5691704473716297,71.34225615136238,14.5,91.0,42.011948353787155,40.011948353787155,14.447375103482601,420.0,True,True,2400.0,8.0,19.0,0.3362293459147213,91.69653755113455,0.3362293459147213,0.20173760754883277,0.13449173836588854,True,False,False,True,python_mission_generator,csv_authoritative,validated_csv,explicit_input,calibrated_csv,python_generated_isa_plus_offset
ENG_0001,20.0,temp_mission_001,NORMAL,TAKEOFF,42,stage5_mission_generator,749.5433881558594,228.46082470990595,13.515904091451398,986.1036980538208,85.0091322368828,5500.182644737656,45.173849814898354,78.4298481805224,13.765555333578224,0.8060059514018322,290.6422434636275,69.62336791351268,451.48793768186454,485.0388022248563,518.589666767848,552.1405313108397,501.8142344963521,552.1405313108397,451.48793768186454,100.65259362897518,3.566238275107907,71.30873573991833,14.5,91.0,42.001217631584375,40.001217631584375,14.447091054953704,420.0,True,True,2400.0,8.0,20.0,0.33611276183507993,91.6697107456276,0.33611276183507993,0.20166765710104795,0.13444510473403198,True,False,False,True,python_mission_generator,csv_authoritative,validated_csv,explicit_input,calibrated_csv,python_generated_isa_plus_offset
ENG_0001,21.0,temp_mission_001,NORMAL,CLIMB,42,stage5_mission_generator,750.0000137275807,228.6000041841666,13.51499997281939,986.0873418200745,84.99999995154971,5499.999997092983,45.041206434628705,78.20215255290064,13.702610104092464,0.805672711802198,290.6357466428268,69.59391593012478,451.18810820131193,484.7149345510937,518.2417609008754,551.7685872506571,501.4783477259845,551.7685872506571,451.18810820131193,100.58047904934517,3.565293859414333,71.28898096945534,14.5,91.0,41.999999976743865,39.999999976743865,14.447058823016409,420.0,True,True,2400.0,8.0,21.0,0.336079277285304,91.66666661821638,0.336079277285304,0.2016475663711824,0.13443171091412162,True,False,False,True,python_mission_generator,csv_authoritative,validated_csv,explicit_input,calibrated_csv,python_generated_isa_plus_offset
ENG_0001,22.0,temp_mission_001,NORMAL,CLIMB,42,stage5_mission_generator,750.0049205684875,228.60149978927498,13.514990257274395,986.0871660592393,84.99998263328769,5499.998957997262,45.041158332923345,78.20208381144606,13.702597550444107,0.8056721331210848,290.6357365322433,69.59390350870852,451.18797726126553,484.71479361505664,518.2416099688477,551.7684263226388,501.4782017919522,551.7684263226388,451.18797726126553,100.58044906137326,3.565292863707737,71.28897527728296,14.5,91.0,41.99999166397809,39.99999166397809,14.447058639646576,420.0,True,True,2400.0,8.0,22.0,0.33607922136376694,91.66664929995436,0.33607922136376694,0.20164753281826017,0.13443168854550677,True,False,False,True,python_mission_generator,csv_authoritative,validated_csv,explicit_input,calibrated_csv,python_generated_isa_plus_offset
ENG_0001,23.0,temp_mission_001,NORMAL,CLIMB,42,stage5_mission_generator,750.0314390296089,228.6095826162248,13.514937750721375,986.0862161803205,84.99988903871903,5499.993342323141,45.04089837275184,78.20171230565818,13.702529705685699,0.805669005705117,290.6356818907498,69.59383637858339,451.1872696107436,484.7140319423452,518.2407942739468,551.7675566055484,501.477413108146,551.7675566055484,451.1872696107436,100.5802869948048,3.5652874825251875,71.28894451458757,14.5,91.0,41.99994673858513,39.99994673858513,14.447057648645261,420.0,True,True,2400.0,8.0,23.0,0.33607891914220844,91.66655570538569,0.33607891914220844,0.20164735148532506,0.13443156765688338,True,False,False,True,python_mission_generator,csv_authoritative,validated_csv,explicit_input,calibrated_csv,python_generated_isa_plus_offset
ENG_0001,24.0,temp_mission_001,NORMAL,CLIMB,42,stage5_mission_generator,750.0976688865575,228.62976947662273,13.514806615604616,986.0838438609477,84.99965528628273,5499.979317176964,45.04024912222054,78.20078446663533,13.702360263400788,0.8056611949837014,290.6355454236192,69.59366872109511,451.18550225355705,484.7121296647397,518.2387570759223,551.7653844871049,501.475443370331,551.7653844871049,451.18550225355705,100.57988223354789,3.565274043021712,71.28886768475547,14.5,91.0,41.999834537415715,39.999834537415715,14.447055173619464,420.0,True,True,2400.0,8.0,24.0,0.33607816434386256,91.6663219529494,0.33607816434386256,0.20164689860631754,0.13443126573754502,True,False,False,True,python_mission_generator,csv_authoritative,validated_csv,explicit_input,calibrated_csv,python_generated_isa_plus_offset
ENG_0001,25.0,temp_mission_001,NORMAL,CLIMB,42,stage5_mission_generator,750.2212427120446,228.66743477863122,13.514561939430152,986.0794175225037,84.99921914336926,5499.953148602155,45.0390377294206,78.1990532616973,13.7020441124636,0.8056466214851383,290.6352907987994,69.59335590028964,451.1822046609211,484.70858033318916,518.2349560054572,551.7613316777253,501.4717681693232,551.7613316777253,451.1822046609211,100.57912701680414,3.5652489671581407,71.28872433315091,14.5,91.0,41.99962518881724,39.99962518881724,14.447050555635675,420.0,True,True,2400.0,8.0,25.0,0.33607675601651044,91.66588581003592,0.33607675601651044,0.20164605360990626,0.13443070240660418,True,False,False,True,python_mission_generator,csv_authoritative,validated_csv,explicit_input,calibrated_csv,python_generated_isa_plus_offset
ENG_0001,26.0,temp_mission_001,NORMAL,CLIMB,42,stage5_mission_generator,750.4193298725113,228.72781174514145,13.514169726852428,986.0723221957857,84.99852001221467,5499.91120073288,45.037095883248796,78.19627812937294,13.701537326813959,0.8056232603652802,290.6348826386788,69.59285445279583,451.1769186648046,484.7028908030186,518.2288629412326,551.7548350794466,501.4658768721256,551.7548350794466,451.1769186648046,100.577916414642,3.5652087708901083,71.28849454247974,14.5,91.0,41.99928960586304,39.99928960586304,14.447043153070508,420.0,True,True,2400.0,8.0,26.0,0.33607449848693177,91.66518667888134,0.33607449848693177,0.20164469909215907,0.1344297993947727,True,False,False,True,python_mission_generator,csv_authoritative,validated_csv,explicit_input,calibrated_csv,python_generated_isa_plus_offset
ENG_0001,27.0,temp_mission_001,NORMAL,CLIMB,42,stage5_mission_generator,750.7086405247588,228.8159936319465,13.513596891760978,986.0619593894245,84.99749891579496,5499.849934947698,45.034259774228865,78.19222491154592,13.7007971552324,0.8055891409361995,290.6342865118502,69.59212207770818,451.1691983512787,484.6945811191362,518.2199638869938,551.7453466548513,501.457272503065,551.7453466548513,451.1691983512787,100.57614830357267,3.565150063357045,71.28815892815321,14.5,91.0,41.998799479581585,39.998799479581585,14.447032341461359,420.0,True,True,2400.0,8.0,27.0,0.33607120131535667,91.66416558246164,0.33607120131535667,0.201642720789214,0.13442848052614267,True,False,False,True,python_mission_generator,csv_authoritative,validated_csv,explicit_input,calibrated_csv,python_generated_isa_plus_offset
ENG_0001,28.0,temp_mission_001,NORMAL,CLIMB,42,stage5_mission_generator,751.105429612579,228.9369349459141,13.512811249367093,986.0477469608065,84.9960984837203,5499.765909023218,45.0303700553325,78.18666578304916,13.699782011115193,0.8055423461948489,290.6334689248769,69.59111762646968,451.15860995386635,484.68318440124096,518.2077588486156,551.7323332959902,501.4454716249283,551.7323332959902,451.15860995386635,100.57372334212386,3.5650695460711748,71.28769863365162,14.5,91.0,41.99812727218575,39.99812727218575,14.44701751335704,420.0,True,True,2400.0,8.0,28.0,0.3360666792499177,91.66276515038697,0.3360666792499177,0.2016400075499506,0.13442667169996708,True,False,False,True,python_mission_generator,csv_authoritative,validated_csv,explicit_input,calibrated_csv,python_generated_isa_plus_offset
ENG_0001,29.0,temp_mission_001,NORMAL,CLIMB,42,stage5_mission_generator,751.6255008633851,229.0954526631598,13.511781508290497,986.0291189892042,84.99426293812922,5499.655776287754,45.02527180280033,78.17937917898738,13.69845146224934,0.8054810123517259,290.6323973140567,69.58980109275439,451.14473174689124,484.6682467290298,518.1917617111684,551.7152766933069,501.4300042200991,551.7152766933069,451.14473174689124,100.57054494641568,3.564964012106509,71.28709532588805,14.5,91.0,41.99724621030203,39.99724621030203,14.446998078168427,420.0,True,True,2400.0,8.0,29.0,0.3360607521811014,91.6609296047959,0.3360607521811014,0.2016364513086608,0.13442430087244056,True,False,False,True,python_mission_generator,csv_authoritative,validated_csv,explicit_input,calibrated_csv,python_generated_isa_plus_offset
ENG_0001,30.0,temp_mission_001,NORMAL,CLIMB,42,stage5_mission_generator,752.2842107848426,229.29622744722002,13.510477262646011,986.0055256508496,84.99193807958291,5499.516284774974,45.018814476963115,78.17014972005487,13.69676622058762,0.8054033283595353,290.6310400371872,69.58813360235023,451.1271539388267,484.6493270274048,518.1715001159829,551.693673204561,501.4104135716939,551.693673204561,451.1271539388267,100.56651926573431,3.5648303452878403,71.28633119057208,14.5,91.0,41.99613027819979,39.99613027819979,14.446973462019113,420.0,True,True,2400.0,8.0,30.0,0.33605324509620016,91.65860474624957,0.33605324509620016,0.20163194705772008,0.13442129803848007,True,False,False,True,python_mission_generator,csv_authoritative,validated_csv,explicit_input,calibrated_csv,python_generated_isa_plus_offset
ENG_0001,31.0,temp_mission_001,NORMAL,CLIMB,42,stage5_mission_generator,753.0964726614992,229.54380486722496,13.508868984130231,985.9764330957182,84.98907127295942,5499.344276377565,45.01093484115664,78.15891218808423,13.694690870388623,0.8053099178193992,290.6293115980307,69.58610708087978,451.10563453924686,484.6261735581003,518.1467125769537,551.6672515958071,501.386443067527,551.6672515958071,451.10563453924686,100.56161705656024,3.564666608233101,71.28540137128762,14.5,91.0,41.99475421102052,39.99475421102052,14.446943107596042,420.0,True,True,2400.0,8.0,31.0,0.33604400383530597,91.65573793962608,0.33604400383530597,0.2016264023011836,0.13441760153412238,True,False,False,True,python_mission_generator,csv_authoritative,validated_csv,explicit_input,calibrated_csv,python_generated_isa_plus_offset
ENG_0001,32.0,temp_mission_001,NORMAL,CLIMB,42,stage5_mission_generator,754.0767605514159,229.84259661607157,13.506928014108196,985.9413233257628,84.98561143334794,5499.136686000877,45.00145045898398,78.14539294960746,13.692187042832982,0.8051979093213776,290.62720894125493,69.58367038239025,451.079711069861,484.5982842722518,518.1168574746426,551.6354306770335,501.35757087344723,551.6354306770335,451.079711069861,100.55571960717248,3.5644693316375204,71.28428299532276,14.5,91.0,41.99309348800701,39.99309348800701,14.446906474000155,420.0,True,True,2400.0,8.0,32.0,0.33603285571936975,91.65227810001461,0.33603285571936975,0.20161971343162186,0.1344131422877479,True,False,False,True,python_mission_generator,csv_authoritative,validated_csv,explicit_input,calibrated_csv,python_generated_isa_plus_offset
ENG_0001,33.0,temp_mission_001,NORMAL,CLIMB,42,stage5_mission_generator,755.2391132827976,230.1968817285967,13.50462655570006,985.8996940743674,84.98150901194306,5498.890540716584,44.99020458148492,78.12936151581432,13.689218189674504,0.8050650979452988,290.6247157666768,69.58078112590348,451.04897294103444,484.5652152239492,518.081457506864,551.5976997897789,501.32333636540665,551.5976997897789,451.04897294103444,100.54872684874442,3.5642354156705176,71.28295690798572,14.5,91.0,41.99112432573267,39.99112432573267,14.446863036597044,420.0,True,True,2400.0,8.0,33.0,0.33601963710967203,91.64817567860973,0.33601963710967203,0.2016117822658032,0.13440785484386883,True,False,False,True,python_mission_generator,csv_authoritative,validated_csv,explicit_input,calibrated_csv,python_generated_isa_plus_offset
ENG_0001,34.0,temp_mission_001,NORMAL,CLIMB,42,stage5_mission_generator,756.5971384506234,230.61080779975003,13.501937665867766,985.8510586868221,84.97671598193898,5498.602958916338,44.977065553833796,78.11062950511658,13.685749554724087,0.804909928876204,290.62180288684823,69.57740548706391,451.01306030330284,484.5265792757912,518.0400982482796,551.5536172207679,501.2833387620354,551.5536172207679,451.01306030330284,100.5405569174651,3.563962121891642,71.28140758485014,14.5,91.0,41.98882367133071,39.98882367133071,14.446812286867589,420.0,True,True,2400.0,8.0,34.0,0.33600419325672737,91.64338264860564,0.33600419325672737,0.20160251595403642,0.13440167730269095,True,False,False,True,python_mission_generator,csv_authoritative,validated_csv,explicit_input,calibrated_csv,python_generated_isa_plus_offset
ENG_0001,35.0,temp_mission_001,NORMAL,CLIMB,42,stage5_mission_generator,758.1640164132777,231.08839220276707,13.49883524750171,985.794946001578,84.97118582442373,5498.271149465423,44.961905854761156,78.08901423473898,13.681747473029958,0.8047308961155373,290.6184420307172,69.57351070349662,450.9716246053676,484.4820014452992,517.9923782852309,551.5027551251625,501.237189865265,551.5027551251625,450.9716246053676,100.53113051979489,3.5636467978390427,71.27961998890886,14.5,91.0,41.986169195723384,39.986169195723384,14.446753732258603,420.0,True,True,2400.0,8.0,35.0,0.33598637426970807,91.63785249109038,0.33598637426970807,0.20159182456182484,0.13439454970788323,True,False,False,True,python_mission_generator,csv_authoritative,validated_csv,explicit_input,calibrated_csv,python_generated_isa_plus_offset
ENG_0001,36.0,temp_mission_001,NORMAL,CLIMB,42,stage5_mission_generator,759.9525042891801,231.6335233073421,13.495294041507425,985.7309002321033,84.96487351427348,5497.892410856409,44.9446020578861,78.06433864022989,13.67717936066964,0.8045265420244891,290.6146058350554,69.56906506487294,450.9243284884056,484.43111879121295,517.9379090940204,551.4446993968278,501.18451394261666,551.4446993968278,450.9243284884056,100.5203709084222,3.563286876225173,71.27757956601428,14.5,91.0,41.98313928685127,39.98313928685127,14.446686896033484,420.0,True,True,2400.0,8.0,36.0,0.3359660350709929,91.63154018094015,0.3359660350709929,0.20157962104259572,0.13438641402839716,True,False,False,True,python_mission_generator,csv_authoritative,validated_csv,explicit_input,calibrated_csv,python_generated_isa_plus_offset
ENG_0001,37.0,temp_mission_001,NORMAL,CLIMB,42,stage5_mission_generator,761.9749399534165,232.24996169780138,13.491289618892235,985.6584808491507,84.95773550604676,5497.464130362806,44.92503479304842,78.03643119450973,13.672013704541786,0.8042954568673365,290.61026783588534,69.56403790297604,450.87084568037966,484.3735802997861,517.8763149191925,551.3790495385989,501.1249476094893,551.3790495385989,450.87084568037966,100.50820385821925,3.5628798741324967,71.2752722403188,14.5,91.0,41.979713042902446,39.979713042902446,14.446611317122848,420.0,True,True,2400.0,8.0,37.0,0.33594303535071646,91.62440217271343,0.33594303535071646,0.20156582121042987,0.13437721414028658,True,False,False,True,python_mission_generator,csv_authoritative,validated_csv,explicit_input,calibrated_csv,python_generated_isa_plus_offset
ENG_0001,38.0,temp_mission_001,NORMAL,CLIMB,42,stage5_mission_generator,764.2432460343698,232.94134139127593,13.486798372851947,985.577262463237,84.94972971987869,5496.983783192722,44.90308870764071,78.00512582663006,13.66622005215812,0.8040362783547856,290.60540245990785,69.55839958176645,450.81086089034795,484.3090467710808,517.8072326518136,551.3054185325464,501.05813971144715,551.3054185325464,450.81086089034795,100.4945576421984,3.562423392209188,71.27268440971517,14.5,91.0,41.97587026554177,39.97587026554177,14.446526549975186,420.0,True,True,2400.0,8.0,38.0,0.33591723952131836,91.61639638654536,0.33591723952131836,0.201550343712791,0.13436689580852734,True,False,False,True,python_mission_generator,csv_authoritative,validated_csv,explicit_input,calibrated_csv,python_generated_isa_plus_offset
ENG_0001,39.0,temp_mission_001,NORMAL,CLIMB,42,stage5_mission_generator,766.7689339103499,233.71117105587467,13.481797510857508,985.4868347071877,84.94081552737524,5496.448931642514,44.87865242794068,77.97026184040679,13.659769001435318,0.8037476911873123,290.5999850159299,69.55212148744774,450.744069702775,484.2371907052643,517.7303117077536,551.2234327102428,500.98375120650894,551.2234327102428,450.744069702775,100.47936300746784,3.561915113864839,71.26980294127688,14.5,91.0,41.971591453140114,39.971591453140114,14.446432164407502,420.0,True,True,2400.0,8.0,39.0,0.33588851667209235,91.6074821940419,0.33588851667209235,0.2015331100032554,0.13435540666883694,True,False,False,True,python_mission_generator,csv_authoritative,validated_csv,explicit_input,calibrated_csv,python_generated_isa_plus_offset
ENG_0001,40.0,temp_mission_001,NORMAL,CLIMB,42,stage5_mission_generator,769.5631077062253,234.5628352288575,13.476265046741673,985.3868021185658,84.93095373750744,5495.857224250446,44.85161852044328,77.93168383307976,13.652632190486923,0.8034284265985052,290.5939916862918,69.54517601853205,450.67017847184053,484.1576961889034,517.6452139059662,551.132731623029,500.9014550474348,551.132731623029,450.67017847184053,100.4625531511885,3.5613528044661598,71.26661516669851,14.5,91.0,41.966857794003566,39.966857794003566,14.44632774545596,420.0,True,True,2400.0,8.0,40.0,0.33585674052373543,91.5976204041741,0.33585674052373543,0.20151404431424125,0.13434269620949418,True,False,False,True,python_mission_generator,csv_authoritative,validated_csv,explicit_input,calibrated_csv,python_generated_isa_plus_offset
ENG_0001,41.0,temp_mission_001,NORMAL,CLIMB,42,stage5_mission_generator,772.6364682900523,235.49959553480795,13.470179792785697,985.2767840218385,84.9201065825057,5495.206394950342,44.82188345319302,77.88924161414283,13.644782287415254,0.8030772618984068,290.58739951829466,69.53753657590568,450.5889042157512,484.07025878126103,517.5516133467708,551.0329679122806,500.8109360640159,551.0329679122806,450.5889042157512,100.44406369652938,3.560734310532689,71.2631088777362,14.5,91.0,41.96165115960273,39.96165115960273,14.44621289322653,420.0,True,True,2400.0,8.0,41.0,0.3358217893828974,91.58677324917237,0.3358217893828974,0.20149307362973845,0.13432871575315897,True,False,False,True,python_mission_generator,csv_authoritative,validated_csv,explicit_input,calibrated_csv,python_generated_isa_plus_offset
ENG_0001,42.0,temp_mission_001,NORMAL,CLIMB,42,stage5_mission_generator,775.9993172697073,236.5245919038068,13.46352135180598,985.1564144101419,84.90823770375397,5494.494262225238,44.78934755711599,77.8427901244793,13.636192980103289,0.8026930200168547,290.58018641562796,69.52917755289468,450.49997451104923,483.9745854005905,517.4491962901318,550.9238071796731,500.71189084536115,550.9238071796731,450.49997451104923,100.42383266862385,3.560057558932488,71.25927232164791,14.5,91.0,41.95595409780191,39.95595409780191,14.44608722274563,420.0,True,True,2400.0,8.0,42.0,0.3357835460967293,91.57490437042064,0.3357835460967293,0.20147012765803757,0.1343134184386917,True,False,False,True,python_mission_generator,csv_authoritative,validated_csv,explicit_input,calibrated_csv,python_generated_isa_plus_offset
ENG_0001,43.0,temp_mission_001,NORMAL,CLIMB,42,stage5_mission_generator,779.6615609895157,237.6408437896044,13.456270109240759,985.0253418264992,84.89531213768406,5493.718728261044,44.753914987352324,77.7921893559287,13.626838966006604,0.802274569046825,290.5723311297971,69.52007432533054,450.40312738692353,483.87039421043227,517.337661033941,550.8049278574497,500.6040276221866,550.8049278574497,450.40312738692353,100.40180047052615,3.5593205560778554,71.25509419663399,14.5,91.0,41.94974982608835,39.94974982608835,14.445950363810773,420.0,True,True,2400.0,8.0,43.0,0.33574189800743315,91.56197880435073,0.33574189800743315,0.20144513880445988,0.13429675920297326,True,False,False,True,python_mission_generator,csv_authoritative,validated_csv,explicit_input,calibrated_csv,python_generated_isa_plus_offset
ENG_0001,44.0,temp_mission_001,NORMAL,CLIMB,42,stage5_mission_generator,783.6327145268837,238.85125138779415,13.448407225236771,984.8832292443669,84.88129630166982,5492.877778100189,44.715493684588125,77.73730427140215,13.616695941945226,0.8018208217877716,290.5638132515505,69.51020324161556,450.29811121951883,483.75741450590795,517.216717792297,550.6760210786861,500.4870661491025,550.6760210786861,450.29811121951883,100.37790985916723,3.558521387121023,71.25056364727737,14.5,91.0,41.94302222480151,39.94302222480151,14.44580196084121,420.0,True,True,2400.0,8.0,44.0,0.335696736906811,91.54796296833648,0.335696736906811,0.2014180421440866,0.13427869476272442,True,False,False,True,python_mission_generator,csv_authoritative,validated_csv,explicit_input,calibrated_csv,python_generated_isa_plus_offset
ENG_0001,45.0,temp_mission_001,NORMAL,CLIMB,42,stage5_mission_generator,787.9219056889285,240.15859685398542,13.439914626735922,984.7297539473998,84.86615797992143,5491.969478795286,44.67399533638782,77.67800472565698,13.605740593895568,0.8013307352889693,290.5546132023077,69.49954161278863,450.1846846262467,483.635386600017,517.0860885737873,550.5367905475575,500.36073758690213,550.5367905475575,450.1846846262467,100.35210592131085,3.557658215149864,71.24567025998401,14.5,91.0,41.93575583036229,39.93575583036229,14.44564167272858,420.0,True,True,2400.0,8.0,45.0,0.3356479589908142,91.5328246465881,0.3356479589908142,0.2013887753944885,0.1342591835963257,True,False,False,True,python_mission_generator,csv_authoritative,validated_csv,explicit_input,calibrated_csv,python_generated_isa_plus_offset
ENG_0001,46.0,temp_mission_001,NORMAL,CLIMB,42,stage5_mission_generator,792.5378790091088,241.56554552197636,13.430774999561965,984.5646074083054,84.84986630937962,5490.991978562777,44.62933533852644,77.61416538683164,13.593950586782348,0.8008033103928563,290.5447122255863,69.48806770259081,450.0626163600953,483.5040617099319,516.9455070597685,550.386952409605,500.2247843848502,550.386952409605,450.0626163600953,100.32433604950967,3.5567292803835953,71.2404040584234,14.5,91.0,41.927935828502214,39.927935828502214,14.445469172687549,420.0,True,True,2400.0,8.0,46.0,0.3355954648140919,91.51653297604629,0.3355954648140919,0.20135727888845514,0.13423818592563677,True,False,False,True,python_mission_generator,csv_authoritative,validated_csv,explicit_input,calibrated_csv,python_generated_isa_plus_offset
ENG_0001,47.0,temp_mission_001,NORMAL,CLIMB,42,stage5_mission_generator,797.4889997438557,243.07464712192726,13.420971780507166,984.3874951667004,84.83239176560993,5489.943505936595,44.581432756321576,77.54566565883492,13.581304554270435,0.8002375912783737,290.5340923784296,69.47576071753075,449.93168520393925,483.3632018432931,516.7947184826469,550.2262351220008,500.07896016297,550.2262351220008,449.93168520393925,100.29454991806159,3.555732899368481,71.23475549896872,14.5,91.0,41.91954804749276,39.91954804749276,14.445284148106458,420.0,True,True,2400.0,8.0,47.0,0.33553915924454136,91.49905843227658,0.33553915924454136,0.20132349554672482,0.13421566369781654,True,False,False,True,python_mission_generator,csv_authoritative,validated_csv,explicit_input,calibrated_csv,python_generated_isa_plus_offset
ENG_0001,48.0,temp_mission_001,NORMAL,CLIMB,42,stage5_mission_generator,802.7832578692029,244.68833699853306,13.410489149418979,984.198136705867,84.81370614869694,5488.822368921816,44.530210285965865,77.47238960467786,13.567782088556822,0.7996326650043092,290.52273652283424,69.46260079695044,449.79167986484987,483.21257968450504,516.6334795041602,550.0543793238153,499.9230295943326,550.0543793238153,449.79167986484987,100.26269945896541,3.5546674641735376,71.22871546613747,14.5,91.0,41.910578951374525,39.910578951374525,14.445086300397968,420.0,True,True,2400.0,8.0,48.0,0.33547895141785616,91.4803728153636,0.33547895141785616,0.2012873708507137,0.13419158056714248,True,False,False,True,python_mission_generator,csv_authoritative,validated_csv,explicit_input,calibrated_csv,python_generated_isa_plus_offset
ENG_0001,49.0,temp_mission_001,NORMAL,CLIMB,42,stage5_mission_generator,808.4282720774175,246.40893732919687,13.399312021286713,983.9962653283166,84.79378256913853,5487.626954148312,44.47559421585896,77.39422587082753,13.55336373016247,0.7989876610526376,290.5106283171773,69.44856900309077,449.6423988684055,483.0519784810314,516.4615580936573,549.8711377062832,499.75676828734436,549.8711377062832,449.6423988684055,100.2287388378777,3.5535314415862387,71.22227526803167,14.5,91.0,41.90101563318649,39.90101563318649,14.444875344849702,420.0,True,True,2400.0,8.0,49.0,0.33541475469207577,91.4604492358052,0.33541475469207577,0.20124885281524546,0.1341659018768303,True,False,False,True,python_mission_generator,csv_authoritative,validated_csv,explicit_input,calibrated_csv,python_generated_isa_plus_offset
ENG_0001,50.0,temp_mission_001,NORMAL,CLIMB,42,stage5_mission_generator,814.4312937736308,248.23865834220268,13.387426038328211,983.7816280300848,84.77259543374012,5486.355726024408,44.417514387939924,77.31106761265708,13.53803095772425,0.7983017508718638,290.4977522076442,69.43364731115703,449.4836504530015,482.88119192969083,516.2787334063802,549.6762748830695,499.5799626680355,549.6762748830695,449.4836504530015,100.19262443006801,3.5523233723082166,71.21542663177831,14.5,91.0,41.890845808195266,39.890845808195266,14.444651010474896,420.0,True,True,2400.0,8.0,50.0,0.33534648660213456,91.4392621004068,0.33534648660213456,0.20120789196128072,0.13413859464085384,True,False,False,True,python_mission_generator,csv_authoritative,validated_csv,explicit_input,calibrated_csv,python_generated_isa_plus_offset
ENG_0001,51.0,temp_mission_001,NORMAL,CLIMB,42,stage5_mission_generator,820.7992110724688,250.1795995348885,13.374817562076512,983.553985373689,84.75012043150893,5485.007225890536,44.355904159019346,77.22281242105886,13.521766177786832,0.7975741474203636,290.484093419656,69.41781859938466,449.31525246415987,482.7000240629518,516.0847956617438,549.4695672605357,499.3924098623478,549.4695672605357,449.31525246415987,100.15431479637579,3.5510418701509665,71.20816169896979,14.5,91.0,41.88005780712429,39.88005780712429,14.444413039863036,420.0,True,True,2400.0,8.0,51.0,0.33527406881441113,91.41678709817559,0.33527406881441113,0.20116444128864666,0.13410962752576447,True,False,False,True,python_mission_generator,csv_authoritative,validated_csv,explicit_input,calibrated_csv,python_generated_isa_plus_offset
ENG_0001,52.0,temp_mission_001,NORMAL,CLIMB,42,stage5_mission_generator,827.5385527946823,252.2337508918192,13.361473665466528,983.3131113596617,84.72633451954817,5483.580071172891,44.290700362111416,77.12936225028214,13.504552714594574,0.7968041047097241,290.46963794929667,69.40106663910466,449.1370322488401,482.5082891352288,515.8795460216174,549.2508029080061,499.1939175784231,549.2508029080061,449.1370322488401,100.113770659166,3.5496856212315544,71.20047302110417,14.5,91.0,41.868640569383125,39.868640569383125,14.44416118903051,420.0,True,True,2400.0,8.0,52.0,0.33519742708127753,91.39300118621485,0.33519742708127753,0.2011184562487665,0.13407897083251102,True,False,False,True,python_mission_generator,csv_authoritative,validated_csv,explicit_input,calibrated_csv,python_generated_isa_plus_offset
ENG_0001,53.0,temp_mission_001,NORMAL,CLIMB,42,stage5_mission_generator,834.6554924637784,254.40299410295967,13.347382124921719,983.0587932966226,84.70121590895137,5482.072954537082,44.221843267766445,77.03062334705173,13.486374799883453,0.7959909173480887,290.45437255474087,69.38337608480927,448.94882654974896,482.30581150917743,515.6627964686058,549.0197814280344,498.98430398889167,549.0197814280344,448.94882654974896,100.07095487828548,3.548253383168314,71.19235355502573,14.5,91.0,41.85658363629666,39.85658363629666,14.44389522727125,420.0,True,True,2400.0,8.0,53.0,0.335116491195648,91.36788257561804,0.335116491195648,0.20106989471738881,0.1340465964782592,True,False,False,True,python_mission_generator,csv_authoritative,validated_csv,explicit_input,calibrated_csv,python_generated_isa_plus_offset
ENG_0001,54.0,temp_mission_001,NORMAL,CLIMB,42,stage5_mission_generator,842.1558523026501,256.6891037818478,13.332531412440753,982.790831669824,84.67474405069653,5480.484643041792,44.149276545402756,76.9265061810156,13.467217562672952,0.7951339200834959,290.4382847476814,69.36473246421762,448.7504813996502,482.0924255419898,515.4343696843295,548.776313826669,498.7633976131596,548.776313826669,448.7504813996502,100.02583242701883,3.5467439842765582,71.18379665836515,14.5,91.0,41.843877144334336,39.843877144334336,14.443614937007375,420.0,True,True,2400.0,8.0,54.0,0.3350311949455288,91.3414107173632,0.3350311949455288,0.20101871696731727,0.13401247797821153,True,False,False,True,python_mission_generator,csv_authoritative,validated_csv,explicit_input,calibrated_csv,python_generated_isa_plus_offset
ENG_0001,55.0,temp_mission_001,NORMAL,CLIMB,42,stage5_mission_generator,850.0451072302081,259.09374868376744,13.316910687684189,982.5090400081134,84.64689962154044,5478.813977292427,44.07294722463902,76.81692537656832,13.447067019057954,0.7942324873472217,290.42136278475635,69.34512216834113,448.54185201567543,481.86797547169033,515.1940989277052,548.5202223837201,498.5310371996978,548.5202223837201,448.54185201567543,99.9783703680447,3.545156322764276,71.1747960849801,14.5,91.0,41.83051181833942,39.83051181833942,14.44332011363984,420.0,True,True,2400.0,8.0,55.0,0.33494147606856667,91.31356628820711,0.33494147606856667,0.20096488564113998,0.13397659042742668,True,False,False,True,python_mission_generator,csv_authoritative,validated_csv,explicit_input,calibrated_csv,python_generated_isa_plus_offset
ENG_0001,56.0,temp_mission_001,NORMAL,CLIMB,42,stage5_mission_generator,858.3283888580102,261.6184929239215,13.30050979006114,982.2132447492936,84.6176645099129,5477.059870594774,43.992805656626516,76.70179964608859,13.42591006200066,0.7932860327971224,290.403595658977,69.32453244154934,448.3228026936332,481.63231530343063,514.941827913228,548.2513405230254,498.2870716083293,548.2513405230254,448.3228026936332,99.92853782939221,3.5434893659278432,71.16534598039551,14.5,91.0,41.81647896475819,39.81647896475819,14.443010565399078,420.0,True,True,2400.0,8.0,56.0,0.3348472762065985,91.28433117657957,0.3348472762065985,0.2009083657239591,0.1339389104826394,True,False,False,True,python_mission_generator,csv_authoritative,validated_csv,explicit_input,calibrated_csv,python_generated_isa_plus_offset
ENG_0001,57.0,temp_mission_001,NORMAL,CLIMB,42,stage5_mission_generator,867.0104894868925,264.26479719560484,13.283319230815954,981.9032851038219,84.58702180181096,5475.221308108658,43.90880547538128,76.58105172462619,13.403734451122506,0.792294008860976,290.384973091155,69.30295137163526,448.0932067023206,481.38530869578597,514.6774106892514,547.9695126827168,498.03135969251866,547.9695126827168,448.0932067023206,99.87630598039618,3.541742149347723,71.15544087724393,14.5,91.0,41.801770464869264,39.801770464869264,14.442686113195645,420.0,True,True,2400.0,8.0,57.0,0.3347485408602004,91.25368846847763,0.3347485408602004,0.20084912451612022,0.13389941634408017,True,False,False,True,python_mission_generator,csv_authoritative,validated_csv,explicit_input,calibrated_csv,python_generated_isa_plus_offset
ENG_0001,58.0,temp_mission_001,NORMAL,CLIMB,42,stage5_mission_generator,876.0958661036003,267.0340199883774,13.265330185114871,981.579012916833,84.55495576669317,5473.29734600159,43.8209035591162,76.45460830606824,13.380528802496018,0.7912559062798217,290.36548552133,69.28036787988111,447.8529461778314,481.1268288470496,514.4007115162677,547.6745941854858,497.76377018165863,547.6745941854858,447.8529461778314,99.8216480076544,3.5399137760841652,71.145075690706,14.5,91.0,41.78637876801272,39.78637876801272,14.44234659047087,420.0,True,True,2400.0,8.0,58.0,0.33464521934323654,91.22162243335984,0.33464521934323654,0.20078713160594192,0.13385808773729463,True,False,False,True,python_mission_generator,csv_authoritative,validated_csv,explicit_input,calibrated_csv,python_generated_isa_plus_offset
ENG_0001,59.0,temp_mission_001,NORMAL,CLIMB,42,stage5_mission_generator,885.588644377418,269.92741880623703,13.246534484132713,981.2402925284576,84.52145184337382,5471.2871106024295,43.729059991573486,76.32239998081154,13.356282578436785,0.790171253651306,290.3451241001971,69.2567717111239,447.60191201786813,480.85675838152906,514.11160474519,547.3664511088509,497.4841815633595,547.3664511088509,447.60191201786813,99.7645390909828,3.5380034158729226,71.13424571395078,14.5,91.0,41.77029688481944,39.77029688481944,14.441991843047488,420.0,True,True,2400.0,8.0,59.0,0.3345372647374091,91.1881185100405,0.3345372647374091,0.20072235884244544,0.13381490589496364,True,False,False,True,python_mission_generator,csv_authoritative,validated_csv,explicit_input,calibrated_csv,python_generated_isa_plus_offset
ENG_0001,60.0,temp_mission_001,NORMAL,CLIMB,42,stage5_mission_generator,895.4926226567999,272.94615138579263,13.226924607139537,980.8870006324181,84.48649662591718,5469.189797555031,43.61513962539166,76.15276107032304,13.32860145311598,0.7887174005469858,290.33641261448486,69.2266983260116,447.3059838853936,480.53697778118357,513.7679716769735,546.9989655727636,497.15247472907856,546.9989655727636,447.3059838853936,99.69298168737004,3.535823732277925,71.12023185388142,14.5,91.0,41.75351838044025,39.75351838044025,14.4416217289803,420.0,True,True,2400.0,8.0,60.0,0.33442118653290814,91.15316329258386,0.33442118653290814,0.20065271191974487,0.13376847461316327,True,False,False,True,python_mission_generator,csv_authoritative,validated_csv,explicit_input,calibrated_csv,python_generated_isa_plus_offset
ENG_0001,61.0,temp_mission_001,NORMAL,CLIMB,42,stage5_mission_generator,905.8112759660013,276.09127691443723,13.206493673587318,980.5190261328821,84.45007784953177,5467.004670971905,43.55203037887797,76.07296499991347,13.31196338124819,0.7880645574628946,290.31637704862567,69.21145973088798,447.1146935932603,480.33276514525784,513.5508366972554,546.768908249253,496.94180092125663,546.768908249253,447.1146935932603,99.65421465599263,3.5340928127568096,71.11396837689153,14.5,91.0,41.736037367775246,39.736037367775246,14.441236118406806,420.0,True,True,2400.0,8.0,61.0,0.33431083502780773,91.11674451619842,0.33431083502780773,0.20058650101668463,0.1337243340111231,True,False,False,True,python_mission_generator,csv_authoritative,validated_csv,explicit_input,calibrated_csv,python_generated_isa_plus_offset
ENG_0001,62.0,temp_mission_001,NORMAL,CLIMB,42,stage5_mission_generator,916.5477600017088,279.36375724852087,13.185235435196617,980.1362699995849,84.41218437646455,5464.731062587874,43.486365664947144,75.98987002372789,13.294651587970458,0.7873852789620925,290.29553018745605,69.19560408302685,446.9156574297093,480.12028337658046,513.3249093234516,546.5295352703228,496.72259635001603,546.5295352703228,446.9156574297093,99.61387784061344,3.5322918035312183,71.1074512744466,14.5,91.0,41.717848500702985,39.717848500702985,14.44083489339786,420.0,True,True,2400.0,8.0,62.0,0.3341960150859681,91.07885104313122,0.3341960150859681,0.20051760905158084,0.13367840603438724,True,False,False,True,python_mission_generator,csv_authoritative,validated_csv,explicit_input,calibrated_csv,python_generated_isa_plus_offset
ENG_0001,63.0,temp_mission_001,NORMAL,CLIMB,42,stage5_mission_generator,927.7049151296703,282.76445813152355,13.163144268043252,979.7386451211848,84.37280618189529,5462.368370913717,43.41812811182244,75.90344597324716,13.276661493401285,0.7866793853396246,290.2738665158829,69.17912718777394,446.70882273918824,479.89947626252797,513.0901297858678,546.2807833092075,496.4948030241979,546.2807833092075,446.70882273918824,99.57196057001931,3.5304202281393127,71.1006788224296,14.5,91.0,41.69894696730974,39.69894696730974,14.440417947808303,420.0,True,True,2400.0,8.0,63.0,0.3340766963314644,91.03947284856194,0.3340766963314644,0.20044601779887863,0.13363067853258578,True,False,False,True,python_mission_generator,csv_authoritative,validated_csv,explicit_input,calibrated_csv,python_generated_isa_plus_offset
ENG_0001,64.0,temp_mission_001,NORMAL,CLIMB,42,stage5_mission_generator,939.2852703813268,286.2941504122284,13.140215164644973,979.3260761568888,84.33193433983061,5459.916060389836,43.34730225185857,75.8136646802862,13.257989019662892,0.7859467165881097,290.2513811233258,69.16202531025368,446.4941426377527,479.67029375197797,512.8464448662032,546.0225959804285,496.2583693090906,546.0225959804285,446.4941426377527,99.52845334267579,3.528477662344543,71.09364948570514,14.5,91.0,41.67932848311869,39.67932848311869,14.439985187127618,420.0,True,True,2400.0,8.0,64.0,0.3339528517178967,90.99860100649727,0.3339528517178967,0.200371711030738,0.13358114068715868,True,False,False,True,python_mission_generator,csv_authoritative,validated_csv,explicit_input,calibrated_csv,python_generated_isa_plus_offset
ENG_0001,65.0,temp_mission_001,NORMAL,CLIMB,42,stage5_mission_generator,951.291047450442,289.9535112628947,13.116443726048125,978.8984993863307,84.28956100899843,5457.373660539906,43.27387449709839,75.72049994762664,13.238630584437004,0.7851871321448836,290.2280696959572,69.14429516946701,446.2715759389772,479.4326918762144,512.5938078134516,545.7549237506887,496.01324984483296,545.7549237506887,446.2715759389772,99.4833478117115,3.5264637334652225,71.08636191569337,14.5,91.0,41.65898928431925,39.65898928431925,14.43953652833057,420.0,True,True,2400.0,8.0,65.0,0.3338244574856479,90.9562276756651,0.3338244574856479,0.2002946744913887,0.13352978299425916,True,False,False,True,python_mission_generator,csv_authoritative,validated_csv,explicit_input,calibrated_csv,python_generated_isa_plus_offset
ENG_0001,66.0,temp_mission_001,NORMAL,CLIMB,42,stage5_mission_generator,963.7241646897332,293.74312539743073,13.091826153914328,978.4558625577167,84.24567941874211,5454.740765124527,43.19783311482921,75.62392752052496,13.218583094520515,0.7844005106391363,290.2039285089419,69.12593393238917,446.0410870798631,479.1866326698307,512.3321782597984,545.477723849766,495.75940546481456,545.477723849766,446.0410870798631,99.43663676990292,3.524378119704111,71.07881494794408,14.5,91.0,41.63792612099621,39.63792612099621,14.439071899727857,420.0,True,True,2400.0,8.0,66.0,0.3336914931191426,90.91234608540877,0.3336914931191426,0.20021489587148555,0.13347659724765704,True,False,False,True,python_mission_generator,csv_authoritative,validated_csv,explicit_input,calibrated_csv,python_generated_isa_plus_offset
ENG_0001,67.0,temp_mission_001,NORMAL,CLIMB,42,stage5_mission_generator,976.5862411075021,297.66348628956666,13.066359242607145,977.998124734264,84.2002838549147,5452.017031294882,43.11916820313932,75.52392505909606,13.197843939381254,0.7835867496390545,290.1789544186771,69.10693920806744,445.8026460467487,478.93208409163515,512.0615221365216,545.1909601814081,495.4968031140784,545.1909601814081,445.8026460467487,99.38831413465937,3.522220549477991,71.07100759971067,14.5,91.0,41.616136250359055,39.616136250359055,14.438591240816743,420.0,True,True,2400.0,8.0,67.0,0.33355394130410576,90.86695052158137,0.33355394130410576,0.20013236478246346,0.1334215765216423,True,False,False,True,python_mission_generator,csv_authoritative,validated_csv,explicit_input,calibrated_csv,python_generated_isa_plus_offset
ENG_0001,68.0,temp_mission_001,NORMAL,CLIMB,42,stage5_mission_generator,989.8786003642654,301.7149973910281,13.040040371278755,977.5252561389364,84.15336964577318,5449.202178746391,43.03787166647442,75.42047211156876,13.176410984713684,0.7827457653989601,290.1531448550322,69.08730904171897,445.5562283012179,478.66901994555366,511.7818115898894,544.8946032342251,495.22541576772153,544.8946032342251,445.5562283012179,99.33837493300717,3.5199908007472436,71.06293906752424,14.5,91.0,41.593617429971125,39.593617429971125,14.438094502131715,420.0,True,True,2400.0,8.0,68.0,0.3334117878848208,90.82003631243985,0.3334117878848208,0.20004707273089248,0.1333647151539283,True,False,False,True,python_mission_generator,csv_authoritative,validated_csv,explicit_input,calibrated_csv,python_generated_isa_plus_offset
ENG_0001,69.0,temp_mission_001,NORMAL,CLIMB,42,stage5_mission_generator,1003.6022747693848,305.89797334970854,13.012867495956618,977.0372379975094,84.10493314787276,5446.295988872365,42.953937191194186,75.31355008840929,13.154282565994652,0.781877492606452,290.12649781358846,69.0670419088285,445.3018147060101,478.39741980153514,511.49302489706025,544.5886299925853,494.9452223492977,544.5886299925853,445.3018147060101,99.28681528657523,3.517688700345433,71.05460872476755,14.5,91.0,41.57036791097892,39.57036791097892,14.437581645095124,420.0,True,True,2400.0,8.0,69.0,0.3332650218213887,90.77159981453943,0.3332650218213887,0.1999590130928332,0.13330600872855547,True,False,False,True,python_mission_generator,csv_authoritative,validated_csv,explicit_input,calibrated_csv,python_generated_isa_plus_offset
ENG_0001,70.0,temp_mission_001,NORMAL,CLIMB,42,stage5_mission_generator,1017.7580092776986,310.21264122784254,12.984839141630157,976.5340623799906,84.05497173196106,5443.298303917664,42.867360221128614,75.20314223730665,13.131457482039114,0.7809818841295451,290.0990118478787,69.04613670924613,445.03939145092863,478.117268916455,511.19514638198126,544.2730238475076,494.6562076492181,544.2730238475076,445.03939145092863,99.23363239657897,3.5153141233088814,71.04601611924909,14.5,91.0,41.54638643134131,39.54638643134131,14.437052641867822,420.0,True,True,2400.0,8.0,70.0,0.33311363514698605,90.72163839862773,0.33311363514698605,0.19986818108819163,0.13324545405879443,True,False,False,True,python_mission_generator,csv_authoritative,validated_csv,explicit_input,calibrated_csv,python_generated_isa_plus_offset
ENG_0001,71.0,temp_mission_001,NORMAL,CLIMB,42,stage5_mission_generator,1032.3462654861514,314.659141720179,12.95595439433742,976.015732040418,84.0034837688724,5440.209026132345,42.77813793313456,75.08923361901337,13.107934988555826,0.7800589107638103,290.0706860616275,69.02459276128518,444.76894997875115,477.8285581550195,510.8881663312879,543.9477745075562,494.3583622431537,543.9477745075562,444.76894997875115,99.17882452880508,3.512866992206247,71.0371609707771,14.5,91.0,41.52167220905876,39.52167220905876,14.436507475199825,420.0,True,True,2400.0,8.0,71.0,0.33295762292512404,90.67015043553907,0.33295762292512404,0.19977457375507443,0.1331830491700496,True,False,False,True,python_mission_generator,csv_authoritative,validated_csv,explicit_input,calibrated_csv,python_generated_isa_plus_offset
ENG_0001,72.0,temp_mission_001,NORMAL,CLIMB,42,stage5_mission_generator,1047.3672256304253,319.2375303721536,12.926212893251758,975.4822602550869,83.95046861542203,5437.028116925322,42.68626921265219,74.97181108403265,13.083714791703132,0.7791085609795168,290.0415201009909,69.00240979581982,444.4904869111375,477.5312839106699,510.5720809102022,543.6128779097346,494.05168241043606,543.6128779097346,444.4904869111375,99.1223909985971,3.510347276468105,71.02804316873352,14.5,91.0,41.49622493540258,39.49622493540258,14.43594613828094,420.0,True,True,2400.0,8.0,72.0,0.3327969832069066,90.6171352820887,0.3327969832069066,0.19967818992414396,0.13311879328276263,True,False,False,True,python_mission_generator,csv_authoritative,validated_csv,explicit_input,calibrated_csv,python_generated_isa_plus_offset
ENG_0001,73.0,temp_mission_001,NORMAL,CLIMB,42,stage5_mission_generator,1062.8207965815698,323.9477787980625,12.895614822768492,974.9336706592122,83.89592660030034,5433.755596018021,42.59175462926146,74.85086325014309,13.058797041644622,0.7781308406687693,290.0115141467957,68.97958795038296,444.20400397454057,477.2254480264868,510.2468920784331,543.2683361303793,493.73617005245995,543.2683361303793,444.20400397454057,99.06433215583877,3.5077549917165256,71.01866276964813,14.5,91.0,41.47004476814416,39.47004476814416,14.435368634591416,420.0,True,True,2400.0,8.0,73.0,0.3326317169882893,90.56259326696701,0.3326317169882893,0.19957903019297357,0.13305268679531573,True,False,False,True,python_mission_generator,csv_authoritative,validated_csv,explicit_input,calibrated_csv,python_generated_isa_plus_offset
ENG_0001,74.0,temp_mission_001,NORMAL,CLIMB,42,stage5_mission_generator,1078.7066138426337,328.78977589923477,12.864160904591586,974.3699970821069,83.83985900996717,5430.391540598031,42.49459641223848,74.72638048074961,13.033182326104903,0.7771257728926498,289.98066890677995,68.956127763264,443.9095079261138,476.91105771609386,509.912607506074,542.914157296054,493.4118326110839,542.914157296054,443.9095079261138,99.00464936994018,3.50509019909465,71.00901999477252,14.5,91.0,41.443132324784244,39.443132324784244,14.434774977752594,420.0,True,True,2400.0,8.0,74.0,0.33246182816733777,90.50652567663384,0.33246182816733777,0.19947709690040266,0.1329847312669351,True,False,False,True,python_mission_generator,csv_authoritative,validated_csv,explicit_input,calibrated_csv,python_generated_isa_plus_offset
ENG_0001,75.0,temp_mission_001,NORMAL,CLIMB,42,stage5_mission_generator,1095.024045545294,333.76332908220564,12.831852389820318,973.7912833808825,83.78226807454602,5426.936084472762,42.3947984261122,74.59835486404974,13.00687166392533,0.776093397628359,289.9489856078323,68.93203016760656,443.60701047962215,476.5881254845626,509.56924048950304,542.5503554944435,493.07868298703283,542.5503554944435,443.60701047962215,98.94334501482132,3.5023530045962734,70.99911522765409,14.5,91.0,41.41548867578209,39.41548867578209,14.434165191377547,420.0,True,True,2400.0,8.0,75.0,0.33228732350148615,90.4489347412127,0.33228732350148615,0.1993723941008917,0.13291492940059446,True,False,False,True,python_mission_generator,csv_authoritative,validated_csv,explicit_input,calibrated_csv,python_generated_isa_plus_offset
ENG_0001,76.0,temp_mission_001,NORMAL,CLIMB,42,stage5_mission_generator,1111.7721964464881,338.8681654768896,12.798691051035954,973.1975832727356,83.72315695371827,5423.389417223097,42.29236614622063,74.46678019300111,12.97986649861968,0.7750337715163533,289.9164659882322,68.90729648550625,443.2965282313499,476.25666904931575,509.21680986728165,542.1769506852474,492.7367394582987,542.1769506852474,443.2965282313499,98.88042245389755,3.4995435583954193,70.98894901171009,14.5,91.0,41.38711533778477,39.38711533778477,14.433539308921723,420.0,True,True,2400.0,8.0,76.0,0.33210821256479567,90.38982362038495,0.33210821256479567,0.1992649275388774,0.13284328502591827,True,False,False,True,python_mission_generator,csv_authoritative,validated_csv,explicit_input,calibrated_csv,python_generated_isa_plus_offset
ENG_0001,77.0,temp_mission_001,NORMAL,CLIMB,42,stage5_mission_generator,1128.9499119250431,344.1039331547532,12.764679174388416,972.5889601658689,83.66252972261749,5419.75178335705,42.187306634267486,74.33165194607783,12.952168691929952,0.7739469676074882,289.8831122898891,68.88192842210853,442.97808258601117,475.91671126103245,508.8553399360537,541.793968611075,492.3860255985431,541.793968611075,442.97808258601117,98.81588602506383,3.4966620541759212,70.97852204780165,14.5,91.0,41.3580142668564,39.3580142668564,14.432897373533597,420.0,True,True,2400.0,8.0,77.0,0.3319245077052135,90.32919638928416,0.3319245077052135,0.1991547046231281,0.13276980308208539,True,False,False,True,python_mission_generator,csv_authoritative,validated_csv,explicit_input,calibrated_csv,python_generated_isa_plus_offset
ENG_0001,78.0,temp_mission_001,NORMAL,CLIMB,42,stage5_mission_generator,1146.5557819783076,349.4702023469882,12.72981955168295,971.9654869890923,83.60039135772362,5416.023481463417,42.079628513878575,74.19296726879982,12.923780517382026,0.7728330751101569,289.84892725058296,68.8559280597064,442.65169968265826,475.56828002455154,508.4848603664449,541.4014407083381,492.0265701954982,541.4014407083381,442.65169968265826,98.74974102567984,3.4937087284610007,70.96783519180786,14.5,91.0,41.328187851707334,39.328187851707334,14.43223943790531,420.0,True,True,2400.0,8.0,78.0,0.3317362240018306,90.26705802439028,0.3317362240018306,0.19904173440109837,0.13269448960073224,True,False,False,True,python_mission_generator,csv_authoritative,validated_csv,explicit_input,calibrated_csv,python_generated_isa_plus_offset
ENG_0001,79.0,temp_mission_001,NORMAL,CLIMB,42,stage5_mission_generator,1164.5881452187807,354.96646666268435,12.694115472466814,971.3272460201558,83.53674772275724,5412.204863365435,41.96934194615825,74.05072495601985,12.894704653841428,0.7716921991374299,289.8139140962036,68.82929785183819,442.31741032059114,475.21140821977593,508.10540611896073,540.9994040181455,491.65840716936833,540.9994040181455,442.31741032059114,98.68199369755433,3.4906838599428434,70.95688945219965,14.5,91.0,41.29763890692348,39.29763890692348,14.431565564123312,420.0,True,True,2400.0,8.0,79.0,0.33154337922214144,90.20341438942391,0.33154337922214144,0.19892602753328487,0.13261735168885658,True,False,False,True,python_mission_generator,csv_authoritative,validated_csv,explicit_input,calibrated_csv,python_generated_isa_plus_offset
ENG_0001,80.0,temp_mission_001,NORMAL,CLIMB,42,stage5_mission_generator,1183.0450928707446,360.59214430700297,12.657570716115925,970.6743287128813,83.47160555457384,5408.29633327443,41.85645860524596,73.90492543495212,12.864944179069052,0.7705244604541972,289.77807653299055,68.80204061738534,441.9752498852672,474.84613362257727,507.7170173598873,540.5879010971973,491.2815754912323,540.5879010971973,441.9752498852672,98.61265121193014,3.487587768812181,70.94568598761397,14.5,91.0,41.26637066619544,39.26637066619544,14.430875823519017,420.0,True,True,2400.0,8.0,80.0,0.331345993779301,90.1382722212405,0.331345993779301,0.1988075962675806,0.13253839751172042,True,False,False,True,python_mission_generator,csv_authoritative,validated_csv,explicit_input,calibrated_csv,python_generated_isa_plus_offset
ENG_0001,81.0,temp_mission_001,NORMAL,CLIMB,42,stage5_mission_generator,1201.924472766894,366.34657929934934,12.62018954392155,970.0068355231332,83.40497244905802,5404.298346943481,41.740991653872626,73.75557074892393,12.834502563276875,0.769329995224307,289.74141873977317,68.77415953467019,441.6252582742099,474.47249882569946,507.319739377189,540.1669799286786,490.89611910144424,540.1669799286786,441.6252582742099,98.54172165446874,3.4844208160878702,70.93422610442775,14.5,91.0,41.23438677554785,39.23438677554785,14.430170296519439,420.0,True,True,2400.0,8.0,81.0,0.3311440906893848,90.0716391157247,0.3311440906893848,0.19868645441363086,0.1324576362757539,True,False,False,True,python_mission_generator,csv_authoritative,validated_csv,explicit_input,calibrated_csv,python_generated_isa_plus_offset
ENG_0001,82.0,temp_mission_001,NORMAL,CLIMB,42,stage5_mission_generator,1221.2238933449662,372.2290426915457,12.581976691176967,969.3248757336987,83.33685684701777,5400.211410821066,41.62295571891714,73.60266454183348,12.803383662683686,0.7681089547577057,289.70394536020996,68.7456581355537,441.2674798229181,474.0905511596631,506.9136224964081,539.736693833153,490.5020868280356,539.736693833153,441.2674798229181,98.46921401023491,3.481183402946465,70.92251125433185,14.5,91.0,41.20169128656853,39.20169128656853,14.429449072497835,420.0,True,True,2400.0,8.0,82.0,0.3309376955286465,90.00352351368444,0.3309376955286465,0.19856261731718788,0.1323750782114586,True,False,False,True,python_mission_generator,csv_authoritative,validated_csv,explicit_input,calibrated_csv,python_generated_isa_plus_offset
ENG_0001,83.0,temp_mission_001,NORMAL,CLIMB,42,stage5_mission_generator,1240.9407276443735,378.23873378600507,12.54293735926414,968.6285672781387,83.26726802007869,5396.036081204721,41.50236686696283,73.44621204329377,12.771591713070817,0.7668615052575793,289.66566149502876,68.71654029953329,440.9019632307758,473.7003426136697,506.49872199656363,539.2971013794576,490.09953230511667,539.2971013794576,440.9019632307758,98.39513814868178,3.4778759700518056,70.91054303190523,14.5,91.0,41.168288649637766,39.168288649637766,14.428712249624363,420.0,True,True,2400.0,8.0,83.0,0.3307268363907768,89.93393468674535,0.3307268363907768,0.19843610183446608,0.13229073455631074,True,False,False,True,python_mission_generator,csv_authoritative,validated_csv,explicit_input,calibrated_csv,python_generated_isa_plus_offset
ENG_0001,84.0,temp_mission_001,NORMAL,CLIMB,42,stage5_mission_generator,1261.072117302831,384.3747813539029,12.503077207740395,967.9180365636668,83.19621605657824,5391.772963394695,41.37924257985394,73.2862200544436,12.73913132333786,0.7655878275674919,289.62657269426626,68.6868102478406,440.5287614869609,473.30192975650584,506.0750980260508,538.8482662955957,489.6885138912783,538.8482662955957,440.5287614869609,98.31950480863486,3.4744989968845865,70.89832317218888,14.5,91.0,41.13418370715756,39.13418370715756,14.42795993471671,420.0,True,True,2400.0,8.0,84.0,0.33051154384416204,89.86288272324491,0.33051154384416204,0.1983069263064972,0.13220461753766483,True,False,False,True,python_mission_generator,csv_authoritative,validated_csv,explicit_input,calibrated_csv,python_generated_isa_plus_offset
ENG_0001,85.0,temp_mission_001,NORMAL,CLIMB,42,stage5_mission_generator,1281.614976552991,390.6362448533517,12.462402346425078,967.1934182931192,83.12371184746003,5387.422710847602,41.25360173025213,73.12269693440497,12.706007469058427,0.7642881169185289,289.5866849495083,68.65647253753919,440.14793179635456,472.8953736574472,505.6428155185398,538.3902573796324,489.2690945879935,538.3902573796324,440.14793179635456,98.24232558327788,3.4710530010719425,70.88585354825986,14.5,91.0,41.099381686780816,39.099381686780816,14.427192243090753,420.0,True,True,2400.0,8.0,85.0,0.3302918508891425,89.79037851412669,0.3302918508891425,0.1981751105334855,0.132116740355657,True,False,False,True,python_mission_generator,csv_authoritative,validated_csv,explicit_input,calibrated_csv,python_generated_isa_plus_offset
ENG_0001,86.0,temp_mission_001,NORMAL,CLIMB,42,stage5_mission_generator,1302.5659962190703,397.02211564757266,12.42091932748624,966.4548552860898,83.04976707216798,5382.986024330079,41.12546455719283,72.95565258736512,12.672225486035812,0.762962582676433,289.54600468612904,68.6255320556224,439.7595355054509,472.480739807163,505.20194410887507,537.9231484105871,488.84134195801903,537.9231484105871,439.7595355054509,98.16361290513623,3.4675385377170245,70.87313616880533,14.5,91.0,41.06388819464063,39.06388819464063,14.42640929841119,420.0,True,True,2400.0,8.0,86.0,0.3300677929152713,89.71643373883465,0.3300677929152713,0.19804067574916276,0.13202711716610852,True,False,False,True,python_mission_generator,csv_authoritative,validated_csv,explicit_input,calibrated_csv,python_generated_isa_plus_offset
ENG_0001,87.0,temp_mission_001,NORMAL,CLIMB,42,stage5_mission_generator,1323.921647713482,403.5313182230693,12.378635137527306,965.7024982992845,82.97439418454066,5378.4636510724395,40.99485264164184,72.785098450263,12.637791063858787,0.7616114480887484,289.50453875553114,68.5939940131111,439.36363802826565,472.0580980386198,504.75255804897387,537.447018059328,488.4053280437968,537.447018059328,439.36363802826565,98.08338003106235,3.463956198728578,70.86017317569653,14.5,91.0,41.027709208579516,39.027709208579516,14.425611232542195,420.0,True,True,2400.0,8.0,87.0,0.3298394076585725,89.64106085120733,0.3298394076585725,0.1979036445951435,0.131935763063429,True,False,False,True,python_mission_generator,csv_authoritative,validated_csv,explicit_input,calibrated_csv,python_generated_isa_plus_offset
ENG_0001,88.0,temp_mission_001,NORMAL,CLIMB,42,stage5_mission_generator,1345.678187033466,410.16271140780043,12.335557189673738,964.936505846173,82.89760639870542,5373.856383922325,40.86178888205167,72.61104748105575,12.602710239457267,0.7602349500319576,289.4622944273855,68.56186393915142,438.9603087722455,471.6275224479858,504.294736123726,536.9619497994663,487.9611292858559,536.9619497994663,438.9603087722455,98.00164102722078,3.4603066121505215,70.84696684156293,14.5,91.0,40.9908510713786,38.9908510713786,14.424798185398057,420.0,True,True,2400.0,8.0,88.0,0.3296067351588002,89.56427306537209,0.3296067351588002,0.1977640410952801,0.1318426940635201,True,False,False,True,python_mission_generator,csv_authoritative,validated_csv,explicit_input,calibrated_csv,python_generated_isa_plus_offset
ENG_0001,89.0,temp_mission_001,NORMAL,CLIMB,42,stage5_mission_generator,1367.83165875772,416.9150895893531,12.291693315659714,964.1570440159994,82.81941767497275,5369.165060498365,40.726297469918094,72.43351414754356,12.566989390658083,0.7588333387586244,289.4192793818711,68.5291476751126,438.54962106417804,471.18909131553534,503.8285615668927,536.46803181825,487.508826441214,536.46803181825,438.54962106417804,97.91841075407194,3.4565904414915267,70.83351956736611,14.5,91.0,40.95332048398692,38.95332048398692,14.42397030479383,420.0,True,True,2400.0,8.0,89.0,0.32936981771669654,89.48608434163943,0.32936981771669654,0.19762189063001792,0.13174792708667862,True,False,False,True,python_mission_generator,csv_authoritative,validated_csv,explicit_input,calibrated_csv,python_generated_isa_plus_offset
ENG_0001,90.0,temp_mission_001,NORMAL,CLIMB,42,stage5_mission_generator,1390.3779000430302,423.7871839331156,12.2470517579148,963.3642862922188,82.73984270573048,5364.390562343829,40.58840386533666,72.25251441672877,12.530635229740692,0.7574068776445327,289.3755017019149,68.49585136868464,438.13165207610007,470.7428870265527,503.3541219770053,535.965356927458,487.048504501779,535.965356927458,438.13165207610007,97.83370485135788,3.4528083850545954,70.81983387997386,14.5,91.0,40.91512449875063,38.91512449875063,14.42312774629597,420.0,True,True,2400.0,8.0,90.0,0.3291286998512507,89.40650937239714,0.3291286998512507,0.19747721991075043,0.13165147994050028,True,False,False,True,python_mission_generator,csv_authoritative,validated_csv,explicit_input,calibrated_csv,python_generated_isa_plus_offset
ENG_0001,91.0,temp_mission_001,NORMAL,CLIMB,42,stage5_mission_generator,1413.312544620901,430.77766360045064,12.201641161650617,962.5584133704369,82.658896901338,5359.53381408028,40.44813477255898,72.06806574468432,12.493654796992892,0.7559558429358267,289.33096986543114,68.46198146797627,437.7064827512074,470.2889959922361,502.87150923326476,535.4540224742935,486.5802526127504,535.4540224742935,437.7064827512074,97.74753972308616,3.4489611752666396,70.80591242973418,14.5,91.0,40.876270512642236,38.876270512642236,14.42227067307299,420.0,True,True,2400.0,8.0,91.0,0.32888342825695716,89.32556356800465,0.32888342825695716,0.1973300569541743,0.13155337130278286,True,False,False,True,python_mission_generator,csv_authoritative,validated_csv,explicit_input,calibrated_csv,python_generated_isa_plus_offset
ENG_0001,92.0,temp_mission_001,NORMAL,CLIMB,42,stage5_mission_generator,1436.631026794186,437.88513696686795,12.155470566947512,961.7396129759221,82.57659637602052,5354.595782561231,40.30551811554939,71.88018706690787,12.456055454266561,0.7544805234961512,289.28569273756176,68.42754471561248,437.27419772976424,469.8275085706025,502.3808194114408,534.934130252279,486.10416399102166,534.934130252279,437.27419772976424,97.6599325225148,3.4450495780080583,70.79175798804933,14.5,91.0,40.83676626048985,38.83676626048985,14.421399255746099,420.0,True,True,2400.0,8.0,92.0,0.32863405176107435,89.24326304268719,0.32863405176107435,0.1971804310566446,0.13145362070442976,True,False,False,True,python_mission_generator,csv_authoritative,validated_csv,explicit_input,calibrated_csv,python_generated_isa_plus_offset
ENG_0001,93.0,temp_mission_001,NORMAL,CLIMB,42,stage5_mission_generator,1460.3285854337191,445.1081528401976,12.108549400841236,960.9080796807456,82.49295793376335,5349.577476025801,40.16058301354131,71.68889878913508,12.417844878533383,0.7529812205537922,289.23967956291597,68.39254814283252,436.8348852750121,469.3585189873913,501.8821526997704,534.4057864121496,485.62033584358085,534.4057864121496,436.8348852750121,97.57090113713753,3.441074391942318,70.77737344494982,14.5,91.0,40.79661980820641,38.79661980820641,14.420513672239847,420.0,True,True,2400.0,8.0,93.0,0.3283806212808832,89.15962460043002,0.3283806212808832,0.1970283727685299,0.13135224851235328,True,False,False,True,python_mission_generator,csv_authoritative,validated_csv,explicit_input,calibrated_csv,python_generated_isa_plus_offset
ENG_0001,94.0,temp_mission_001,NORMAL,CLIMB,42,stage5_mission_generator,1484.4002679749444,452.4452016787631,12.06088746940961,960.0640147206402,82.40799905420607,5344.479943252365,40.01335975659369,71.49422277858656,12.379031055440556,0.7514582474488165,289.19293995781,68.3569990635875,436.388637199079,468.88212525696827,501.37561331485745,533.8691013727467,485.12886928591286,533.8691013727467,436.388637199079,97.48046417366771,3.4370364478455286,70.7627618066685,14.5,91.0,40.75583954601892,38.75583954601892,14.41961410763277,420.0,True,True,2400.0,8.0,94.0,0.3281231897809457,89.07466572087274,0.3281231897809457,0.1968739138685674,0.13124927591237828,True,False,False,True,python_mission_generator,csv_authoritative,validated_csv,explicit_input,calibrated_csv,python_generated_isa_plus_offset
ENG_0001,95.0,temp_mission_001,NORMAL,CLIMB,42,stage5_mission_generator,1508.8409344145473,459.89471680955404,12.012494949859196,959.2076258116396,82.3217378785369,5339.304272712214,39.86387978114762,71.29618235562214,12.339622272866569,0.7499119293802128,289.14548390250695,68.32090506863827,435.9355487888895,468.3984291032306,500.8613094175718,533.324189731913,484.6298692604012,533.324189731913,435.9355487888895,97.38864094302346,3.432936607936026,70.74792619321441,14.5,91.0,40.71443418169771,38.71443418169771,14.418700754008038,420.0,True,True,2400.0,8.0,95.0,0.3278618122303635,88.98840454520357,0.3278618122303635,0.19671708733821808,0.1311447248921454,True,False,False,True,python_mission_generator,csv_authoritative,validated_csv,explicit_input,calibrated_csv,python_generated_isa_plus_offset
ENG_0001,96.0,temp_mission_001,NORMAL,CLIMB,42,stage5_mission_generator,1533.6452613070846,467.4550756463994,11.963382382611972,958.3391269665602,82.23419319538677,5334.051591723206,39.718356091042224,71.10586684068376,12.301421823659755,0.7481906867860092,289.095078346978,68.28478488565545,435.48859050136514,467.92109473296296,500.35359896456066,532.7861031961585,484.1373468487618,532.7861031961585,435.48859050136514,97.29751269479334,3.4287718778113985,70.73379690276606,14.5,91.0,40.67241273378565,38.67241273378565,14.417773810304094,420.0,True,True,2400.0,8.0,96.0,0.3275977227877428,88.90085986205344,0.3275977227877428,0.19655863367264567,0.13103908911509712,True,False,False,True,python_mission_generator,csv_authoritative,validated_csv,explicit_input,calibrated_csv,python_generated_isa_plus_offset
ENG_0001,97.0,temp_mission_001,NORMAL,CLIMB,42,stage5_mission_generator,1558.8077457616162,475.1246009081406,11.913560663392001,957.4587383114132,82.14538442672371,5328.723065603423,39.57018871548081,70.9114478903934,12.262938552592844,0.746421112798022,289.04360901139364,68.24790832554183,435.03385647512044,467.43539071741094,499.83692495970143,532.238459201992,483.6361578385562,532.238459201992,435.03385647512044,97.20460272687154,3.4245378534730593,70.71938223160652,14.5,91.0,40.62978452482738,38.62978452482738,14.416833482165309,420.0,True,True,2400.0,8.0,97.0,0.32732971675510275,88.81205109339038,0.32732971675510275,0.19639783005306163,0.13093188670204112,True,False,False,True,python_mission_generator,csv_authoritative,validated_csv,explicit_input,calibrated_csv,python_generated_isa_plus_offset
ENG_0001,98.0,temp_mission_001,NORMAL,CLIMB,42,stage5_mission_generator,1584.3227094383344,482.9015618368044,11.863041035312097,956.5666859018024,82.05533161374706,5323.319896824823,39.419945792833204,70.7139080604882,12.223916203062622,0.7446267503967915,288.99141868693374,68.21051519397241,434.57275247789136,466.9428828993997,499.3130133209081,531.6831437424164,483.1279481101539,531.6831437424164,434.57275247789136,97.11039126452505,3.4202445183934387,70.70476563793463,14.5,91.0,40.58655917459859,38.58655917459859,14.415879981792616,420.0,True,True,2400.0,8.0,98.0,0.3270579564605139,88.72199828041373,0.3270579564605139,0.19623477387630833,0.13082318258420556,True,False,False,True,python_mission_generator,csv_authoritative,validated_csv,explicit_input,calibrated_csv,python_generated_isa_plus_offset
ENG_0001,99.0,temp_mission_001,NORMAL,CLIMB,42,stage5_mission_generator,1610.1843025451944,490.7841754157753,11.811835080960515,955.6632015393873,81.96405540278167,5317.8433241669,39.267661769154834,70.5132749491153,12.184363721686953,0.7428080109741203,288.9385193392256,68.1726140640358,434.1053842265634,466.4436841957396,498.7819841649158,531.120284134092,482.6128341803277,531.120284134092,434.1053842265634,97.01489990752862,3.415892856901485,70.68995047288325,14.5,91.0,40.5427465933352,38.5427465933352,14.414913527794159,420.0,True,True,2400.0,8.0,99.0,0.32678250421020666,88.63072206944834,0.32678250421020666,0.19606950252612398,0.13071300168408267,True,False,False,True,python_mission_generator,csv_authoritative,validated_csv,explicit_input,calibrated_csv,python_generated_isa_plus_offset
ENG_0001,100.0,temp_mission_001,NORMAL,CLIMB,42,stage5_mission_generator,1636.386507834547,498.77060758796995,11.759954714487597,954.7485225884699,81.87157703117218,5312.294621870331,39.11337207655074,70.30957749986982,12.144290311188751,0.7409653176982745,288.8849232764233,68.134213754233,433.6318604642636,465.9379107555869,498.24396104691016,530.5500113382335,482.09093590124854,530.5500113382335,433.6318604642636,96.91815087396992,3.411483881503458,70.67494018351447,14.5,91.0,40.49835697496265,38.49835697496265,14.41393434503594,420.0,True,True,2400.0,8.0,100.0,0.3265034240939841,88.53824369783885,0.3265034240939841,0.19590205445639045,0.13060136963759364,True,False,False,True,python_mission_generator,csv_authoritative,validated_csv,explicit_input,calibrated_csv,python_generated_isa_plus_offset
ENG_0001,101.0,temp_mission_001,NORMAL,CLIMB,42,stage5_mission_generator,1662.9231445997666,506.8589744740089,11.707412173692463,953.8228917927946,81.7779183131773,5306.675098790638,38.95711310964175,70.10284599563171,12.103705424283591,0.7390991052329176,288.83064314103297,68.09532332262023,433.1522928881348,465.4256818832989,497.6990708784631,529.9724598736273,481.562376380881,529.9724598736273,433.1522928881348,96.82016698549245,3.4070186322104234,70.65973831053003,14.5,91.0,40.453400790325105,38.453400790325105,14.412942664492466,420.0,True,True,2400.0,8.0,101.0,0.3262207819426533,88.44458497984397,0.3262207819426533,0.19573246916559198,0.13048831277706133,True,False,False,True,python_mission_generator,csv_authoritative,validated_csv,explicit_input,calibrated_csv,python_generated_isa_plus_offset
ENG_0001,102.0,temp_mission_001,NORMAL,CLIMB,42,stage5_mission_generator,1689.7878726718832,515.04734359039,11.654220012109672,952.8865570925963,81.68310162586394,5300.986097551837,38.7989222020305,69.89311205259943,12.062618757567261,0.7372098194560432,288.7756919017376,68.0559520609518,432.66679607710734,464.9071199612869,497.1474438454665,529.3877677296462,481.0272819033767,529.3877677296462,432.66679607710734,96.72097165253882,3.4024981758657513,70.64434848598192,14.5,91.0,40.407888780414694,38.407888780414694,14.411938723097382,420.0,True,True,2400.0,8.0,102.0,0.32593464528545757,88.34976829253061,0.32593464528545757,0.19556078717127454,0.13037385811418303,True,False,False,True,python_mission_generator,csv_authoritative,validated_csv,explicit_input,calibrated_csv,python_generated_isa_plus_offset
ENG_0001,103.0,temp_mission_001,NORMAL,CLIMB,42,stage5_mission_generator,1716.9741964162122,523.3337350676615,11.6003910910959,951.9397714420079,81.5871498950016,5295.228993700096,38.638837602767715,69.68040861449217,12.021040245403398,0.7352979171789097,288.7200828452222,68.01610948882274,432.17548741967386,464.38235037287154,496.5892133260693,528.796076279267,480.4857818494704,528.796076279267,432.17548741967386,96.62058885959317,3.3979236054726147,70.62877443098276,14.5,91.0,40.36183194960077,38.36183194960077,14.410922763594135,420.0,True,True,2400.0,8.0,103.0,0.32564508330750774,88.25381656166827,0.32564508330750774,0.19538704998450465,0.1302580333230031,True,False,False,True,python_mission_generator,csv_authoritative,validated_csv,explicit_input,calibrated_csv,python_generated_isa_plus_offset
ENG_0001,104.0,temp_mission_001,NORMAL,CLIMB,42,stage5_mission_generator,1744.4754687289874,531.7161228685953,11.545938571916604,950.982792626842,81.49008658095651,5289.405194857391,38.48145617198501,69.47299828457174,11.979617344097043,0.7334123850291139,288.66488533876264,67.9770107199866,431.6889916255727,463.8629270120291,496.0368623984855,528.2107977849419,479.9498947052573,528.2107977849419,431.6889916255727,96.52180615936913,3.3933346047056285,70.61370361129121,14.5,91.0,40.31524155885913,38.31524155885913,14.409895034386599,420.0,True,True,2400.0,8.0,104.0,0.3253530349441988,88.15675324762317,0.3253530349441988,0.1952118209665193,0.13014121397767953,True,False,False,True,python_mission_generator,csv_authoritative,validated_csv,explicit_input,calibrated_csv,python_generated_isa_plus_offset
ENG_0001,105.0,temp_mission_001,NORMAL,CLIMB,42,stage5_mission_generator,1772.2848950339876,540.1924360063595,11.490875907832704,950.0158830828651,81.39193566458593,5283.516139875155,38.354293691652295,69.32060319174875,11.941927213712873,0.7318733384003288,288.61221960405805,67.94607228293887,431.2688061065822,463.41597788154826,495.5631496565143,527.7103214314803,479.4895637690313,527.7103214314803,431.2688061065822,96.44151532489815,3.3889718083970832,70.6032612851664,14.5,91.0,40.268129119001244,38.268129119001244,14.408855789389733,420.0,True,True,2400.0,8.0,105.0,0.32506380604517293,88.05860233125259,0.32506380604517293,0.19503828362710376,0.13002552241806917,True,False,False,True,python_mission_generator,csv_authoritative,validated_csv,explicit_input,calibrated_csv,python_generated_isa_plus_offset
ENG_0001,106.0,temp_mission_001,NORMAL,CLIMB,42,stage5_mission_generator,1800.3955372791702,548.7605597626911,11.435216836187243,949.0393097145914,81.29272163313235,5277.56329798794,38.225753859422795,69.16621179089232,11.903828845203442,0.7303176216909679,288.5589834239721,67.91479873828047,430.844069376259,462.96418765146774,495.08430592667645,527.2044242018852,479.0242467890721,527.2044242018852,430.844069376259,96.36035482562625,3.384561756752254,70.59270585368488,14.5,91.0,40.22050638390352,38.22050638390352,14.407805287880224,420.0,True,True,2400.0,8.0,106.0,0.32477144438268074,87.959388299799,0.32477144438268074,0.19486286662960844,0.1299085777530723,True,False,False,True,python_mission_generator,csv_authoritative,validated_csv,explicit_input,calibrated_csv,python_generated_isa_plus_offset
ENG_0001,107.0,temp_mission_001,NORMAL,CLIMB,42,stage5_mission_generator,1828.8003179333011,557.4183369060702,11.378975370492064,948.0533437146705,81.19246946611776,5271.548167967066,38.095869038295184,69.0098507190275,11.865331830750629,0.728745626590182,288.50519020199533,67.88319795987948,430.414888372305,462.50767007085955,494.6004517694142,526.6932334679688,478.55406092013686,526.6932334679688,430.414888372305,96.27834509566378,3.380105560107859,70.58203997443078,14.5,91.0,40.17238534373652,38.17238534373652,14.406743794347129,420.0,True,True,2400.0,8.0,107.0,0.3244760235658123,87.85913613278443,0.3244760235658123,0.19468561413948737,0.12979040942632492,True,False,False,True,python_mission_generator,csv_authoritative,validated_csv,explicit_input,calibrated_csv,python_generated_isa_plus_offset
ENG_0001,108.0,temp_mission_001,NORMAL,CLIMB,42,stage5_mission_generator,1857.4920239825858,566.1635689098922,11.322165792514479,947.058260383945,81.09120462123794,5265.472277274276,37.96467221078105,68.8515475197278,11.826445946155902,0.7271577522850835,288.4508535981963,67.85127797233056,429.9813720794905,462.0465410662518,494.11171005301304,526.1768790397743,478.0791255596324,526.1768790397743,429.9813720794905,96.19550696028386,3.3756043500553825,70.57126635586135,14.5,91.0,40.12377821819421,38.12377821819421,14.405671578342519,420.0,True,True,2400.0,8.0,108.0,0.3241776186127293,87.7578712879046,0.3241776186127293,0.1945065711676376,0.12967104744509172,True,False,False,True,python_mission_generator,csv_authoritative,validated_csv,explicit_input,calibrated_csv,python_generated_isa_plus_offset
ENG_0001,109.0,temp_mission_001,NORMAL,CLIMB,42,stage5_mission_generator,1886.4633109272968,574.9940171706401,11.264802644363952,946.0543389522112,80.9889530202566,5259.337181215396,37.83219696062971,68.6913306393367,11.787181145423675,0.7255544052395602,288.3959875216529,67.81904694650858,429.543631469268,461.58091867739574,493.6182058855235,525.6554930936512,477.5995622814596,525.6554930936512,429.543631469268,96.11186162438321,3.371059278814073,70.56038775580627,14.5,91.0,40.074697449723175,38.074697449723175,14.404588914332129,420.0,True,True,2400.0,8.0,109.0,0.32387630590909855,87.65561968692327,0.32387630590909855,0.19432578354545912,0.12955052236363943,True,False,False,True,python_mission_generator,csv_authoritative,validated_csv,explicit_input,calibrated_csv,python_generated_isa_plus_offset
ENG_0001,110.0,temp_mission_001,NORMAL,CLIMB,42,stage5_mission_generator,1915.7067067784099,583.9074042260594,11.206900720578748,945.0418623997722,80.88574103489972,5253.144462093984,37.698477454553064,68.52922942315782,11.747547555344676,0.7239359989730924,288.34060612288306,67.7865131951223,429.10177943938504,461.1109229930327,493.12006654668045,525.1292101003281,477.1154947698566,525.1292101003281,429.10177943938504,96.02743066094308,3.3664715186039444,70.54940697996699,14.5,91.0,40.02515569675187,38.02515569675187,14.403496081545997,420.0,True,True,2400.0,8.0,110.0,0.3235721631665251,87.5524077015664,0.3235721631665251,0.19414329789991505,0.12942886526661004,True,False,False,True,python_mission_generator,csv_authoritative,validated_csv,explicit_input,calibrated_csv,python_generated_isa_plus_offset
ENG_0001,111.0,temp_mission_001,NORMAL,CLIMB,42,stage5_mission_generator,1945.2146160542302,592.9014149733293,11.148475060212624,944.0211172798247,80.78159547274977,5246.895728364987,37.563548423950536,68.36527411159136,11.70755547007933,0.7223029538395694,288.28472378627674,67.7536851682681,428.65593075349693,460.63667608666043,492.61742141982387,524.5981667529874,476.62704875324215,524.5981667529874,428.65593075349693,95.94223599949044,3.361842261018782,70.53832688041581,14.5,91.0,39.9751658269199,37.9751658269199,14.402393363829116,420.0,True,True,2400.0,8.0,111.0,0.3232652693809865,87.44826213941646,0.3232652693809865,0.1939591616285919,0.1293061077523946,True,False,False,True,python_mission_generator,csv_authoritative,validated_csv,explicit_input,calibrated_csv,python_generated_isa_plus_offset
ENG_0001,112.0,temp_mission_001,NORMAL,CLIMB,42,stage5_mission_generator,1974.9793237770239,601.9736978872369,11.089540938921493,942.9923935417354,80.67654356313992,5240.592613788395,37.4274451466338,68.1994958361943,11.667215345741088,0.7206556968061044,288.22835512252595,67.72057144898363,428.2062019807803,460.1583019522999,492.1104019238195,524.0625018953391,476.1343519380597,524.0625018953391,428.2062019807803,95.8562999145588,3.357172716399137,70.52715035409545,14.5,91.0,39.924740910307165,37.924740910307165,14.40128104949207,420.0,True,True,2400.0,8.0,112.0,0.3229557047912652,87.34321022980659,0.3229557047912652,0.1937734228747591,0.12918228191650608,True,False,False,True,python_mission_generator,csv_authoritative,validated_csv,explicit_input,calibrated_csv,python_generated_isa_plus_offset
ENG_0001,113.0,temp_mission_001,NORMAL,CLIMB,42,stage5_mission_generator,2004.9929994696495,611.1218662383492,11.030113861050094,941.9559843552748,80.5706129430483,5234.236776582898,37.2902034285517,68.03192661564174,11.626537794979827,0.7189946612318512,288.17151496105697,67.6871807488015,427.75271143554556,459.67592644026206,491.5991414449785,523.522356449695,475.6375339426203,523.522356449695,427.75271143554556,95.76964501414949,3.35246411320533,70.51588034131812,14.5,91.0,39.87389421266318,37.87389421266318,14.400159431161688,420.0,True,True,2400.0,8.0,113.0,0.3226435508373831,87.23727960971496,0.3226435508373831,0.19358613050242987,0.12905742033495324,True,False,False,True,python_mission_generator,csv_authoritative,validated_csv,explicit_input,calibrated_csv,python_generated_isa_plus_offset
ENG_0001,114.0,temp_mission_001,NORMAL,CLIMB,42,stage5_mission_generator,2035.2477011521876,620.3434993111867,10.970209551718668,940.912185935845,80.46383164299228,5227.829898579536,37.15185958551505,67.86259935156659,11.585533581565178,0.7173202866468192,288.1142183424606,67.65352190330293,427.2955791168506,459.1896771929147,491.0837752689788,522.9778733450429,475.13672623094675,522.9778733450429,427.2955791168506,95.68229422819229,3.3477176973904523,70.50451982426489,14.5,91.0,39.82263918863629,37.82263918863629,14.399028805631684,420.0,True,True,2400.0,8.0,114.0,0.32232889011903443,87.13049830965893,0.32232889011903443,0.19339733407142065,0.12893155604761378,True,False,False,True,python_mission_generator,csv_authoritative,validated_csv,explicit_input,calibrated_csv,python_generated_isa_plus_offset
ENG_0001,115.0,temp_mission_001,NORMAL,CLIMB,42,stage5_mission_generator,2065.735379338573,629.6361436223971,10.909843948909625,939.8612973707766,80.35622807292269,5221.373684375361,37.012450424921575,67.69154782425464,11.544213614969939,0.7156330185306913,288.05648051092425,67.61960386767156,426.8349266481134,458.69968358044906,490.56444051278464,522.4291974451203,474.63206204661685,522.4291974451203,426.8349266481134,95.59427079700686,3.3429347317733678,70.49307182548493,14.5,91.0,39.77098947500289,37.77098947500289,14.397889473713299,420.0,True,True,2400.0,8.0,115.0,0.32201180635401916,87.02289473958936,0.32201180635401916,0.1932070838124115,0.12880472254160766,True,False,False,True,python_mission_generator,csv_authoritative,validated_csv,explicit_input,calibrated_csv,python_generated_isa_plus_offset
ENG_0001,116.0,temp_mission_001,NORMAL,CLIMB,42,stage5_mission_generator,2096.447881033224,638.9973141389266,10.849033195554217,938.8036204467154,80.24783100811803,5214.869860487082,36.87201322748061,67.51880668817114,11.502588944953374,0.7139333080916371,287.998316906662,67.58543571224693,426.3708772167254,458.20607663664646,490.04127605656754,521.8764754764886,474.123676346607,521.8764754764886,426.3708772167254,95.50559825976325,3.3381164954117093,70.4815394063948,14.5,91.0,39.71895888389666,37.71895888389666,14.396741740085956,420.0,True,True,2400.0,8.0,116.0,0.32169238433667696,86.91449767478471,0.32169238433667696,0.19301543060200618,0.12867695373467078,True,False,False,True,python_mission_generator,csv_authoritative,validated_csv,explicit_input,calibrated_csv,python_generated_isa_plus_offset
ENG_0001,117.0,temp_mission_001,NORMAL,CLIMB,42,stage5_mission_generator,2127.3769537276717,648.4244954961944,10.78779363161921,937.7394594781749,80.13866957507881,5208.320174504728,36.73058572893817,67.34441146729657,11.460670756144653,0.7122216120451325,287.93974315834663,67.5510266180784,425.90355551366406,457.7089889946452,489.51442247562636,521.3198559566075,473.6117057351358,521.3198559566075,425.90355551366406,95.41630044294345,3.333264282974885,70.4699256657778,14.5,91.0,39.66656139603783,37.66656139603783,14.395585913147894,420.0,True,True,2400.0,8.0,117.0,0.32137070989632005,86.80533624174547,0.32137070989632005,0.19282242593779203,0.12854828395852802,True,False,False,True,python_mission_generator,csv_authoritative,validated_csv,explicit_input,calibrated_csv,python_generated_isa_plus_offset
ENG_0001,118.0,temp_mission_001,NORMAL,CLIMB,42,stage5_mission_generator,2158.5142493971953,657.9151432162652,10.726141786193555,936.6691211372903,80.02877323742166,5201.7263942453,36.58820610180152,67.16839855024661,11.418470362626149,0.7104983923927713,287.8807750755404,67.51638587247857,425.43308767310646,457.2085548227071,488.98402197230763,520.7594891219082,473.09628839750735,520.7594891219082,425.43308767310646,95.32640144880179,3.3283794041170767,70.45823373828311,14.5,91.0,39.6138111539624,37.6138111539624,14.394422304866819,420.0,True,True,2400.0,8.0,118.0,0.3210468698556674,86.69543990408833,0.3210468698556674,0.19262812191340042,0.12841874794226696,True,False,False,True,python_mission_generator,csv_authoritative,validated_csv,explicit_input,calibrated_csv,python_generated_isa_plus_offset
ENG_0001,119.0,temp_mission_001,NORMAL,CLIMB,42,stage5_mission_generator,2189.8513284974456,667.4666849260215,10.664094369575057,935.5929142848069,79.91817178177372,5195.090306906423,36.44491293706429,66.99080518515453,11.375999202516848,0.7087641162010853,287.821428641126,67.48152286457724,424.959601212042,456.7049097599842,488.4502183079265,520.1955268558687,472.57756403395535,520.1955268558687,424.959601212042,95.2359256438267,3.32346318285024,70.44646679292525,14.5,91.0,39.56072245525139,37.56072245525139,14.393251230630545,420.0,True,True,2400.0,8.0,119.0,0.3207209519892775,86.5848384484404,0.3207209519892775,0.19243257119356652,0.128288380795711,True,False,False,True,python_mission_generator,csv_authoritative,validated_csv,explicit_input,calibrated_csv,python_generated_isa_plus_offset
ENG_0001,120.0,temp_mission_001,NORMAL,CLIMB,42,stage5_mission_generator,2221.3796639610828,677.076521575338,10.601668265357056,934.5111498023746,79.80689530366676,5188.413718220006,36.300745225931124,66.8116694742901,11.33326883255568,0.7070192553803571,287.7617200037383,67.44644708087483,424.4832249698858,456.1981908522862,487.9131567346865,519.6281226170869,472.05567379348633,519.6281226170869,424.4832249698858,95.1448976472011,3.318516956917107,70.43462803158319,14.5,91.0,39.50730974576005,37.50730974576005,14.392073009097649,420.0,True,True,2400.0,8.0,120.0,0.3203930449819824,86.47356197033342,0.3203930449819824,0.19223582698918942,0.12815721799279298,True,False,False,True,python_mission_generator,csv_authoritative,validated_csv,explicit_input,calibrated_csv,python_generated_isa_plus_offset
ENG_0001,121.0,temp_mission_001,NORMAL,CLIMB,42,stage5_mission_generator,2253.090645194403,686.742028655254,10.538880522515083,933.4241404261579,79.69497419343152,5181.698451605891,36.149219232990404,66.61900900149821,11.289808114430205,0.7052114806449306,287.70031053877125,67.40952880808247,423.9891034394107,455.67227565062365,487.3554478618365,519.0386200730494,471.5138617562301,519.0386200730494,423.9891034394107,95.04951663363869,3.313491174950172,70.42174222121692,14.5,91.0,39.45358761284713,37.45358761284713,14.3908879620481,420.0,True,True,2400.0,8.0,121.0,0.32006199589045375,86.36164086009818,0.32006199589045375,0.19203719753427226,0.1280247983561815,True,False,False,True,python_mission_generator,csv_authoritative,validated_csv,explicit_input,calibrated_csv,python_generated_isa_plus_offset
ENG_0001,122.0,temp_mission_001,NORMAL,CLIMB,42,stage5_mission_generator,2284.9755820739683,696.4605574161455,10.475748347493543,932.3322005818278,79.58243912209188,5174.946347325513,35.98187545059616,66.39713290135582,11.243419972434445,0.703382784528633,287.63538219569125,67.36921117344572,423.45766907622107,455.10622810556583,486.75478713491054,518.4033461642553,470.9305076202382,518.4033461642553,423.45766907622107,94.94567708803419,3.3083493458324544,70.40653773826519,14.5,91.0,39.3995707786041,37.3995707786041,14.389696414233914,420.0,True,True,2400.0,8.0,122.0,0.3197262761916664,86.24910578875854,0.3197262761916664,0.19183576571499983,0.12789051047666655,True,False,False,True,python_mission_generator,csv_authoritative,validated_csv,explicit_input,calibrated_csv,python_generated_isa_plus_offset
ENG_0001,123.0,temp_mission_001,NORMAL,CLIMB,42,stage5_mission_generator,2317.0257089432407,706.2294360858998,10.412289096292383,931.235646220945,79.46932102725916,5168.159261635549,35.81366469086413,66.17352303477041,11.196791502012513,0.7015446142743194,287.5701174708155,67.32868466056416,422.9234814494036,454.5372479723553,486.151014495307,517.7647810182586,470.34413123383115,517.7647810182586,422.9234814494036,94.84129956885505,3.3031808778444063,70.3912544836856,14.5,91.0,39.34527409308439,37.34527409308439,14.388498693229803,420.0,True,True,2400.0,8.0,123.0,0.3193888171909072,86.13598769392583,0.3193888171909072,0.19163329031454432,0.1277555268763629,True,False,False,True,python_mission_generator,csv_authoritative,validated_csv,explicit_input,calibrated_csv,python_generated_isa_plus_offset
ENG_0001,124.0,temp_mission_001,NORMAL,CLIMB,42,stage5_mission_generator,2349.2321886092104,716.0459710880874,10.348520266553763,930.1347946588036,79.35565109902632,5161.339065941579,35.6446333346076,65.9482299157886,11.149935560049332,0.6996974767213351,287.5045343596101,67.28796044382781,422.38668785070485,453.9654921360889,485.544296421473,517.123100706857,469.75489427878097,517.123100706857,422.38668785070485,94.73641285615219,3.2979871960895655,70.37589667153543,14.5,91.0,39.290712527532634,37.290712527532634,14.387295129283808,420.0,True,True,2400.0,8.0,124.0,0.31904971193586773,86.02231776569299,0.31904971193586773,0.19142982716152063,0.1276198847743471,True,False,False,True,python_mission_generator,csv_authoritative,validated_csv,explicit_input,calibrated_csv,python_generated_isa_plus_offset
ENG_0001,125.0,temp_mission_001,NORMAL,CLIMB,42,stage5_mission_generator,2381.5861163390255,725.907448260135,10.284459489648729,929.0299644137323,79.24146076586226,5154.487645951735,35.47482811711359,65.72130506055169,11.102865101690885,0.6978418825826369,287.4386509950747,67.24704978302888,421.8474366975751,453.3911186808862,484.9348006641973,516.4784826475085,469.1629596725418,516.4784826475085,421.8474366975751,94.63104594993337,3.292769736563079,70.36046854807867,14.5,91.0,39.23590116761388,37.23590116761388,14.386086055167953,420.0,True,True,2400.0,8.0,125.0,0.31870905418537354,85.90812743252893,0.31870905418537354,0.19122543251122412,0.12748362167414942,True,False,False,True,python_mission_generator,csv_authoritative,validated_csv,explicit_input,calibrated_csv,python_generated_isa_plus_offset
ENG_0001,126.0,temp_mission_001,NORMAL,CLIMB,42,stage5_mission_generator,2414.078523856625,735.8111340714993,10.220124522763882,927.9214750479088,79.12678168050603,5147.606900830362,35.30429610716706,65.49280097820855,11.055593174529678,0.6959783462155733,287.37248563960395,67.20596401830836,421.3058774665553,452.8142868189376,484.3226961713199,515.8311055237021,468.56849149512874,515.8311055237021,421.3058774665553,94.52522805714688,3.2875299455072025,70.34497438988016,14.5,91.0,39.180855206642896,37.180855206642896,14.384871806028887,420.0,True,True,2400.0,8.0,126.0,0.3183669383673029,85.7934483471727,0.3183669383673029,0.19102016302038174,0.12734677534692115,True,False,False,True,python_mission_generator,csv_authoritative,validated_csv,explicit_input,calibrated_csv,python_generated_isa_plus_offset
ENG_0001,127.0,temp_mission_001,NORMAL,CLIMB,42,stage5_mission_generator,2446.7003833393687,745.7542768418397,10.15553324098805,926.8096470097079,79.01164570586106,5140.698742351663,35.13308468607518,65.26277116130443,11.00813291279019,0.6941073853926675,287.3060566768495,67.16471456510214,420.76216062666447,452.2351568195533,483.7081530124422,515.181149205331,467.97165491599776,515.181149205331,420.76216062666447,94.41898857866659,3.2822692787667904,70.32941850189981,14.5,91.0,39.125589938813306,37.125589938813306,14.38365271923853,420.0,True,True,2400.0,8.0,127.0,0.31802345953650585,85.67831237252771,0.31802345953650585,0.1908140757219035,0.12720938381460234,True,False,False,True,python_mission_generator,csv_authoritative,validated_csv,explicit_input,calibrated_csv,python_generated_isa_plus_offset
ENG_0001,128.0,temp_mission_001,NORMAL,CLIMB,42,stage5_mission_generator,2479.442611414665,755.7341079591899,10.090703629398963,925.6948014776129,78.89608490088942,5133.765094053365,34.961241526691445,65.03127007561612,10.960497531514342,0.6922295210723965,287.2393826035808,67.12331290908759,420.21643757278713,451.6538899382123,483.09134230363736,514.5287946690626,467.3726161209248,514.5287946690626,420.21643757278713,94.31235709627543,3.276989201144796,70.31380521558683,14.5,91.0,39.07012075242692,37.07012075242692,14.382429134244711,420.0,True,True,2400.0,8.0,128.0,0.31767871333272363,85.56275156755608,0.31767871333272363,0.19060722799963417,0.12707148533308946,True,False,False,True,python_mission_generator,csv_authoritative,validated_csv,explicit_input,calibrated_csv,python_generated_isa_plus_offset
ENG_0001,129.0,temp_mission_001,NORMAL,CLIMB,42,stage5_mission_generator,2512.2960731566077,765.747843098134,10.025653775149916,924.5772602056987,78.7801315065061,5126.807890390365,34.78881457244006,64.79835314940519,10.912700320746952,0.690345277169975,287.17248202154724,67.08177060112985,419.6688605590595,451.0706483456094,482.4724361321593,513.8742239187093,466.77154223888436,513.8742239187093,419.6688605590595,94.20536335964977,3.271691185757762,70.29813888697383,14.5,91.0,39.01446312312292,37.01446312312292,14.38120139242183,420.0,True,True,2400.0,8.0,129.0,0.3173327959385074,85.44679817317275,0.3173327959385074,0.1903996775631044,0.12693311837540297,True,False,False,True,python_mission_generator,csv_authoritative,validated_csv,explicit_input,calibrated_csv,python_generated_isa_plus_offset
ENG_0001,130.0,temp_mission_001,NORMAL,CLIMB,42,stage5_mission_generator,2545.2515860825997,775.7926834379764,9.960401859556452,923.4573453707426,78.66381793147318,5119.82907588839,34.61585201634002,64.56407676205986,10.864754639721193,0.6884551803281342,287.10537362933945,67.04009925222815,419.11958263225785,450.48559505670573,481.8516074811537,513.2176199056015,466.1686012689297,513.2176199056015,419.11958263225785,94.09803727334366,3.2663767133913204,70.28242389477104,14.5,91.0,38.95863260710713,36.95863260710713,14.37996983692148,420.0,True,True,2400.0,8.0,130.0,0.3169858040371376,85.33048459813985,0.3169858040371376,0.19019148242228257,0.12679432161485504,True,False,False,True,python_mission_generator,csv_authoritative,validated_csv,explicit_input,calibrated_csv,python_generated_isa_plus_offset
ENG_0001,131.0,temp_mission_001,NORMAL,CLIMB,42,stage5_mission_generator,2578.2999241499883,785.8658168809164,9.894966150183024,922.3353794209446,78.54717673829416,5112.830604297649,34.44240228002943,64.32849823209743,10.81667391104406,0.6865597596879053,287.03807621425074,66.99831052846226,418.56875756518446,449.89889385977557,481.2290301543666,512.5591664489577,465.5639620070711,512.5591664489577,418.56875756518446,93.99040888377328,3.261047271855685,70.26666463846055,14.5,91.0,38.90264483438119,36.90264483438119,14.378734812523115,420.0,True,True,2400.0,8.0,131.0,0.3166378347705427,85.21384340496083,0.3166378347705427,0.1899827008623256,0.1266551339082171,True,False,False,True,python_mission_generator,csv_authoritative,validated_csv,explicit_input,calibrated_csv,python_generated_isa_plus_offset
ENG_0001,132.0,temp_mission_001,NORMAL,CLIMB,42,stage5_mission_generator,2611.4318217526925,795.9644192702207,9.82936499292967,921.2116849263028,78.43024062910814,5105.814437746489,34.26851399278967,64.09167580449846,10.768471614881816,0.6846595466593994,286.9706086441387,66.95641614593883,418.0165397900555,449.3107092454557,480.60487870085586,511.8990481562561,464.9577939731558,511.8990481562561,418.0165397900555,93.88250836620057,3.2557043553411478,70.25086553639048,14.5,91.0,38.84651550197191,36.84651550197191,14.377496665484674,420.0,True,True,2400.0,8.0,132.0,0.3162889856972186,85.09690729577481,0.3162889856972186,0.18977339141833113,0.12651559427888745,True,False,False,True,python_mission_generator,csv_authoritative,validated_csv,explicit_input,calibrated_csv,python_generated_isa_plus_offset
ENG_0001,133.0,temp_mission_001,NORMAL,CLIMB,42,stage5_mission_generator,2644.637977717838,806.0856556083971,9.76361680411868,920.0865844306463,78.3130424315841,5098.782545895046,34.09423597056964,63.85366863734483,10.720161283145458,0.6827550746925896,286.9029898592869,66.91442786573771,417.4630843318883,448.7212063357942,479.9793283397001,511.237450343606,464.35026733774714,511.237450343606,417.4630843318883,93.77436601171769,3.250349463773572,70.23503102386906,14.5,91.0,38.790260367160364,36.790260367160364,14.376255743393244,420.0,True,True,2400.0,8.0,133.0,0.3159393547501475,84.97970909825077,0.3159393547501475,0.1895636128500885,0.126375741900059,True,False,False,True,python_mission_generator,csv_authoritative,validated_csv,explicit_input,calibrated_csv,python_generated_isa_plus_offset
ENG_0001,134.0,temp_mission_001,NORMAL,CLIMB,42,stage5_mission_generator,2677.909059302382,816.2266812753661,9.697740062581282,918.9604003053423,78.19561508481512,5091.736905088907,33.91961719501005,63.614536787734146,10.67175649367619,0.6808468790480917,286.8352388642662,66.87235748885844,416.9085467418879,448.1305508132984,479.3525548847089,510.5745589561194,463.74155284900365,510.5745589561194,416.9085467418879,93.6660122142315,3.2449841021698926,70.21916555125895,14.5,91.0,38.733895240711256,36.733895240711256,14.37501239501569,420.0,True,True,2400.0,8.0,134.0,0.31558904019471706,84.86228175148179,0.31558904019471706,0.18935342411683023,0.12623561607788683,True,False,False,True,python_mission_generator,csv_authoritative,validated_csv,explicit_input,calibrated_csv,python_generated_isa_plus_offset
ENG_0001,135.0,temp_mission_001,NORMAL,CLIMB,42,stage5_mission_generator,2711.2357061897496,826.3846432466357,9.631753301744297,917.833454604688,78.07799162521265,5084.679497512759,33.744706792467476,63.37434119694244,10.623270864430847,0.6789354965679462,286.7673747197963,66.83021685116648,416.3530830308343,447.53890884998333,478.7247346691324,509.9105604882814,463.13182175955785,509.9105604882814,416.3530830308343,93.55747745744713,3.2396097799936054,70.20327358207142,14.5,91.0,38.67743598010207,36.67743598010207,14.37376697014931,420.0,True,True,2400.0,8.0,135.0,0.3152381405866394,84.7446582918793,0.3152381405866394,0.18914288435198365,0.12609525623465576,True,False,False,True,python_mission_generator,csv_authoritative,validated_csv,explicit_input,calibrated_csv,python_generated_isa_plus_offset
ENG_0001,136.0,temp_mission_001,NORMAL,CLIMB,42,stage5_mission_generator,2744.6085344864605,836.5566813114732,9.56567510171681,916.7060689230028,77.96020517240073,5077.612310344044,33.569554013038754,63.13314367480899,10.57471804766739,0.6770214654463989,286.6994165346074,66.78801781833967,415.79684960247005,446.94644703642103,478.09604447037196,509.24564190432295,462.5212457533965,509.24564190432295,415.79684960247005,93.4487923018529,3.2342280105102676,70.18735959106041,14.5,91.0,38.62089848275235,36.62089848275235,14.372519819472478,420.0,True,True,2400.0,8.0,136.0,0.3148867547298703,84.6268718390674,0.3148867547298703,0.1889320528379222,0.12595470189194813,True,False,False,True,python_mission_generator,csv_authoritative,validated_csv,explicit_input,calibrated_csv,python_generated_isa_plus_offset
ENG_0001,137.0,temp_mission_001,NORMAL,CLIMB,42,stage5_mission_generator,2778.01814071876,846.7399292910782,9.499524081376855,915.578564253411,77.84228891511026,5070.537334906616,33.39420820958514,62.891006883316564,10.526111724130343,0.6751053250006828,286.63138345730164,66.74577228081453,415.24000318688695,446.3533323107883,477.46666143468957,508.5799905585909,461.90999687273893,508.5799905585909,415.24000318688695,93.33998737170396,3.228840310142988,70.17142806231688,14.5,91.0,38.56429867925293,36.56429867925293,14.371271294395285,420.0,True,True,2400.0,8.0,137.0,0.3145349816345282,84.50895558177693,0.3145349816345282,0.1887209889807169,0.1258139926538113,True,False,False,True,python_mission_generator,csv_authoritative,validated_csv,explicit_input,calibrated_csv,python_generated_isa_plus_offset
ENG_0001,138.0,temp_mission_001,NORMAL,CLIMB,42,stage5_mission_generator,2811.4551058292514,856.9315162567558,9.433318890458082,914.4512608483438,77.72427609707323,5063.456565824394,33.21871881675651,62.647994319340356,10.477465597236273,0.6731876154417995,286.56329466821455,66.70349214873276,414.6827007739135,445.7597318879156,476.83676300191775,507.91379411591987,461.2982474449167,507.91379411591987,414.6827007739135,93.23109334200637,3.2234481978279272,70.15548348736287,14.5,91.0,38.50765252659515,36.50765252659515,14.370021746910187,420.0,True,True,2400.0,8.0,138.0,0.3141829204748133,84.3909427637399,0.3141829204748133,0.18850975228488795,0.12567316818992533,True,False,False,True,python_mission_generator,csv_authoritative,validated_csv,explicit_input,calibrated_csv,python_generated_isa_plus_offset
ENG_0001,139.0,temp_mission_001,NORMAL,CLIMB,42,stage5_mission_generator,2844.9099991735266,867.128567748091,9.367078201636417,913.3244780817381,77.60620000291696,5056.372000175018,33.04313533001562,62.4041702965415,10.428793387259221,0.6712688776453,286.4951693712768,66.66118934688748,414.1250995465018,445.1658131883358,476.2065268301698,507.2472404720038,460.6861700092528,507.2472404720038,414.1250995465018,93.12214092550198,3.2180531943697908,70.13953036324581,14.5,91.0,38.45097600140014,36.45097600140014,14.36877152944265,420.0,True,True,2400.0,8.0,139.0,0.3138306705469264,84.27286666958364,0.3138306705469264,0.18829840232815584,0.1255322682187706,True,False,False,True,python_mission_generator,csv_authoritative,validated_csv,explicit_input,calibrated_csv,python_generated_isa_plus_offset
ENG_0001,140.0,temp_mission_001,NORMAL,CLIMB,42,stage5_mission_generator,2878.373382516794,877.3282069911189,9.300820702616747,912.1985343129562,77.48809394405838,5049.285636643503,32.867507284662345,62.15959992637928,10.380108825516185,0.6693496529220663,286.4270267858757,66.61887580966959,413.56735681411476,444.5717437673322,475.57613072054954,506.58051767376696,460.07393724394086,506.58051767376696,413.56735681411476,93.0131608596522,3.2126568217973226,70.12357319063257,14.5,91.0,38.39428509314802,36.39428509314802,14.367520994701795,420.0,True,True,2400.0,8.0,140.0,0.3134783312269886,84.15476061072505,0.3134783312269886,0.18808699873619314,0.12539133249079545,True,False,False,True,python_mission_generator,csv_authoritative,validated_csv,explicit_input,calibrated_csv,python_generated_isa_plus_offset
ENG_0001,141.0,temp_mission_001,NORMAL,CLIMB,42,stage5_mission_generator,2911.8358140305113,887.5275561164999,9.234565088219586,911.073746752398,77.3699912445982,5042.199474675892,32.691884234857824,61.914349098218615,10.331425648552566,0.6674304827890928,286.3588861387161,66.57656347601426,413.0096299461131,443.977691243987,474.9457525418609,505.9138138397348,459.46172189292395,505.9138138397348,413.0096299461131,92.90418389362173,3.207260602718805,70.10761647190375,14.5,91.0,38.33759579740713,36.33759579740713,14.36627049553104,420.0,True,True,2400.0,8.0,141.0,0.31312600192895945,84.03665791126487,0.31312600192895945,0.18787560115737567,0.12525040077158378,True,False,False,True,python_mission_generator,csv_authoritative,validated_csv,explicit_input,calibrated_csv,python_generated_isa_plus_offset
ENG_0001,142.0,temp_mission_001,NORMAL,CLIMB,42,stage5_mission_generator,2945.2878522890164,897.7237373776923,9.168330052467748,909.9504313288328,77.25192522721524,5035.115513632914,32.51631573264878,61.66848445850902,10.28275759232763,0.6655119087402676,286.2907666556833,66.5342642843472,412.452076305143,443.3838232302309,474.3155701553189,505.2473170804068,458.8496966927749,505.2473170804068,412.452076305143,92.79524077526378,3.2018660596775477,70.09166470924784,14.5,91.0,38.280924109063314,36.280924109063314,14.36502038475875,420.0,True,True,2400.0,8.0,142.0,0.31277378206255707,83.91859189388191,0.31277378206255707,0.18766426923753424,0.12510951282502283,True,False,False,True,python_mission_generator,csv_authoritative,validated_csv,explicit_input,calibrated_csv,python_generated_isa_plus_offset
ENG_0001,143.0,temp_mission_001,NORMAL,CLIMB,42,stage5_mission_generator,2978.720060266155,907.9138743691241,9.102134280673013,908.8289025584113,77.13392919906063,5028.0357519436375,32.340851306991695,61.4220733890129,10.234118386399983,0.6635944720171536,286.2226875537029,66.49199016753104,411.8948531805226,442.79030725989037,473.6857613392581,504.58121541862585,458.2380342995742,504.58121541862585,411.8948531805226,92.68636223810324,3.196474714507389,70.07572240275536,14.5,91.0,38.2242860155491,36.2242860155491,14.363771015048878,420.0,True,True,2400.0,8.0,143.0,0.3124217709911764,83.80059586572729,0.3124217709911764,0.18745306259470584,0.12496870839647056,True,False,False,True,python_mission_generator,csv_authoritative,validated_csv,explicit_input,calibrated_csv,python_generated_isa_plus_offset
ENG_0001,144.0,temp_mission_001,NORMAL,CLIMB,42,stage5_mission_generator,3012.1230093319164,918.0950932443682,9.035996441522805,907.7094734153862,77.01603643765206,5020.962186259124,32.163577927718585,61.17145150457752,10.18570913175986,0.6616833223511477,286.1554982239094,66.44936564241985,411.3341397915994,442.1930020204669,473.05186424933436,503.91072647820187,457.62243313490063,503.91072647820187,411.3341397915994,92.57658668660247,3.1910780627283954,70.05949967125441,14.5,91.0,38.16769749007299,36.16769749007299,14.36252273875161,420.0,True,True,2400.0,8.0,144.0,0.3120696941774165,83.68270310431873,0.3120696941774165,0.1872418165064499,0.12482787767096659,True,False,False,True,python_mission_generator,csv_authoritative,validated_csv,explicit_input,calibrated_csv,python_generated_isa_plus_offset
ENG_0001,145.0,temp_mission_001,NORMAL,CLIMB,42,stage5_mission_generator,3045.4872832490605,928.2645239343137,8.96993517916686,906.592455204489,76.89828017676803,5013.896810606081,31.983597428201477,60.91486706856467,10.138275487530965,0.6596333750531189,286.08756709739635,66.40545246210783,410.76743992231263,441.58888026045696,472.41032059860123,503.23176093674556,456.9996004295291,503.23176093674556,410.76743992231263,92.46432101443293,3.1856346274644256,70.04285886695072,14.5,91.0,38.11117448484865,36.11117448484865,14.361275907754015,420.0,True,True,2400.0,8.0,145.0,0.3117174702731216,83.56494684343468,0.3117174702731216,0.18703048216387294,0.12468698810924864,True,False,False,True,python_mission_generator,csv_authoritative,validated_csv,explicit_input,calibrated_csv,python_generated_isa_plus_offset
ENG_0001,146.0,temp_mission_001,NORMAL,CLIMB,42,stage5_mission_generator,3078.8034821697465,938.4193013653388,8.9039691053039,905.4781574349948,76.78069359234208,5006.841615540524,31.803876264820342,60.65792975737313,10.090910191028867,0.6575863815495989,286.0197338536867,66.36160255684246,410.2015566179024,440.9856289869903,471.7697013560783,502.55377372516625,456.3776651715343,502.55377372516625,410.2015566179024,92.35221710726387,3.1801990357139003,70.02624204058853,14.5,91.0,38.05473292432419,36.05473292432419,14.36003087333068,420.0,True,True,2400.0,8.0,146.0,0.31136575389262267,83.44736025900873,0.31136575389262267,0.1868194523355736,0.12454630155704907,True,False,False,True,python_mission_generator,csv_authoritative,validated_csv,explicit_input,calibrated_csv,python_generated_isa_plus_offset
ENG_0001,147.0,temp_mission_001,NORMAL,CLIMB,42,stage5_mission_generator,3112.062226632169,948.5565666774851,8.838116791268305,904.3668876964242,76.66330978835705,4999.798587301423,31.62360422013828,60.39906818806381,10.04345336201692,0.655550813505524,285.95217871993555,66.31768866091667,409.6348054233554,440.3814443395023,471.12808325564924,501.8747221717962,455.7547637975758,501.8747221717962,409.6348054233554,92.2399167484408,3.174769936330441,70.00952474816738,14.5,91.0,37.99798587301423,35.99778446031566,14.358787985994368,420.0,True,True,2400.0,8.0,147.0,0.3110144800895428,83.32997645502373,0.3110144800895428,0.18660868805372569,0.12440579203581713,True,False,False,True,python_mission_generator,csv_authoritative,validated_csv,explicit_input,calibrated_csv,python_generated_isa_plus_offset
ENG_0001,148.0,temp_mission_001,NORMAL,CLIMB,42,stage5_mission_generator,3145.254161557183,958.6734684426294,8.772396760116777,903.258951535882,76.54616178273935,4992.769706964361,31.414512783256157,60.08418518448331,9.990219893266376,0.6537869870635852,285.8902215874465,66.269130188039,409.0066891624635,439.711565351742,470.4164415410205,501.12131773029904,455.06400344638126,501.12131773029904,409.0066891624635,92.11462856783555,3.169254062917027,69.98846380923578,14.5,91.0,37.927697069643614,35.92046677660797,14.357547595346652,420.0,True,True,2400.0,8.0,148.0,0.31065835353401644,83.21282844940602,0.31065835353401644,0.18639501212040985,0.12426334141360658,True,False,False,True,python_mission_generator,csv_authoritative,validated_csv,explicit_input,calibrated_csv,python_generated_isa_plus_offset
ENG_0001,149.0,temp_mission_001,NORMAL,CLIMB,42,stage5_mission_generator,3178.3699602449415,968.7671638826582,8.706827478715017,902.1546523370242,76.42928249325314,4985.756949595188,31.205900963946306,59.76913967839668,9.937108532371733,0.6520272065173971,285.82840657330485,66.22068309943042,408.38001368556843,439.04322294404733,469.70643220252623,500.36964146100513,454.3748275732868,500.36964146100513,408.38001368556843,91.9896277754367,3.1637508419099234,69.96745118025197,14.5,91.0,37.857569495951886,35.84332644554707,14.356310049928563,420.0,True,True,2400.0,8.0,149.0,0.31030304386777324,83.09594915991981,0.31030304386777324,0.18618182632066393,0.12412121754710931,True,False,False,True,python_mission_generator,csv_authoritative,validated_csv,explicit_input,calibrated_csv,python_generated_isa_plus_offset
ENG_0001,150.0,temp_mission_001,NORMAL,CLIMB,42,stage5_mission_generator,3211.400328371516,978.8348200876381,8.641427349824397,901.0542912006088,76.31270472339465,4978.762283403679,30.997827311478236,59.45402283827872,9.88413418563789,0.6502719657692987,285.76675102659436,66.17236099231502,407.75495487623965,438.37660469428374,468.9982545123278,499.61990433037187,453.68742960330576,499.61990433037187,407.75495487623965,91.86494945413222,3.158261817850428,69.94649275864825,14.5,91.0,37.787622834036796,35.76638511744047,14.355075697071237,420.0,True,True,2400.0,8.0,150.0,0.3099486508124948,82.97937139006132,0.3099486508124948,0.18596919048749685,0.12397946032499792,True,False,False,True,python_mission_generator,csv_authoritative,validated_csv,explicit_input,calibrated_csv,python_generated_isa_plus_offset
ENG_0001,151.0,temp_mission_001,NORMAL,CLIMB,42,stage5_mission_generator,3244.336007985538,988.873615233992,8.576214704188637,899.9581668266272,76.19646114828633,4971.78766889718,30.790350145993852,59.13892649826909,9.831311701035178,0.6485217567887838,285.7052722285046,66.12417741070527,407.13168792974113,437.7118974462465,468.2921069627519,498.8723164792573,453.0020022044992,498.8723164792573,407.13168792974113,91.74062854951615,3.1527885292354045,69.92559441877778,14.5,91.0,37.7178766889718,35.68966435786898,14.35384488274656,420.0,True,True,2400.0,8.0,151.0,0.30959527369961004,82.863127814953,0.30959527369961004,0.185757164219766,0.12383810947984403,True,False,False,True,python_mission_generator,csv_authoritative,validated_csv,explicit_input,calibrated_csv,python_generated_isa_plus_offset
ENG_0001,152.0,temp_mission_001,NORMAL,CLIMB,42,stage5_mission_generator,3277.1677815048197,998.880739802669,8.511207792620457,898.8665753979873,76.08058430057122,4964.835058034274,30.583527533330773,58.823943118592176,9.778655861789533,0.6467770694001194,285.64398738487074,66.07614583955512,406.5103872773998,437.04928722900064,467.58818718060155,498.1270871322024,452.3187372048011,498.1270871322024,406.5103872773998,91.61669985480262,3.147332507853122,69.9047620093787,14.5,91.0,37.648350580342736,35.61318563837701,14.352617951417812,420.0,True,True,2400.0,8.0,152.0,0.3092430114274149,82.7472509672379,0.3092430114274149,0.18554580685644892,0.12369720457096596,True,False,False,True,python_mission_generator,csv_authoritative,validated_csv,explicit_input,calibrated_csv,python_generated_isa_plus_offset
ENG_0001,153.0,temp_mission_001,NORMAL,CLIMB,42,stage5_mission_generator,3309.8864757129945,1008.8533977973208,8.446424778088272,897.7798104657184,75.96510655630708,4957.906393378425,30.377417259845714,58.509165744555624,9.726181379972665,0.6450383910699632,285.5829136187133,66.02827969891314,405.8912265109748,436.38895917622153,466.8866918414682,497.38442450671494,451.63782550884486,497.38442450671494,405.8912265109748,91.49319799574016,3.141895278119086,69.88400135103818,14.5,91.0,37.57906393378425,35.53697032716267,14.351395245890311,420.0,True,True,2400.0,8.0,153.0,0.3088919624181902,82.63177322297375,0.3088919624181902,0.18533517745091413,0.1235567849672761,True,False,False,True,python_mission_generator,csv_authoritative,validated_csv,explicit_input,calibrated_csv,python_generated_isa_plus_offset
ENG_0001,154.0,temp_mission_001,NORMAL,CLIMB,42,stage5_mission_generator,3342.4829657561368,1018.7888079624705,8.38188372780285,896.6981628356701,75.85006012086069,4951.003607251641,30.17207680723784,58.194687964114394,9.673902890092243,0.6433062066949826,285.5220679627778,65.98059233807552,405.2743783070255,435.731097445534,466.1878165840424,496.6445357225509,450.9594570147882,496.6445357225509,405.2743783070255,91.37015741552545,3.136478356411877,69.86331823365639,14.5,91.0,37.510036072516414,35.46103967976806,14.350177107162054,420.0,True,True,2400.0,8.0,154.0,0.30854222457532154,82.51672678752736,0.30854222457532154,0.1851253347451929,0.12341688983012862,True,False,False,True,python_mission_generator,csv_authoritative,validated_csv,explicit_input,calibrated_csv,python_generated_isa_plus_offset
ENG_0001,155.0,temp_mission_001,NORMAL,CLIMB,42,stage5_mission_generator,3374.948179139404,1028.6842050016905,8.31760260530398,895.6219204566873,75.7354770148021,4944.1286208881265,29.967563327372122,57.88060386398999,9.621834942682066,0.6415809983894726,285.46146735207475,65.93309702973932,404.6600143512807,435.07588513785333,465.4917559244259,495.9076267109985,450.2838205311396,495.9076267109985,404.6600143512807,91.24761235971778,3.1310832504089854,69.84271841391069,14.5,91.0,37.441286208881266,35.38541482976939,14.348963874274375,420.0,True,True,2400.0,8.0,155.0,0.30819389524041757,82.40214368146877,0.30819389524041757,0.18491633714425054,0.12327755809616703,True,False,False,True,python_mission_generator,csv_authoritative,validated_csv,explicit_input,calibrated_csv,python_generated_isa_plus_offset
ENG_0001,156.0,temp_mission_001,NORMAL,CLIMB,42,stage5_mission_generator,3407.2730997236563,1038.5368407957706,8.25359926254716,894.5513683102107,75.62138905979886,4937.283343587931,29.763933617102737,57.56700798433612,9.569991997892226,0.639863245272974,285.4011286164192,65.88580696415534,404.04830526300736,434.423504216725,464.7987031704426,495.17390212416024,449.6111036935838,495.17390212416024,404.04830526300736,91.12559686115287,3.1257114584226433,69.82220761271964,14.5,91.0,37.372833435879315,35.31011677946724,14.347755884162575,420.0,True,True,2400.0,8.0,156.0,0.30784707115042886,82.28805572646552,0.30784707115042886,0.18470824269025732,0.12313882846017155,True,False,False,True,python_mission_generator,csv_authoritative,validated_csv,explicit_input,calibrated_csv,python_generated_isa_plus_offset
ENG_0001,157.0,temp_mission_001,NORMAL,CLIMB,42,stage5_mission_generator,3439.4487717220954,1048.3439856208947,8.189891431990251,893.4867883012861,75.50782786451025,4930.469671870615,29.561244093096388,57.25399527194391,9.518388419079296,0.638153423257891,285.3410684729706,65.83873524328136,403.43942051937915,433.7741354276648,464.10885033595054,494.4435652442362,448.9414928818077,494.4435652442362,403.43942051937915,91.00414472485704,3.120364468735665,69.80179151270698,14.5,91.0,37.30469671870615,35.23516639057676,14.34655347150658,420.0,True,True,2400.0,8.0,157.0,0.30750184839476746,82.1744945311769,0.30750184839476746,0.18450110903686048,0.123000739357907,True,False,False,True,python_mission_generator,csv_authoritative,validated_csv,explicit_input,calibrated_csv,python_generated_isa_plus_offset
ENG_0001,158.0,temp_mission_001,NORMAL,CLIMB,42,stage5_mission_generator,3471.466303696893,1058.102929366813,8.126496718680151,892.4284591509432,75.39482481048155,4923.689488628893,29.3595507666557,56.94166103198257,9.467038466396504,0.636452004837111,285.28130351877263,65.79189487493525,402.8335283798449,433.1279582174987,463.42238805515245,493.71681789280626,448.2751731363256,493.71681789280626,402.8335283798449,90.88328951296137,3.1150437589372797,69.78147575566588,14.5,91.0,37.23689488628893,35.16058437491782,14.34535696858157,420.0,True,True,2400.0,8.0,158.0,0.30715832237242513,82.06149147714821,0.30715832237242513,0.18429499342345507,0.12286332894897006,True,False,False,True,python_mission_generator,csv_authoritative,validated_csv,explicit_input,calibrated_csv,python_generated_isa_plus_offset
ENG_0001,159.0,temp_mission_001,NORMAL,CLIMB,42,stage5_mission_generator,3503.3168725558166,1067.810982755013,8.063432592339483,891.3766562898949,75.28241103803829,4916.944662282298,29.158909218542586,56.63010087827316,9.4159562903839,0.6347594588716202,285.2218502232928,65.74529876694793,402.2307958104981,432.4851506537033,462.73950549690846,492.99386034011366,447.61232807530587,492.99386034011366,402.2307958104981,90.76306452961558,3.109750795258967,69.76126594002272,14.5,91.0,37.16944662282298,35.08639128510528,14.344166705108641,420.0,True,True,2400.0,8.0,159.0,0.3068165877490925,81.94907770470496,0.3068165877490925,0.1840899526494555,0.122726635099637,True,False,False,True,python_mission_generator,csv_authoritative,validated_csv,explicit_input,calibrated_csv,python_generated_isa_plus_offset
ENG_0001,160.0,temp_mission_001,NORMAL,CLIMB,42,stage5_mission_generator,3534.991727548867,1077.4654785568946,8.000716379453243,890.3316517535502,75.17061743218046,4910.237045930829,28.959374573801597,56.31941068209523,9.365155925558538,0.6330762503781255,285.1627249209623,65.69895972131651,401.63138840844476,431.8458893437455,462.06039027904626,492.274891214347,446.9531398113959,492.274891214347,401.63138840844476,90.64350280590224,3.104487031910292,69.74116761830142,14.5,91.0,37.10237045930829,35.01260750523912,14.34298300810544,420.0,True,True,2400.0,8.0,160.0,0.3064767384142781,81.83728409884715,0.3064767384142781,0.18388604304856684,0.12259069536571124,True,False,False,True,python_mission_generator,csv_authoritative,validated_csv,explicit_input,calibrated_csv,python_generated_isa_plus_offset
ENG_0001,161.0,temp_mission_001,NORMAL,CLIMB,42,stage5_mission_generator,3566.4821942649037,1087.0637728119427,7.938365255355491,889.2937140782598,75.0594746084768,4903.568476508609,28.761001476583267,56.009686519529026,9.314651284004643,0.6314028403166688,285.10394380371577,65.65289042835755,401.0354703261726,431.210349354423,461.3852283826734,491.5601074109238,446.2977888685482,491.5601074109238,401.0354703261726,90.52463708475125,3.0992539104147427,69.72118629458731,14.5,91.0,37.03568476508609,34.9392532415947,14.341806201736814,420.0,True,True,2400.0,8.0,161.0,0.3061388674384271,81.72614127514348,0.3061388674384271,0.18368332046305627,0.12245554697537085,True,False,False,True,python_mission_generator,csv_authoritative,validated_csv,explicit_input,calibrated_csv,python_generated_isa_plus_offset
ENG_0001,162.0,temp_mission_001,NORMAL,CLIMB,42,stage5_mission_generator,3597.7796786282806,1096.6032460459,7.876396236316004,888.2631081987927,74.94901289895901,4896.94077393754,28.563844064967554,55.70102461733798,9.26445614896379,0.6297396853782482,285.04552291353093,65.60710346085982,400.44320419591963,430.578704131204,460.7142040664883,490.8497040017727,445.64645409884616,490.8497040017727,400.44320419591963,90.40649980585306,3.0940528589455627,69.70132742199135,14.5,91.0,36.9694077393754,34.86634851331294,14.340636607165449,420.0,True,True,2400.0,8.0,162.0,0.3058030670300403,81.61567956562567,0.3058030670300403,0.18348184021802416,0.12232122681201613,True,False,False,True,python_mission_generator,csv_authoritative,validated_csv,explicit_input,calibrated_csv,python_generated_isa_plus_offset
ENG_0001,163.0,temp_mission_001,NORMAL,CLIMB,42,stage5_mission_generator,3628.875670895471,1106.0813044889396,7.814826171626968,887.240095346975,74.83926233801598,4890.355740280959,28.367955945787095,55.39352129739851,9.21458416842508,0.6280872377724338,284.9874781349686,65.56161126823767,399.85475105404294,429.9511254175674,460.047499781092,490.14387414461646,444.9993125993297,490.14387414461646,399.85475105404294,90.28912309057353,3.088885291661589,69.68159640011402,14.5,91.0,36.9035574028096,34.79391314309055,14.339474542402522,420.0,True,True,2400.0,8.0,163.0,0.3054694284927931,81.50592900468266,0.3054694284927931,0.18328165709567587,0.12218777139711726,True,False,False,True,python_mission_generator,csv_authoritative,validated_csv,explicit_input,calibrated_csv,python_generated_isa_plus_offset
ENG_0001,164.0,temp_mission_001,NORMAL,CLIMB,42,stage5_mission_generator,3659.761749651703,1115.4953812938393,7.753671735689627,886.2249329514552,74.7302526482881,4883.815158897286,28.21185178843496,55.16247670912048,9.17215041961655,0.6264799432225524,284.9223432736184,65.52466027023372,399.3520245488555,429.41634071589624,459.48065688293707,489.5449730499778,444.44849879941665,489.5449730499778,399.3520245488555,90.19294850112226,3.083981162453979,69.66776781535714,14.5,91.0,36.83815158897286,34.72196674787015,14.338320322158344,420.0,True,True,2400.0,8.0,164.0,0.30514536820531785,81.39691931495477,0.30514536820531785,0.1830872209231907,0.12205814728212715,True,False,False,True,python_mission_generator,csv_authoritative,validated_csv,explicit_input,calibrated_csv,python_generated_isa_plus_offset
ENG_0001,165.0,temp_mission_001,NORMAL,CLIMB,42,stage5_mission_generator,3690.429585807586,1124.8429377541522,7.69294942010098,885.217874538564,74.62201322656146,4877.320793593688,28.0771636568432,54.972222329802854,9.13422071030106,0.6250313748114825,284.8542694010117,65.49298703778697,398.896109269769,428.9325207838613,458.9689322979536,489.0053438120459,443.95072654090745,489.0053438120459,398.896109269769,90.10923454227691,3.079265790964678,69.65708389196116,14.5,91.0,36.77320793593688,34.65052872953056,14.337174257693004,420.0,True,True,2400.0,8.0,165.0,0.304827466884448,81.28867989322814,0.304827466884448,0.1828964801306688,0.12193098675377921,True,False,False,True,python_mission_generator,csv_authoritative,validated_csv,explicit_input,calibrated_csv,python_generated_isa_plus_offset
ENG_0001,166.0,temp_mission_001,NORMAL,CLIMB,42,stage5_mission_generator,3720.8709465957436,1134.1214645223827,7.632675525740428,884.2191696341929,74.51457312966208,4870.874387779725,27.943470168107076,54.78287120956581,9.096571103723216,0.6235935037662754,284.786698239299,65.46154770534312,398.4435608268673,428.4522737578658,458.4609866888642,488.46969961986264,443.456630223365,488.46969961986264,398.4435608268673,90.02613879299531,3.074585241478684,69.64647886703938,14.5,91.0,36.708743877797254,34.579618265576975,14.33603665666701,420.0,True,True,2400.0,8.0,166.0,0.30451191319639376,81.18123979632875,0.30451191319639376,0.18270714791783624,0.1218047652785575,True,False,False,True,python_mission_generator,csv_authoritative,validated_csv,explicit_input,calibrated_csv,python_generated_isa_plus_offset
ENG_0001,167.0,temp_mission_001,NORMAL,CLIMB,42,stage5_mission_generator,3751.077699567447,1143.3284828281578,7.572866154856455,883.2290636666775,74.40796106035019,4864.477663621012,27.81080703861425,54.5944833255813,9.059211658023886,0.6221667142160318,284.71964784020315,65.4303506719603,397.99450011904986,427.97572793652114,457.9569557539925,487.93818357146375,442.9663418452568,487.93818357146375,397.99450011904986,89.9436834524139,3.0699407644108163,69.63595557373789,14.5,91.0,36.64477663621012,34.50925429983113,14.334907822991944,420.0,True,True,2400.0,8.0,167.0,0.30419879144172923,81.07462772701686,0.30419879144172923,0.18251927486503752,0.1216795165766917,True,False,False,True,python_mission_generator,csv_authoritative,validated_csv,explicit_input,calibrated_csv,python_generated_isa_plus_offset
ENG_0001,168.0,temp_mission_001,NORMAL,CLIMB,42,stage5_mission_generator,3781.0418165892356,1152.461545696399,7.513537203153314,882.2477978706108,74.30220535321446,4858.1323211928675,27.67920952661673,54.40711852766899,9.022152302327745,0.6207513853626125,284.6531360238967,65.39940422896153,397.54904649444023,427.5030099727469,457.4569734510535,487.41093692936016,442.4799917119002,487.41093692936016,397.54904649444023,89.86189043491993,3.0653335941367734,69.6255168088618,14.5,91.0,36.58132321192868,34.439455533121546,14.333788056681094,420.0,True,True,2400.0,8.0,168.0,0.3038881848397013,80.96887201988112,0.3038881848397013,0.18233291090382078,0.12155527393588053,True,False,False,True,python_mission_generator,csv_authoritative,validated_csv,explicit_input,calibrated_csv,python_generated_isa_plus_offset
ENG_0001,169.0,temp_mission_001,NORMAL,CLIMB,42,stage5_mission_generator,3810.755377839562,1161.5182391654985,7.454704351877668,881.2756091915551,74.19733396056625,4851.840037633975,27.54871241467829,54.22083649836788,8.985402831800242,0.6193478912918593,284.5871803701309,65.36871655580721,397.10731769097214,427.0342448107193,456.96117193046643,486.8880990502136,441.9977083705929,486.8880990502136,397.10731769097214,89.78078135924147,3.060764948378618,69.61516533148314,14.5,91.0,36.51840037633975,34.370240413973725,14.332677653700113,420.0,True,True,2400.0,8.0,169.0,0.30358017548680094,80.86400062723291,0.30358017548680094,0.18214810529208056,0.12143207019472038,True,False,False,True,python_mission_generator,csv_authoritative,validated_csv,explicit_input,calibrated_csv,python_generated_isa_plus_offset
ENG_0001,170.0,temp_mission_001,NORMAL,CLIMB,42,stage5_mission_generator,3840.2105758054117,1170.4961835054896,7.396383059905285,880.312730191584,74.09337443833384,4845.602466300031,27.41934999212195,54.03569671217917,8.94897290270462,0.6179566007848195,284.5217982093634,65.33829571596722,396.6694297769735,426.5695556228197,456.4696814686658,486.36980731451195,441.51961854574273,486.36980731451195,396.6694297769735,89.70037753753843,3.0562360275902756,69.6049038615483,14.5,91.0,36.456024663000306,34.30162712930034,14.331576905817652,420.0,True,True,2400.0,8.0,170.0,0.30327484431533414,80.76004110500051,0.30327484431533414,0.18196490658920048,0.12130993772613366,True,False,False,True,python_mission_generator,csv_authoritative,validated_csv,explicit_input,calibrated_csv,python_generated_isa_plus_offset
ENG_0001,171.0,temp_mission_001,NORMAL,CLIMB,42,stage5_mission_generator,3869.3997192789366,1179.39303443622,7.338588555827706,879.3593889556206,73.99035393195669,4839.421235917402,27.291156037477425,53.85175839399763,8.912872027458924,0.6165778771289667,284.4570066138881,65.30814965279343,396.23549709175296,426.10906374658373,455.98263040141444,485.8561970562452,441.0458470739991,485.8561970562452,396.23549709175296,89.62069996449225,3.051748014343023,69.5947350784858,14.5,91.0,36.39421235917402,34.23363359509142,14.330486100456012,420.0,True,True,2400.0,8.0,171.0,0.3029722710519931,80.65702059862336,0.3029722710519931,0.18178336263119585,0.12118890842079724,True,False,False,True,python_mission_generator,csv_authoritative,validated_csv,explicit_input,calibrated_csv,python_generated_isa_plus_offset
ENG_0001,172.0,temp_mission_001,NORMAL,CLIMB,42,stage5_mission_generator,3898.315237354085,1188.2064843455253,7.281335830038912,878.4158089985037,73.8882991622797,4833.297949736781,27.16416380092855,53.66908047675172,8.877109569692992,0.6152120779294251,284.3928223889626,65.27828618539205,395.8056321861835,425.6528886216492,455.50014505711493,485.3474014925806,440.57651683938207,485.3474014925806,395.8056321861835,89.5417693063971,3.0473020727109863,69.58466161981399,14.5,91.0,36.332979497367816,34.1662774471046,14.329405520541785,420.0,True,True,2400.0,8.0,172.0,0.30267253417642725,80.55496582894635,0.30267253417642725,0.18160352050585635,0.12106901367057091,True,False,False,True,python_mission_generator,csv_authoritative,validated_csv,explicit_input,calibrated_csv,python_generated_isa_plus_offset
ENG_0001,173.0,temp_mission_001,NORMAL,CLIMB,42,stage5_mission_generator,3926.9496834232386,1196.934263507403,7.224639626821988,877.4822091727445,73.7872364114474,4827.234184686844,27.03840598676078,53.48772155827332,8.841694739305465,0.613859554920191,284.3292620639378,65.24871300449587,395.37994576328924,425.2011477267058,455.0223496901224,484.84355165353895,440.1117487084141,484.84355165353895,395.37994576328924,89.46360589024971,3.042899347656631,69.57468607974869,14.5,91.0,36.27234184686844,34.09957603155529,14.328335444356503,420.0,True,True,2400.0,8.0,173.0,0.3023757108798148,80.45390307811407,0.3023757108798148,0.18142542652788887,0.12095028435192592,True,False,False,True,python_mission_generator,csv_authoritative,validated_csv,explicit_input,calibrated_csv,python_generated_isa_plus_offset
ENG_0001,174.0,temp_mission_001,NORMAL,CLIMB,42,stage5_mission_generator,3955.295739173833,1205.5741413001845,7.16851443643581,876.5588035768986,73.68719150879824,4821.2314905278945,26.913914735808547,53.30773985742035,8.80663658752078,0.6125206537753557,284.2663418833858,65.21943766833672,394.9585466188292,424.7539565164424,454.5493664140556,484.3447763116688,439.651661465249,484.3447763116688,394.9585466188292,89.3862296928396,3.0385409644162524,69.56481100781085,14.5,91.0,36.212314905278944,34.03354639580684,14.327276145387275,420.0,True,True,2400.0,8.0,174.0,0.3020818770234331,80.35385817546491,0.3020818770234331,0.18124912621405984,0.12083275080937324,True,False,False,True,python_mission_generator,csv_authoritative,validated_csv,explicit_input,calibrated_csv,python_generated_isa_plus_offset
ENG_0001,175.0,temp_mission_001,NORMAL,CLIMB,42,stage5_mission_generator,3983.346218584992,1214.1239274247057,7.112974487201716,875.6458014645164,73.58818981675886,4815.2913890055315,26.790721607902874,53.129193169477304,8.771944001946194,0.6111957139203288,284.2040777982287,65.19046759851776,394.5415415818827,424.3114283584962,454.08131513510966,483.85120191172314,439.1963717468029,483.85120191172314,394.5415415818827,89.30966032984043,3.0342280278854754,69.55503890743421,14.5,91.0,36.152913890055316,33.96820527906085,14.326227892177446,420.0,True,True,2400.0,8.0,175.0,0.30179110709723045,80.25485648342553,0.30179110709723045,0.18107466425833826,0.12071644283889219,True,False,False,True,python_mission_generator,csv_authoritative,validated_csv,explicit_input,calibrated_csv,python_generated_isa_plus_offset
ENG_0001,176.0,temp_mission_001,NORMAL,CLIMB,42,stage5_mission_generator,4011.094071924165,1222.5814731224855,7.0580337375901525,874.7434071536086,73.49025621673825,4809.415373004294,26.668857564318607,52.95213882085956,8.73762570162875,0.6098850683430597,284.1424854568675,65.16181007588581,394.1290354554355,423.8736744704019,453.61831348536833,483.36295250033476,438.7459939778851,483.36295250033476,394.1290354554355,89.23391704489927,3.0299616220047416,69.54537223457305,14.5,91.0,36.09415373004295,33.90356910304724,14.325190948177228,420.0,True,True,2400.0,8.0,176.0,0.30150347417839685,80.1569228834049,0.30150347417839685,0.1809020845070381,0.12060138967135875,True,False,False,True,python_mission_generator,csv_authoritative,validated_csv,explicit_input,calibrated_csv,python_generated_isa_plus_offset
ENG_0001,177.0,temp_mission_001,NORMAL,CLIMB,42,stage5_mission_generator,4038.5323897437474,1230.9446723938943,7.00370586830738,873.8518199365651,73.39341509502206,4803.604905701324,26.548352950222057,52.77663362315079,8.703690232112317,0.6085890434052611,284.08158019631054,65.13347223640376,393.7211309569637,423.44080385653956,453.1604767561155,482.88014965569135,438.3006403063275,482.88014965569135,393.7211309569637,89.15901869872766,3.025742809144807,69.53581339630978,14.5,91.0,36.036049057013244,33.839653962714564,14.324165571594351,420.0,True,True,2400.0,8.0,177.0,0.30121904988993525,80.06008176168874,0.30121904988993525,0.18073142993396116,0.12048761995597411,True,False,False,True,python_mission_generator,csv_authoritative,validated_csv,explicit_input,calibrated_csv,python_generated_isa_plus_offset
ENG_0001,178.0,temp_mission_001,NORMAL,CLIMB,42,stage5_mission_generator,4065.654406877715,1239.2114632163275,6.950004274382124,872.9712339904852,73.29769032866689,4797.861419720013,26.429237477118395,52.60273382650266,8.670145960494581,0.6073079586536323,284.02137703330186,65.10546106702284,393.3179286590196,423.01292324508364,452.70791783114765,482.40291241721167,437.86042053811565,482.40291241721167,393.3179286590196,89.08498375819204,3.0215726294922294,69.5263647494626,14.5,91.0,35.97861419720013,33.776475616920145,14.323152015244709,420.0,True,True,2400.0,8.0,178.0,0.3009379043592327,79.96435699533355,0.3009379043592327,0.1805627426155396,0.12037516174369307,True,False,False,True,python_mission_generator,csv_authoritative,validated_csv,explicit_input,calibrated_csv,python_generated_isa_plus_offset
ENG_0001,179.0,temp_mission_001,NORMAL,CLIMB,42,stage5_mission_generator,4092.4535064382594,1247.3798287623815,6.896942057252247,872.1018382878357,73.20310527139438,4792.186316283663,26.311540205299,52.43049507242826,8.637001070484029,0.6060421266310795,283.9618906554503,65.077783401555,392.9195269298168,422.5901370249514,452.2607471200859,481.9313572152205,437.42544207251865,481.9313572152205,392.9195269298168,89.01183028540368,3.017452100434868,69.51702859919328,14.5,91.0,35.92186316283662,33.71404947912029,14.322150526403,420.0,True,True,2400.0,8.0,179.0,0.3006601061766313,79.86977193806105,0.3006601061766313,0.18039606370597877,0.12026404247065253,True,False,False,True,python_mission_generator,csv_authoritative,validated_csv,explicit_input,calibrated_csv,python_generated_isa_plus_offset
ENG_0001,180.0,temp_mission_001,NORMAL,CLIMB,42,stage5_mission_generator,4118.923223812413,1255.4477986180236,6.844532016851421,871.2438165074094,73.1096827394856,4786.580964369136,26.19528952628907,52.25997234602391,8.604263557456973,0.604791852687941,283.9031354123577,65.05044591654531,392.52602187381495,422.1725471827515,451.8190724916881,481.4655978006246,436.9958098372198,481.4655978006246,392.52602187381495,88.93957592680965,3.013382215947371,69.50780719761474,14.5,91.0,35.865809643691364,33.6523906080605,14.321161346653376,420.0,True,True,2400.0,8.0,180.0,0.3003857223539995,79.77634940615228,0.3003857223539995,0.1802314334123997,0.12015428894159981,True,False,False,True,python_mission_generator,csv_authoritative,validated_csv,explicit_input,calibrated_csv,python_generated_isa_plus_offset
ENG_0001,181.0,temp_mission_001,NORMAL,CLIMB,42,stage5_mission_generator,4145.057250658675,1263.4134500007642,6.792786643695823,870.3973469455038,73.01744499767527,4781.046699860516,26.080513145294972,52.09121992765242,8.57194122351455,0.6035574347932086,283.84512530674766,65.02345512714419,392.1375072723052,421.7602532397328,451.38299920716037,481.00574517458796,436.5716262234466,481.00574517458796,392.1375072723052,88.86823790228277,3.0093639459766734,69.4987027423987,14.5,91.0,35.810466998605165,33.591513698465675,14.320184711740092,420.0,True,True,2400.0,8.0,181.0,0.3001148182833032,79.68411166434194,0.3001148182833032,0.18006889096998194,0.1200459273133213,True,False,False,True,python_mission_generator,csv_authoritative,validated_csv,explicit_input,calibrated_csv,python_generated_isa_plus_offset
ENG_0001,182.0,temp_mission_001,NORMAL,CLIMB,42,stage5_mission_generator,4170.849438903661,1271.274908977836,6.74171811097075,869.5626024272638,72.9264137450459,4775.584824702754,25.96723806365169,51.92429134412564,8.540041672539704,0.6023391633457499,283.78787398559433,64.99681738297987,391.7540745239953,421.3533521887328,450.9526298534702,480.5519075182077,436.1529910211015,480.5519075182077,391.7540745239953,88.7978329942124,3.0053982358274833,69.48971737538345,14.5,91.0,35.755848247027544,33.5314330717303,14.319220851418134,420.0,True,True,2400.0,8.0,182.0,0.2998474576951767,79.59308041171258,0.2998474576951767,0.179908474617106,0.11993898307807067,True,False,False,True,python_mission_generator,csv_authoritative,validated_csv,explicit_input,calibrated_csv,python_generated_isa_plus_offset
ENG_0001,183.0,temp_mission_001,NORMAL,CLIMB,42,stage5_mission_generator,4196.293804738709,1279.0303516843585,6.6913382666173575,868.7397502181396,72.8366101009222,4770.196606055332,25.85549056127035,51.75923931942381,8.508572305254223,0.6011373209855323,283.7313947312508,64.97053886403067,391.37581258559516,420.95193843112656,450.52806427665803,480.10419012218944,435.7400013538923,480.10419012218944,391.37581258559516,88.72837753659428,3.0014860055477834,69.48085318118144,14.5,91.0,35.701966060553325,33.472162666608654,14.318269989303882,420.0,True,True,2400.0,8.0,183.0,0.29958370261749384,79.50327676758887,0.29958370261749384,0.1797502215704963,0.11983348104699754,True,False,False,True,python_mission_generator,csv_authoritative,validated_csv,explicit_input,calibrated_csv,python_generated_isa_plus_offset
ENG_0001,184.0,temp_mission_001,NORMAL,CLIMB,42,stage5_mission_generator,4221.3845326165265,1286.6780055415175,6.641658625419277,867.9289519353857,72.74805459076521,4764.883275445912,25.745296179085617,51.59611572499106,8.477540314275718,0.5999521824048446,283.6757004525778,64.94462557649736,391.0028079124009,420.55610371377475,450.10939951514865,479.6626953165225,435.3327516144617,479.6626953165225,391.0028079124009,88.6598874041216,2.997628149314318,69.47211218578701,14.5,91.0,35.648832754459114,33.41371602990503,14.317332342725749,420.0,True,True,2400.0,8.0,184.0,0.2993236133339395,79.41472125743186,0.2993236133339395,0.17959416800036368,0.1197294453335758,True,False,False,True,python_mission_generator,csv_authoritative,validated_csv,explicit_input,calibrated_csv,python_generated_isa_plus_offset
ENG_0001,185.0,temp_mission_001,NORMAL,CLIMB,42,stage5_mission_generator,4246.115979247816,1294.2161504747344,6.592690361089325,867.1303634595577,72.66076713206654,4759.646027923992,25.63667970150309,51.434971529647925,8.446952679174622,0.5987840141595192,283.6208036760722,64.91908334867549,390.6351443988812,420.1659370659729,449.69672973306456,479.22752240015626,434.93133339951873,479.22752240015626,390.6351443988812,88.59237800127505,2.993825534818089,69.46349635518398,14.5,91.0,35.59646027923992,33.35610630716391,14.316408122574822,420.0,True,True,2400.0,8.0,185.0,0.29906724834258025,79.3274337987332,0.29906724834258025,0.17944034900554814,0.1196268993370321,True,False,False,True,python_mission_generator,csv_authoritative,validated_csv,explicit_input,calibrated_csv,python_generated_isa_plus_offset
ENG_0001,186.0,temp_mission_001,NORMAL,CLIMB,42,stage5_mission_generator,4270.482677597905,1301.6431201318417,6.544444298356147,866.3441348459298,72.57476702024269,4754.486021214561,25.529665138846884,51.275856749163715,8.416816161531202,0.5976330744801562,283.56671653699595,64.89391782682779,390.2729033192618,419.7815247363995,449.29014615353725,478.79876757067495,434.53583544496837,478.79876757067495,390.2729033192618,88.52586425141317,2.990079002649847,69.45500759395341,14.5,91.0,35.544860212145615,33.299346233360176,14.315497533155511,420.0,True,True,2400.0,8.0,186.0,0.2988146643144356,79.24143368690936,0.2988146643144356,0.17928879858866134,0.11952586572577424,True,False,False,True,python_mission_generator,csv_authoritative,validated_csv,explicit_input,calibrated_csv,python_generated_isa_plus_offset
ENG_0001,187.0,temp_mission_001,NORMAL,CLIMB,42,stage5_mission_generator,4294.4793408833775,1308.9573031012535,6.496930905050913,865.5704102357912,72.49007291452925,4749.404374871755,25.424275709807002,51.11882039553121,8.387137299992576,0.5964996130833453,283.5134507705044,64.86913447105648,389.9161632681107,419.402950130065,448.8897369920193,478.3765238539736,434.14634356104216,478.3765238539736,389.9161632681107,88.46036058586287,2.9863893656855853,69.44664774388126,14.5,91.0,35.49404374871755,33.2434481235893,14.314600772036192,420.0,True,True,2400.0,8.0,187.0,0.29856591605204935,79.15673958119592,0.29856591605204935,0.1791395496312296,0.11942636642081975,True,False,False,True,python_mission_generator,csv_authoritative,validated_csv,explicit_input,calibrated_csv,python_generated_isa_plus_offset
ENG_0001,188.0,temp_mission_001,NORMAL,CLIMB,42,stage5_mission_generator,4318.100866568708,1316.1571441301421,6.450160284193959,864.8093277675408,72.40670282387515,4744.402169432509,25.320533823886773,50.96391042598907,8.357922405329683,0.5953838709828883,283.4610177027749,64.84473855117562,389.56500010092356,419.0302937452601,448.4955873895967,477.9608810339333,433.7629405674284,477.9608810339333,389.56500010092356,88.39588093300972,2.982757408472034,69.43841858256593,14.5,91.0,35.444021694325095,33.188423863757606,14.313718029899855,420.0,True,True,2400.0,8.0,188.0,0.2983210564480604,79.07336949054182,0.2983210564480604,0.17899263386883624,0.11932842257922416,True,False,False,True,python_mission_generator,csv_authoritative,validated_csv,explicit_input,calibrated_csv,python_generated_isa_plus_offset
ENG_0001,189.0,temp_mission_001,NORMAL,CLIMB,42,stage5_mission_generator,4341.342340362886,1323.2411453426078,6.404142166081487,864.0610194875479,72.32467409283687,4739.480445570212,25.218461063850313,50.81117369183772,8.329177555494306,0.5942860803010211,283.40942824213556,64.82073514258343,389.2194868747084,418.66363311050463,448.10777934630084,477.55192558209706,433.38570622840274,477.55192558209706,389.2194868747084,88.33243870738863,2.9791838866121494,69.43032182202619,14.5,91.0,35.39480445570212,33.13428490127234,14.312849490394743,420.0,True,True,2400.0,8.0,189.0,0.2980801364437739,78.99134075950354,0.2980801364437739,0.17884808186626433,0.11923205457750957,True,False,False,True,python_mission_generator,csv_authoritative,validated_csv,explicit_input,calibrated_csv,python_generated_isa_plus_offset
ENG_0001,190.0,temp_mission_001,NORMAL,CLIMB,42,stage5_mission_generator,4364.199040216046,1330.207867457851,6.358885900372227,863.3256112606904,72.24400338747279,4734.640203248367,25.118078168170044,50.660655887095395,8.300908590676082,0.593206464079639,283.3586928701939,64.79712912213469,388.87969378857156,418.3030427214962,447.72639165442075,477.1497405873454,433.01471718795847,477.1497405873454,388.87969378857156,88.27004679877382,2.9756695261506136,69.42235910730857,14.5,91.0,35.34640203248367,33.08104223573203,14.311995329985006,420.0,True,True,2400.0,8.0,190.0,0.2978432049877327,78.91067005413944,0.2978432049877327,0.17870592299263963,0.11913728199509309,True,False,False,True,python_mission_generator,csv_authoritative,validated_csv,explicit_input,calibrated_csv,python_generated_isa_plus_offset
ENG_0001,191.0,temp_mission_001,NORMAL,CLIMB,42,stage5_mission_generator,4386.666440316109,1337.0559310083502,6.314400448174103,862.6032226805364,72.16470668123726,4729.882400874236,25.019405013473996,50.51240149704194,8.27312110835947,0.5921452360915151,283.30882163296536,64.77392516401302,388.54568812430153,417.9485939780581,447.3514998318147,476.75440568557127,432.6500469049364,476.75440568557127,388.54568812430153,88.20871756126974,2.9722150229593214,69.41453201509522,14.5,91.0,35.29882400874236,33.028706409616596,14.311155717801336,420.0,True,True,2400.0,8.0,191.0,0.2976103089942881,78.83137334790393,0.2976103089942881,0.17856618539657285,0.11904412359771524,True,False,False,True,python_mission_generator,csv_authoritative,validated_csv,explicit_input,calibrated_csv,python_generated_isa_plus_offset
ENG_0001,192.0,temp_mission_001,NORMAL,CLIMB,42,stage5_mission_generator,4408.740215085398,1343.7840175580293,6.270694374130914,861.8939669790964,72.08679924087507,4725.207954452504,24.917924805548587,50.35728724690238,8.245399543118989,0.5911158173871396,283.2625589186537,64.75024559471017,388.20870424889705,417.59076732714993,446.97283040540276,476.35489348365564,432.28179886627635,476.35489348365564,388.20870424889705,88.1461892347586,2.968798534085099,69.40616168359479,14.5,91.0,35.25207954452504,32.977287498977546,14.310330815491618,420.0,True,True,2400.0,8.0,192.0,0.29738062934189574,78.75346590754174,0.29738062934189574,0.17842837760513744,0.1189522517367583,True,False,False,True,python_mission_generator,csv_authoritative,validated_csv,explicit_input,calibrated_csv,python_generated_isa_plus_offset
ENG_0001,193.0,temp_mission_001,NORMAL,CLIMB,42,stage5_mission_generator,4430.416243177279,1350.3908709204347,6.227775838508988,861.1979509360907,72.01029561231549,4720.617736738929,24.82079146162001,50.20976329210967,8.219530447128298,0.5898926703640439,283.21772025593634,64.72642472445072,387.8839083074414,417.2453960652664,446.6068838230915,475.9683715809165,431.92613994417894,475.9683715809165,387.8839083074414,88.08446327347508,2.9654032158183705,69.39831992112524,14.5,91.0,35.206177367389294,32.92679510412822,14.309520777071576,420.0,True,True,2400.0,8.0,193.0,0.29715556795546516,78.67696227898215,0.29715556795546516,0.1782933407732791,0.11886222718218607,True,False,False,True,python_mission_generator,csv_authoritative,validated_csv,explicit_input,calibrated_csv,python_generated_isa_plus_offset
ENG_0001,194.0,temp_mission_001,NORMAL,CLIMB,42,stage5_mission_generator,4451.690611472794,1356.8752983769077,6.185652589283867,860.5152747876764,71.93520960656662,4716.112576393996,24.743599445772258,50.10142694292895,8.199165099571777,0.5889209194132827,283.1762037549644,64.70802686756772,387.60612714340294,416.9511786697834,446.29623019616383,475.6412817225443,431.6237044329736,475.6412817225443,387.60612714340294,88.03515457914136,2.962233505956336,69.39334468266698,14.5,91.0,35.161125763939964,32.87723834033396,14.30872574877541,420.0,True,True,2400.0,8.0,194.0,0.29693813249882933,78.60187627323327,0.29693813249882933,0.1781628794992976,0.11877525299953173,True,False,False,True,python_mission_generator,csv_authoritative,validated_csv,explicit_input,calibrated_csv,python_generated_isa_plus_offset
ENG_0001,195.0,temp_mission_001,NORMAL,CLIMB,42,stage5_mission_generator,4472.559619077276,1363.2361718947536,6.144331954226994,859.8460321345827,71.86155428560961,4711.693257136577,24.670706105066504,50.00068483118894,8.179970987575963,0.5880033384358736,283.13586664697897,64.69075608911297,387.3400292500131,416.6695434848637,445.99905771971436,475.32857195456495,431.33430060228903,475.32857195456495,387.3400292500131,87.98854270455183,2.9591495518983493,69.38888842152157,14.5,91.0,35.116932571365766,32.82862582850235,14.307945868906454,420.0,True,True,2400.0,8.0,195.0,0.29672537868639676,78.52822095227629,0.29672537868639676,0.17803522721183804,0.1186901514745587,True,False,False,True,python_mission_generator,csv_authoritative,validated_csv,explicit_input,calibrated_csv,python_generated_isa_plus_offset
ENG_0001,196.0,temp_mission_001,NORMAL,CLIMB,42,stage5_mission_generator,4493.019781317,1369.4724293454217,6.103820832992341,859.1903098495847,71.78934194829294,4707.360516897576,24.599240820022725,49.90173272806585,8.161152908013934,0.5871037338153915,283.0963197845069,64.67382366300589,387.07914448857224,416.39342582344545,445.7077071583187,475.02198849319194,431.0505664908821,475.02198849319194,387.07914448857224,87.9428440046197,2.956126015678414,69.3845194631242,14.5,91.0,35.07360516897576,32.78096568587334,14.307181267687808,420.0,True,True,2400.0,8.0,196.0,0.2965167929403953,78.4560086149596,0.2965167929403953,0.17791007576423717,0.11860671717615812,True,False,False,True,python_mission_generator,csv_authoritative,validated_csv,explicit_input,calibrated_csv,python_generated_isa_plus_offset
ENG_0001,197.0,temp_mission_001,NORMAL,CLIMB,42,stage5_mission_generator,4513.067833735796,1375.5830757226706,6.0641256892031254,858.5481879842748,71.71858411622661,4703.115046973597,24.52921499305738,49.80459687654539,8.142713863344571,0.5862222490853923,283.05756947732203,64.65723229084597,386.82351448371924,416.1228697406045,445.42222499748976,474.721580254375,430.7725473690471,474.721580254375,386.82351448371924,87.89806577065576,2.953163379707244,69.38023850455019,14.5,91.0,35.03115046973597,32.73426551670956,14.306432067112988,420.0,True,True,2400.0,8.0,197.0,0.2963124085410609,78.38525078289328,0.2963124085410609,0.17778744512463654,0.11852496341642436,True,False,False,True,python_mission_generator,csv_authoritative,validated_csv,explicit_input,calibrated_csv,python_generated_isa_plus_offset
ENG_0001,198.0,temp_mission_001,NORMAL,CLIMB,42,stage5_mission_generator,4532.700736091693,1381.5671843607481,6.025252542538446,857.9197396750646,71.64929151967638,4698.957491180583,24.460639243429313,49.70930238146855,8.124656649807449,0.5853590179210493,283.01962160182137,64.64098448867736,386.5731780011685,415.85791626556124,445.14265452995403,474.42739279434676,430.50028539775764,474.42739279434676,386.5731780011685,87.85421479317824,2.950262093261906,69.37604619499726,14.5,91.0,34.98957491180583,32.68853240298641,14.305698380796574,420.0,True,True,2400.0,8.0,198.0,0.2961122564828271,78.31595818634305,0.2961122564828271,0.17766735388969623,0.11844490259313084,True,False,False,True,python_mission_generator,csv_authoritative,validated_csv,explicit_input,calibrated_csv,python_generated_isa_plus_offset
ENG_0001,199.0,temp_mission_001,NORMAL,CLIMB,42,stage5_mission_generator,4551.915676353538,1387.4238981525586,5.987206960819993,857.3050310483803,71.5814740834581,4694.888445007486,24.393523393280002,49.61587317283455,8.106983853746963,0.584514163963426,282.9824815932994,64.62508258368153,386.32817089674876,415.5986033477442,444.8690357987397,474.1394682497351,430.23381957324193,474.1394682497351,386.32817089674876,87.81129735298634,2.9474225718952187,69.37194313493212,14.5,91.0,34.94888445007486,32.64377289508234,14.304980313824851,420.0,True,True,2400.0,8.0,199.0,0.2959163654335807,78.24814075012476,0.2959163654335807,0.1775498192601484,0.11836654617343229,True,False,False,True,python_mission_generator,csv_authoritative,validated_csv,explicit_input,calibrated_csv,python_generated_isa_plus_offset
ENG_0001,200.0,temp_mission_001,NORMAL,CLIMB,42,stage5_mission_generator,4570.710074697636,1393.1524307678394,5.949994052098681,856.7041211249766,71.51514091283187,4690.908454769912,24.327876453673642,49.52433196935204,8.089697847936456,0.5836878006437496,282.94615443822363,64.60952871086958,386.08852606544303,415.3449658028541,444.60140554026515,473.85784527767623,429.97318567155963,473.85784527767623,386.08852606544303,87.7693192122332,2.944645196845135,69.36792987523718,14.5,91.0,34.90908454769912,32.599993002469034,14.304277962606456,420.0,True,True,2400.0,8.0,200.0,0.2957247616939172,78.18180757949854,0.2957247616939172,0.1774348570163503,0.11828990467756689,True,False,False,True,python_mission_generator,csv_authoritative,validated_csv,explicit_input,calibrated_csv,python_generated_isa_plus_offset
ENG_0001,201.0,temp_mission_001,NORMAL,CLIMB,42,stage5_mission_generator,4589.081587504381,1398.7520678713354,5.913618456741327,856.1170617233437,71.4503002793963,4687.018016763778,24.26370661063738,49.434700242276406,8.072800787902347,0.5828800310076853,282.91064466650914,64.59432480977483,385.854273390428,415.09703525892775,444.3397971274275,473.5825589959273,429.71841619317763,473.5825589959273,385.854273390428,87.72828560549931,2.9419303144441367,69.36400691635697,14.5,91.0,34.870180167637784,32.55719818440156,14.30359141472302,420.0,True,True,2400.0,8.0,201.0,0.29553746915639617,78.11696694606297,0.29553746915639617,0.1773224814938377,0.11821498766255847,True,False,False,True,python_mission_generator,csv_authoritative,validated_csv,explicit_input,calibrated_csv,python_generated_isa_plus_offset
ENG_0001,202.0,temp_mission_001,NORMAL,CLIMB,42,stage5_mission_generator,4607.028111354871,1404.2221683409648,5.878084339517356,855.5438973621398,71.38695960698281,4683.217576418969,24.2010212112015,49.34699817956883,8.056294608248272,0.5820909475396105,282.8759563437943,64.57947262114521,385.6254396921135,414.85484010240225,444.08424051269105,473.3136409229798,429.46954030754665,473.3136409229798,385.6254396921135,87.6882012308663,2.9392782355286267,69.36017470744478,14.5,91.0,34.832175764189685,32.515393340608654,14.302920748779819,420.0,True,True,2400.0,8.0,202.0,0.2953545092647967,78.05362627364948,0.2953545092647967,0.17721270555887803,0.1181418037059187,True,False,False,True,python_mission_generator,csv_authoritative,validated_csv,explicit_input,calibrated_csv,python_generated_isa_plus_offset
ENG_0001,203.0,temp_mission_001,NORMAL,CLIMB,42,stage5_mission_generator,4624.547787027559,1409.5621654860001,5.843395381685433,854.9846651615995,71.32512545754979,4679.507527452987,24.13982674943949,49.26124465041395,8.040181018979194,0.5813206319868871,282.84209306371554,64.56497368363573,385.40204867718217,414.6184054241788,443.8347621711753,473.05111891817194,429.22658379767705,473.05111891817194,385.40204867718217,87.64907024098977,2.9366892348483167,69.35643364550928,14.5,91.0,34.79507527452987,32.47458280198286,14.302266034256409,420.0,True,True,2400.0,8.0,203.0,0.29517590097337293,77.99179212421646,0.29517590097337293,0.17710554058402375,0.11807036038934918,True,False,False,True,python_mission_generator,csv_authoritative,validated_csv,explicit_input,calibrated_csv,python_generated_isa_plus_offset
ENG_0001,204.0,temp_mission_001,NORMAL,CLIMB,42,stage5_mission_generator,4641.6390034948745,1414.7715682652379,5.80955477308015,854.4393947438858,71.26480351707691,4675.888211024615,24.080128852508334,49.17745717013202,8.02446150182554,0.5805691551841368,282.80905794018156,64.55082933050097,385.18412088762864,414.3877529656863,443.59138504374386,472.7950171218015,428.98956900471507,472.7950171218015,385.18412088762864,87.61089623417286,2.934163550475621,69.35278407456106,14.5,91.0,34.75888211024615,32.43477032127076,14.301627331357285,420.0,True,True,2400.0,8.0,204.0,0.2950016607061093,77.93147018374358,0.2950016607061093,0.17700099642366557,0.11800066428244371,True,False,False,True,python_mission_generator,csv_authoritative,validated_csv,explicit_input,calibrated_csv,python_generated_isa_plus_offset
ENG_0001,205.0,temp_mission_001,NORMAL,CLIMB,42,stage5_mission_generator,4658.300401919852,1419.849962505171,5.7765652041986915,853.9081081323335,71.20599858145934,4672.35991488756,24.02193226668864,49.0956518655203,8.009137306567341,0.579836576877514,282.7768535996497,64.53704068628761,384.9716736497991,414.1629010649455,443.354128480092,472.54535589523846,428.75851477251877,472.54535589523846,384.9716736497991,87.57368224543939,2.9317013832150463,69.34922628475923,14.5,91.0,34.7235991488756,32.39595906376316,14.301004690862511,420.0,True,True,2400.0,8.0,205.0,0.2948318023159761,77.872665248126,0.2948318023159761,0.17689908138958566,0.11793272092639046,True,False,False,True,python_mission_generator,csv_authoritative,validated_csv,explicit_input,calibrated_csv,python_generated_isa_plus_offset
ENG_0001,206.0,temp_mission_001,NORMAL,CLIMB,42,stage5_mission_generator,4674.530879652764,1424.7970121181627,5.744428858287526,853.3908196495233,71.14871454240202,4668.922872544121,23.965240843424798,49.01584344065812,7.994209447358353,0.5791229455489798,282.7454821734,64.52360866352674,384.7647210234312,413.94386460263377,443.1230081818363,472.3021517610389,428.53343639223505,472.3021517610389,384.7647210234312,87.53743073760768,2.9293028960125826,69.34576051155796,14.5,91.0,34.68922872544121,32.35815159798533,14.300398153978374,420.0,True,True,2400.0,8.0,206.0,0.29466633704418543,77.81538120906868,0.29466633704418543,0.17679980222651126,0.11786653481767417,True,False,False,True,python_mission_generator,csv_authoritative,validated_csv,explicit_input,calibrated_csv,python_generated_isa_plus_offset
ENG_0001,207.0,temp_mission_001,NORMAL,CLIMB,42,stage5_mission_generator,4690.329594227756,1429.6124603206201,5.713147403429042,852.8875358141809,71.0929543733138,4665.577262398828,23.910057525365122,48.93804514320954,7.979678699050169,0.5784282982405751,282.7149452898107,64.51053395942648,384.5632737506932,413.7306549481476,442.8980361456021,472.0654173430565,428.31434554687485,472.0654173430565,384.5632737506932,87.50214359236327,2.9269682133650923,69.34238693485307,14.5,91.0,34.65577262398828,32.321349886387104,14.299807752188029,420.0,True,True,2400.0,8.0,207.0,0.2945052734794454,77.75962103998046,0.2945052734794454,0.17670316408766723,0.11780210939177815,True,False,False,True,python_mission_generator,csv_authoritative,validated_csv,explicit_input,calibrated_csv,python_generated_isa_plus_offset
ENG_0001,208.0,temp_mission_001,NORMAL,CLIMB,42,stage5_mission_generator,4705.695967359461,1434.2961308511638,5.682721984628266,852.3982552368236,71.0387201152019,4662.323206912114,23.85638433240215,48.86226873125597,7.965545593516387,0.5777526603786964,282.685244066633,64.49781705256437,384.36733920522346,413.5232799056678,442.67922060611204,471.83516130655636,428.1012502558899,471.83516130655636,384.36733920522346,87.4678221013329,2.924697420729707,69.3391056781287,14.5,91.0,34.623232069121144,32.28555527603326,14.299233507102137,420.0,True,True,2400.0,8.0,208.0,0.29434861751721697,77.70538678186857,0.29434861751721697,0.17660917051033018,0.1177394470068868,True,False,False,True,python_mission_generator,csv_authoritative,validated_csv,explicit_input,calibrated_csv,python_generated_isa_plus_offset
ENG_0001,209.0,temp_mission_001,NORMAL,CLIMB,42,stage5_mission_generator,4720.629688939654,1438.8479291888068,5.653153215899485,851.9229685141366,70.98601286256593,4659.1607717539555,23.804222347712663,48.788524440690004,7.951810415976706,0.5770960455983672,282.65637910326615,64.48545819957985,384.1769213411701,413.32174366022247,442.4665659792749,471.61138829832726,427.8941548197487,471.61138829832726,384.1769213411701,87.43446695715716,2.9224905639332115,69.33591680760377,14.5,91.0,34.59160771753955,32.25076848929351,14.298675430309522,420.0,True,True,2400.0,8.0,209.0,0.2941963723189685,77.65267952923259,0.2941963723189685,0.17651782339138108,0.1176785489275874,True,False,False,True,python_mission_generator,csv_authoritative,validated_csv,explicit_input,calibrated_csv,python_generated_isa_plus_offset
ENG_0001,210.0,temp_mission_001,NORMAL,CLIMB,42,stage5_mission_generator,4735.130721033873,1443.2678437711245,5.624441172352933,851.4616581220416,70.93483274929221,4656.089964957533,23.753571703797906,48.71682095320113,7.938473201321057,0.5764584555675123,282.6283504730327,64.47345743186673,383.9920206422303,413.1260467237518,442.2600728052733,471.39409888679484,427.69305976451255,471.39409888679484,383.9920206422303,87.40207824456456,2.920347648581436,69.3328203313786,14.5,91.0,34.56089964957533,32.216989614532864,14.2981335232278,420.0,True,True,2400.0,8.0,210.0,0.29404853827143146,77.60149941595888,0.29404853827143146,0.17642912296285887,0.11761941530857259,True,False,False,True,python_mission_generator,csv_authoritative,validated_csv,explicit_input,calibrated_csv,python_generated_isa_plus_offset
ENG_0001,211.0,temp_mission_001,NORMAL,CLIMB,42,stage5_mission_generator,4749.199301878029,1447.5559472124232,5.5965853822815035,851.0142983074211,70.88517893454814,4653.110736072888,23.70443156852386,48.647165364882625,7.925533730433765,0.5758398798112332,282.60115771545327,64.4618145522657,383.8126340706901,412.9361858811715,442.05973769165297,471.1832895021344,427.49796178641225,471.1832895021344,383.8126340706901,87.37065543144433,2.918268639468654,69.32981619858151,14.5,91.0,34.53110736072888,32.18421809680177,14.29760777695404,420.0,True,True,2400.0,8.0,211.0,0.293905112945856,77.55184560121481,0.293905112945856,0.17634306776751357,0.1175620451783424,True,False,False,True,python_mission_generator,csv_authoritative,validated_csv,explicit_input,calibrated_csv,python_generated_isa_plus_offset
ENG_0001,212.0,temp_mission_001,NORMAL,CLIMB,42,stage5_mission_generator,4762.835949875065,1451.71239752192,5.569584819247371,850.5808549784618,70.83704958867624,4650.222975320575,23.656800131161262,48.57956315548619,7.912991526517636,0.5752402955360797,282.5747998285215,64.45052913175667,383.6387550164637,412.752154136437,441.86555325641035,470.9789523763837,427.3088536964237,470.9789523763837,383.6387550164637,87.34019735992001,2.9162534599869634,69.3269042985154,14.5,91.0,34.50222975320575,32.15245272852632,14.297098172115396,420.0,True,True,2400.0,8.0,212.0,0.29376609105726614,77.50371625534291,0.29376609105726614,0.1762596546343597,0.11750643642290647,True,False,False,True,python_mission_generator,csv_authoritative,validated_csv,explicit_input,calibrated_csv,python_generated_isa_plus_offset
ENG_0001,213.0,temp_mission_001,NORMAL,CLIMB,42,stage5_mission_generator,4776.04146759159,1455.7374393219168,5.543437894168653,850.1612855935939,70.7904418790885,4647.42651274531,23.610674588425837,48.51401815835156,7.900845851418105,0.5746596674543248,282.5492752609795,64.43960050615142,383.4703732461329,412.5739406586071,441.6775080710814,470.7810754835556,427.12572436484425,470.7810754835556,383.4703732461329,87.31070223742267,2.914301991535682,69.32408445980431,14.5,91.0,34.4742651274531,32.12169164019841,14.29660467871976,420.0,True,True,2400.0,8.0,213.0,0.29363146442371535,77.45710854575516,0.29363146442371535,0.1761788786542292,0.11745258576948614,True,False,False,True,python_mission_generator,csv_authoritative,validated_csv,explicit_input,calibrated_csv,python_generated_isa_plus_offset
ENG_0001,214.0,temp_mission_001,NORMAL,CLIMB,42,stage5_mission_generator,4788.816945754468,1459.6314050659619,5.518142447406152,849.7555390490055,70.7453519561607,4644.721117369642,23.566051130518552,48.45053253103489,7.889095701947382,0.5740979476082386,282.5245819045925,64.42902777278593,383.30747485198697,412.40153072790844,441.49558660382996,470.58964247975143,426.9485586658692,470.58964247975143,383.30747485198697,87.28216762776447,2.912414072930743,69.32135644953996,14.5,91.0,34.447211173696424,32.091932291066065,14.296127256006407,420.0,True,True,2400.0,8.0,214.0,0.29350122192554223,77.41201862282738,0.29350122192554223,0.17610073315532535,0.1174004887702169,True,False,False,True,python_mission_generator,csv_authoritative,validated_csv,explicit_input,calibrated_csv,python_generated_isa_plus_offset
ENG_0001,215.0,temp_mission_001,NORMAL,CLIMB,42,stage5_mission_generator,4801.163767247497,1463.3947162570373,5.4936957408499545,849.3635555646907,70.70177493912648,4642.106496347589,23.522924927165633,48.389106726658525,7.8777398062085435,0.5735550751943614,282.50071708642383,64.41880978721287,383.15004220106164,412.2349056817988,441.31976916253603,470.4046326432732,426.7773374221674,470.4046326432732,383.15004220106164,87.25459044221157,2.9105894998140753,69.31871997242847,14.5,91.0,34.42106496347589,32.06317145982348,14.295665852296633,420.0,True,True,2400.0,8.0,215.0,0.29337534946462546,77.36844160579315,0.29337534946462546,0.17602520967877527,0.11735013978585018,True,False,False,True,python_mission_generator,csv_authoritative,validated_csv,explicit_input,calibrated_csv,python_generated_isa_plus_offset
ENG_0001,216.0,temp_mission_001,NORMAL,CLIMB,42,stage5_mission_generator,4813.083611108021,1467.0278846657247,5.470094450006119,848.98526656903,70.6597049019717,4639.582294118301,23.481290113658837,48.3297394660033,7.866776619919686,0.5730309763877774,282.47767756111034,64.40894515989412,382.9980538841788,412.0740428610315,441.1500318378842,470.22602081473696,426.61203734945786,470.22602081473696,382.9980538841788,87.22796693055818,2.9088280240630033,69.31617466993676,14.5,91.0,34.39582294118301,32.03540523530132,14.295220404844406,420.0,True,True,2400.0,8.0,216.0,0.2932538299236396,77.32637156863835,0.2932538299236396,0.17595229795418374,0.11730153196945584,True,False,False,True,python_mission_generator,csv_authoritative,validated_csv,explicit_input,calibrated_csv,python_generated_isa_plus_offset
ENG_0001,217.0,temp_mission_001,NORMAL,CLIMB,42,stage5_mission_generator,4824.5784565235335,1470.5315135483731,5.447334656083404,848.62059458187,70.61913485932871,4637.148091559722,23.44113977689568,48.272427710362,7.8562043227380745,0.5725255641663902,282.45545950313704,64.39943225289318,382.8514846649864,411.9189155557195,440.9863464464525,470.0537773371856,426.452631001086,470.0537773371856,382.8514846649864,87.20229267219918,2.907129353199638,69.31372011943925,14.5,91.0,34.371480915597225,32.00862900715694,14.29479083968701,420.0,True,True,2400.0,8.0,217.0,0.2931366431253105,77.28580152599537,0.2931366431253105,0.1758819858751863,0.11725465725012421,True,False,False,True,python_mission_generator,csv_authoritative,validated_csv,explicit_input,calibrated_csv,python_generated_isa_plus_offset
ENG_0001,218.0,temp_mission_001,NORMAL,CLIMB,42,stage5_mission_generator,4835.650586828361,1473.9062988652845,5.425411838079844,848.2694530960964,70.5800567523705,4634.803405142229,23.40246594141944,48.217166635170344,7.846020814584221,0.5720387381351936,282.4340584991123,64.3902691765677,382.71030542899723,411.7694929513985,440.8286804737998,469.88786799620107,426.29908671259915,469.88786799620107,382.71030542899723,87.17756256720384,2.905493149800258,69.31135583336444,14.5,91.0,34.34803405142229,31.98283745656452,14.294377071495688,420.0,True,True,2400.0,8.0,218.0,0.2930237657916707,77.24672341903715,0.2930237657916707,0.17581425947500243,0.1172095063166683,True,False,False,True,python_mission_generator,csv_authoritative,validated_csv,explicit_input,calibrated_csv,python_generated_isa_plus_offset
ENG_0001,219.0,temp_mission_001,NORMAL,CLIMB,42,stage5_mission_generator,4846.302593500254,1477.1530304988776,5.404320864869497,847.9317464576826,70.54246143470499,4632.547686082299,23.36525955545945,48.16394960443088,7.836223711966049,0.5715703843505476,282.41346954004297,64.38145378626187,382.5744831326291,411.6257400750921,440.67699701755515,469.72825396001815,426.1513685463236,469.72825396001815,382.5744831326291,87.15377082738905,2.9039190309047136,69.3090812583414,14.5,91.0,34.32547686082299,31.958024546905293,14.293979003426289,420.0,True,True,2400.0,8.0,219.0,0.2929151715033148,77.20912810137165,0.2929151715033148,0.1757491029019889,0.11716606860132593,True,False,False,True,python_mission_generator,csv_authoritative,validated_csv,explicit_input,calibrated_csv,python_generated_isa_plus_offset
ENG_0001,220.0,temp_mission_001,NORMAL,CLIMB,42,stage5_mission_generator,4856.537380157031,1480.2725934718633,5.384055987289077,847.6073697442127,70.5063386582693,4630.380319496158,23.32951047697126,48.112768145941295,7.8268103443030235,0.5711203751444517,282.3936870136092,64.37298367899893,382.4439807522439,411.4876177413749,440.53125473050585,469.57489171963687,426.00943623594037,469.57489171963687,382.4439807522439,87.13091096739299,2.902406567425807,69.30689577434642,14.5,91.0,34.30380319496158,31.934183514457743,14.29359652696991,420.0,True,True,2400.0,8.0,220.0,0.292810830658655,77.17300532493597,0.292810830658655,0.17568649839519299,0.117124332263462,True,False,False,True,python_mission_generator,csv_authoritative,validated_csv,explicit_input,calibrated_csv,python_generated_isa_plus_offset
ENG_0001,221.0,temp_mission_001,NORMAL,CLIMB,42,stage5_mission_generator,4866.358166553203,1483.2659691654162,5.364610830224658,847.296208641862,70.47167705922399,4628.300623553439,23.29520745967682,48.06361192733726,7.817777750250273,0.570688568948819,282.37470469643955,64.36485619017368,382.3187572331872,411.3550824984365,440.3914077636858,469.42773302893505,425.87324513106114,469.42773302893505,382.3187572331872,87.10897579574782,2.900955283558692,69.30479869384963,14.5,91.0,34.283006235534394,31.911306859087833,14.293229521803548,420.0,True,True,2400.0,8.0,221.0,0.2927107104331766,77.13834372589066,0.2927107104331766,0.17562642625990596,0.11708428417327064,True,False,False,True,python_mission_generator,csv_authoritative,validated_csv,explicit_input,calibrated_csv,python_generated_isa_plus_offset
ENG_0001,222.0,temp_mission_001,NORMAL,CLIMB,42,stage5_mission_generator,4875.768492576616,1486.1342365373528,5.3459783846983004,846.9981393208495,70.43846414384724,4626.307848630834,23.26233813910455,48.016468732957144,7.809122674022703,0.5702748101197482,282.3565157463861,64.35706839024482,382.1987674388281,411.22808657414595,440.25740570946385,469.2867248447817,425.7427461418049,469.2867248447817,382.1987674388281,87.0879574059536,2.8995646561902566,69.30278926096146,14.5,91.0,34.263078486308345,31.889386334939175,14.292877855640736,420.0,True,True,2400.0,8.0,222.0,0.2926147747386932,77.1051308105139,0.2926147747386932,0.1755688648432159,0.11704590989547728,True,False,False,True,python_mission_generator,csv_authoritative,validated_csv,explicit_input,calibrated_csv,python_generated_isa_plus_offset
ENG_0001,223.0,temp_mission_001,NORMAL,CLIMB,42,stage5_mission_generator,4884.772222245074,1488.8785733402985,5.3281509999547545,846.713028309347,70.40668627442915,4624.401176465749,23.23088901862962,47.97132444153358,7.800841561719149,0.5698789287617991,282.33911269479916,64.34961708142757,382.08396209959795,411.10657782211507,440.1291935446322,469.1518092671493,425.61788568337363,469.1518092671493,382.08396209959795,87.06784716755135,2.898234114308519,69.30086665057932,14.5,91.0,34.244011764657486,31.86841294112324,14.292541384082192,420.0,True,True,2400.0,8.0,223.0,0.2925229841826024,77.07335294109582,0.2925229841826024,0.17551379050956145,0.11700919367304097,True,False,False,True,python_mission_generator,csv_authoritative,validated_csv,explicit_input,calibrated_csv,python_generated_isa_plus_offset
ENG_0001,224.0,temp_mission_001,NORMAL,CLIMB,42,stage5_mission_generator,4893.373547702954,1491.5002573398606,5.3111203755481515,846.440732365871,70.37632865516605,4622.5797193099625,23.20084545551417,47.928163004714,7.792930557646511,0.5695007405522671,282.32248743880285,64.34249879438605,381.97428776203094,410.9904996677631,440.00671157349535,469.02292347922753,425.49860562062923,469.02292347922753,381.97428776203094,87.04863571719659,2.8969630384120206,69.29902996753412,14.5,91.0,34.22579719309962,31.848376912409588,14.292219950466464,420.0,True,True,2400.0,8.0,224.0,0.2924352960271415,77.0429953218327,0.2924352960271415,0.1754611776162849,0.11697411841085661,True,False,False,True,python_mission_generator,csv_authoritative,validated_csv,explicit_input,calibrated_csv,python_generated_isa_plus_offset
ENG_0001,225.0,temp_mission_001,NORMAL,CLIMB,42,stage5_mission_generator,4901.576993217876,1494.0006675328088,5.294877553428606,846.1810983501464,70.34737531805456,4620.842519083273,23.172191646947258,47.88696642640881,7.785385500643841,0.5691400465654535,282.30663123356976,64.33570978492575,381.86968673780257,410.87979105438006,439.8898953709576,468.8999996875351,425.38484321266884,468.8999996875351,381.86968673780257,87.03031294973255,2.8957507599192103,69.2972782457369,14.5,91.0,34.20842519083273,31.829267709916003,14.291913385720578,420.0,True,True,2400.0,8.0,225.0,0.292351664148642,77.01404198472122,0.292351664148642,0.1754109984891852,0.11694066565945681,True,False,False,True,python_mission_generator,csv_authoritative,validated_csv,explicit_input,calibrated_csv,python_generated_isa_plus_offset
ENG_0001,226.0,temp_mission_001,NORMAL,CLIMB,42,stage5_mission_generator,4909.3874191773,1496.3812853652412,5.279412910028945,845.9339630924752,70.319809108786,4619.18854652716,23.14491061608525,47.84771474296511,7.778201920406514,0.568796633096943,282.29153468459583,64.32924603068601,381.77009705276964,410.77438638919074,439.7786757256119,468.782965062033,425.2765310574013,468.782965062033,381.77009705276964,87.01286800926334,2.8945965605778388,69.29561044732542,14.5,91.0,34.191885465271596,31.81107401179876,14.291621508210675,420.0,True,True,2400.0,8.0,226.0,0.29227203899678605,76.98647577545266,0.29227203899678605,0.17536322339807162,0.11690881559871442,True,False,False,True,python_mission_generator,csv_authoritative,validated_csv,explicit_input,calibrated_csv,python_generated_isa_plus_offset
ENG_0001,227.0,temp_mission_001,NORMAL,CLIMB,42,stage5_mission_generator,4916.810026085156,1498.6436959507557,5.264716148351392,845.6991532616181,70.29361167264062,4617.616700358438,23.11898419809194,47.81038600415838,7.771375033810347,0.5684702714878757,282.2771877399759,64.32310322783252,381.67545239601,410.6742154894192,439.6729785828285,468.67174167623773,425.17359703612385,468.67174167623773,381.67545239601,86.99628928022776,2.8934996718743533,69.29402546181062,14.5,91.0,34.17616700358438,31.793783703942815,14.291344123592665,420.0,True,True,2400.0,8.0,227.0,0.2921963675538615,76.9602783393073,0.2921963675538615,0.1753178205323169,0.11687854702154461,True,False,False,True,python_mission_generator,csv_authoritative,validated_csv,explicit_input,calibrated_csv,python_generated_isa_plus_offset
ENG_0001,228.0,temp_mission_001,NORMAL,CLIMB,42,stage5_mission_generator,4923.850358558504,1500.789589288632,5.250776290054162,845.4764852312187,70.26876344038175,4616.125806422905,23.09439302617865,47.774956254993235,7.764899741235717,0.568160717949221,282.263579682678,64.31727678774972,381.58568206886133,410.5792035283521,439.5727249878428,468.5662464473335,425.07596425809743,468.5662464473335,381.58568206886133,86.9805643784722,2.8924592744432793,69.29252210522336,14.5,91.0,34.16125806422905,31.777383870651956,14.291081024662866,420.0,True,True,2400.0,8.0,228.0,0.2921245932940172,76.93543010704842,0.2921245932940172,0.17527475597641032,0.11684983731760688,True,False,False,True,python_mission_generator,csv_authoritative,validated_csv,explicit_input,calibrated_csv,python_generated_isa_plus_offset
ENG_0001,229.0,temp_mission_001,NORMAL,CLIMB,42,stage5_mission_generator,4930.514309324136,1502.8207614819967,5.237581667538212,845.2657649447942,70.24524361415011,4614.714616849006,23.071116517644487,47.741399518300994,7.758770622891697,0.5678677133860515,282.25069912281924,64.31176183373331,381.50071093396144,410.48927098140285,439.47783102884426,468.4663910762857,424.98355100512356,468.4663910762857,381.50071093396144,86.96568014232423,2.8914744974766218,69.29109911926088,14.5,91.0,34.14714616849006,31.761860785339067,14.290831991208648,420.0,True,True,2400.0,8.0,229.0,0.2920566561425185,76.91191028081677,0.2920566561425185,0.1752339936855111,0.11682266245700741,True,False,False,True,python_mission_generator,csv_authoritative,validated_csv,explicit_input,calibrated_csv,python_generated_isa_plus_offset
ENG_0001,230.0,temp_mission_001,NORMAL,CLIMB,42,stage5_mission_generator,4936.80812321521,1504.739115955996,5.225119916033885,845.0667877793264,70.22303015335808,4613.381809201485,23.049132859916444,47.709687778118045,7.752981935140195,0.5675909832218168,282.2385339899401,64.30655319768275,381.42045936428724,410.40433357217586,439.38820778006453,468.37208198795315,424.8962706761202,468.37208198795315,381.42045936428724,86.95162262366591,2.890544418133251,69.28975517043347,14.5,91.0,34.133818092014856,31.74719990121634,14.290596789859086,420.0,True,True,2400.0,8.0,230.0,0.2919924924350033,76.88969682002475,0.2919924924350033,0.17519549546100197,0.11679699697400132,True,False,False,True,python_mission_generator,csv_authoritative,validated_csv,explicit_input,calibrated_csv,python_generated_isa_plus_offset
ENG_0001,231.0,temp_mission_001,NORMAL,CLIMB,42,stage5_mission_generator,4942.738401167898,1506.5466646759753,5.213377965687563,844.8793384075016,70.20209976058389,4612.125985635033,23.028418996589654,47.67979096382698,7.747527606820061,0.5673302372226172,282.2270715252798,64.30164541679363,381.34484319219445,410.32430221853014,439.3037612448658,468.2832202712015,424.814031731698,468.2832202712015,381.34484319219445,86.93837707900707,2.8896680609482903,69.28848884921096,14.5,91.0,34.121259856350335,31.733385841985367,14.290375173935594,420.0,True,True,2400.0,8.0,231.0,0.2919320348767364,76.86876642725056,0.2919320348767364,0.17515922092604183,0.11677281395069457,True,False,False,True,python_mission_generator,csv_authoritative,validated_csv,explicit_input,calibrated_csv,python_generated_isa_plus_offset
ENG_0001,232.0,temp_mission_001,NORMAL,CLIMB,42,stage5_mission_generator,4948.312104218005,1508.2455293656478,5.2023420336483515,844.7031906586196,70.18242786746586,4610.945672047952,23.00895061346745,47.65167693503754,7.742401235571235,0.5670851693214772,282.2162982740514,64.29703273025024,381.27377365845706,410.24908297864323,439.2243922988294,468.19970161901557,424.7367376387363,468.19970161901557,381.27377365845706,86.92592796055851,2.8888443972425133,69.28729866916937,14.5,91.0,34.10945672047952,31.720402392527472,14.29016688330258,420.0,True,True,2400.0,8.0,232.0,0.29187521250186593,76.84909453413253,0.29187521250186593,0.17512512750111955,0.11675008500074638,True,False,False,True,python_mission_generator,csv_authoritative,validated_csv,explicit_input,calibrated_csv,python_generated_isa_plus_offset
ENG_0001,233.0,temp_mission_001,NORMAL,CLIMB,42,stage5_mission_generator,4953.536557497588,1509.8379427252648,5.191997616154778,844.5381073782537,70.16398862059675,4609.839317235805,22.990702124601697,47.625311467183124,7.737596084158876,0.5668554574426203,282.2062000777166,64.292709075918,381.20715736130677,410.1785769970754,439.149996632844,468.1214162686127,424.6642868149597,468.1214162686127,381.20715736130677,86.9142589073059,2.888072344531733,69.28618306613751,14.5,91.0,34.098393172358044,31.70823248959385,14.289971644218083,420.0,True,True,2400.0,8.0,233.0,0.29182195063267824,76.83065528726341,0.29182195063267824,0.17509317037960695,0.1167287802530713,True,False,False,True,python_mission_generator,csv_authoritative,validated_csv,explicit_input,calibrated_csv,python_generated_isa_plus_offset
ENG_0001,234.0,temp_mission_001,NORMAL,CLIMB,42,stage5_mission_generator,4958.419454231615,1511.3262496497964,5.1823294806214015,844.3838402866821,70.14675486741783,4608.80529204507,22.97364665833275,47.60065823780308,7.733105076797472,0.5666407633257406,282.19676206626076,64.28866808703586,381.1448962054727,410.11268045083347,439.08046469619427,468.048248941555,424.59657257351387,468.048248941555,381.1448962054727,86.9033527360823,2.8873507659361897,69.2851403973434,14.5,91.0,34.0880529204507,31.69685821249577,14.289789169184424,420.0,True,True,2400.0,8.0,234.0,0.2917721708388535,76.8134215340845,0.2917721708388535,0.1750633025033121,0.1167088683355414,True,False,False,True,python_mission_generator,csv_authoritative,validated_csv,explicit_input,calibrated_csv,python_generated_isa_plus_offset
ENG_0001,235.0,temp_mission_001,NORMAL,CLIMB,42,stage5_mission_generator,4962.968859734572,1512.7129084470976,5.1733216577255465,844.2401298361792,70.13069814211327,4607.8418885267965,22.95775604332984,47.57767881347991,7.72892079547499,0.5664407323502795,282.1879686504683,64.28490308890889,381.08688735122064,410.05128449543474,439.01568163964885,467.98007878386295,424.5334830675418,467.98007878386295,381.08688735122064,86.89319143264231,2.886678469589944,69.28416894056109,14.5,91.0,34.078418885267965,31.686260773794764,14.289619156798846,420.0,True,True,2400.0,8.0,235.0,0.29172579089672107,76.79736480877995,0.29172579089672107,0.17503547453803264,0.11669031635868843,True,False,False,True,python_mission_generator,csv_authoritative,validated_csv,explicit_input,calibrated_csv,python_generated_isa_plus_offset
ENG_0001,236.0,temp_mission_001,NORMAL,CLIMB,42,stage5_mission_generator,4967.193215407097,1514.0004920560834,5.164957433493948,844.1067050672161,70.11578865150436,4606.947319090262,22.943000794631125,47.556332637394554,7.725035476277005,0.5662549933596968,282.17980351419726,64.28140709560068,381.03302316339284,409.9942752109711,438.95552725854947,467.91677930612775,424.4749012347603,467.91677930612775,381.03302316339284,86.88375614273491,2.886054208050269,69.28326689325704,14.5,91.0,34.06947319090262,31.67642050999288,14.289461291604164,420.0,True,True,2400.0,8.0,236.0,0.29168272474851537,76.78245531817103,0.29168272474851537,0.17500963484910922,0.11667308989940615,True,False,False,True,python_mission_generator,csv_authoritative,validated_csv,explicit_input,calibrated_csv,python_generated_isa_plus_offset
ENG_0001,237.0,temp_mission_001,NORMAL,CLIMB,42,stage5_mission_generator,4971.101342732627,1515.1916892649049,5.157219341389398,843.9832834636514,70.10199526094367,4606.11971565662,22.929350099683838,47.53657701746166,7.7214410057108065,0.5660831584857458,282.17224960665465,64.27817280662579,380.9831911604471,409.94153354817274,438.8998759358983,467.85821832362393,424.4207047420355,467.85821832362393,380.9831911604471,86.87502716317681,2.8854766777070386,69.28243237173679,14.5,91.0,34.06119715656621,31.667316872222827,14.289315243939404,420.0,True,True,2400.0,8.0,237.0,0.29164288246163056,76.76866192761034,0.29164288246163056,0.17498572947697832,0.11665715298465223,True,False,False,True,python_mission_generator,csv_authoritative,validated_csv,explicit_input,calibrated_csv,python_generated_isa_plus_offset
ENG_0001,238.0,temp_mission_001,NORMAL,CLIMB,42,stage5_mission_generator,4974.702447274005,1516.2893059291168,5.15008915439747,843.8695708069904,70.0892854802094,4605.357128812564,22.91677180438458,47.51836711500196,7.718128917029551,0.565924822972747,282.1652891346712,64.27519260364224,380.9372739634965,409.89293527447194,438.84859658544724,467.80425789642265,424.3707659299596,467.80425789642265,380.9372739634965,86.86698393292613,2.884944518192121,69.28166341029153,14.5,91.0,34.05357128812564,31.658928416938206,14.289180669790452,420.0,True,True,2400.0,8.0,238.0,0.29160617018787677,76.75595214687607,0.29160617018787677,0.17496370211272605,0.11664246807515072,True,False,False,True,python_mission_generator,csv_authoritative,validated_csv,explicit_input,calibrated_csv,python_generated_isa_plus_offset
ENG_0001,239.0,temp_mission_001,NORMAL,CLIMB,42,stage5_mission_generator,4978.006122670113,1517.2962661898505,5.143547877113177,843.765261029788,70.0776254493996,4604.657526963976,22.90523239911943,47.50165593390517,7.715090386556398,0.5657795650018624,282.15890355497686,64.27245854714401,380.89514924534944,409.8483509200679,438.80155259478636,467.7547542695048,424.32495175742713,467.7547542695048,380.89514924534944,86.85960502415537,2.884456311788769,69.28095796034471,14.5,91.0,34.04657526963976,31.651232796603736,14.289057210640701,420.0,True,True,2400.0,8.0,239.0,0.291572490122735,76.74429211606626,0.291572490122735,0.174943494073641,0.116628996049094,True,False,False,True,python_mission_generator,csv_authoritative,validated_csv,explicit_input,calibrated_csv,python_generated_isa_plus_offset
ENG_0001,240.0,temp_mission_001,NORMAL,CLIMB,42,stage5_mission_generator,4981.022354632539,1518.215613691998,5.137575737827573,843.6700360683103,70.06697992482634,4604.01879548958,22.894697004804012,47.48639431023386,7.712316230008594,0.5656469455153672,282.15307356647503,64.26996237315343,380.85668967954797,409.8076457239897,438.7586017684315,467.70955781287324,424.2831237462106,467.70955781287324,380.85668967954797,86.85286813332527,2.8840105828410088,69.28031388959855,14.5,91.0,34.0401879548958,31.64420675038538,14.28894449332169,420.0,True,True,2400.0,8.0,240.0,0.29154174046461284,76.733646591493,0.29154174046461284,0.1749250442787677,0.11661669618584514,True,False,False,True,python_mission_generator,csv_authoritative,validated_csv,explicit_input,calibrated_csv,python_generated_isa_plus_offset
ENG_0001,241.0,temp_mission_001,NORMAL,CLIMB,42,stage5_mission_generator,4983.761524942156,1519.0505128023692,5.132152180614531,843.5835657145303,70.05731226491004,4603.438735894602,22.885129358923848,47.47253090221527,7.709796898821654,0.5655265080409253,282.14777910251854,64.26769548991376,380.8217628894082,409.7706795801607,438.7195962709131,467.66851296166556,424.2451379255369,467.66851296166556,380.8217628894082,86.84675007225735,2.883605797163033,69.27972898118063,14.5,91.0,34.03438735894602,31.637826094840626,14.288842129863754,420.0,True,True,2400.0,8.0,241.0,0.29151381537409976,76.72397893157671,0.29151381537409976,0.17490828922445986,0.11660552614963991,True,False,False,True,python_mission_generator,csv_authoritative,validated_csv,explicit_input,calibrated_csv,python_generated_isa_plus_offset
ENG_0001,242.0,temp_mission_001,NORMAL,CLIMB,42,stage5_mission_generator,4986.234415445787,1519.804249827876,5.127255857417342,843.5055074675785,70.0485844160737,4602.915064964422,22.876491801574435,47.46001218056278,7.7075224764734696,0.5654177785158636,282.142999323184,64.26564897458154,380.7902313970598,409.7373069834625,438.68438256986514,467.6314581562678,424.2108447766638,467.6314581562678,380.7902313970598,86.84122675920798,2.8832403614485917,69.27920093279054,14.5,91.0,34.029150649644215,31.632065714608636,14.288749717346663,420.0,True,True,2400.0,8.0,242.0,0.2914886049332227,76.71525108274037,0.2914886049332227,0.17489316295993362,0.11659544197328908,True,False,False,True,python_mission_generator,csv_authoritative,validated_csv,explicit_input,calibrated_csv,python_generated_isa_plus_offset
ENG_0001,243.0,temp_mission_001,NORMAL,CLIMB,42,stage5_mission_generator,4988.452212052831,1520.480234233703,5.122864620135395,843.4355063847615,70.04075689863707,4602.445413918224,22.868745261501363,47.44878241906689,7.7054826748084215,0.5653202651114433,282.1387126075469,64.26381356991908,380.7619525724849,409.7073769757987,438.65280137911253,467.5982257824263,424.1800891774556,467.5982257824263,380.7619525724849,86.8362732099414,2.8829126226803807,69.2787273558464,14.5,91.0,34.02445413918225,31.62689955310047,14.288666837750275,420.0,True,True,2400.0,8.0,243.0,0.2914659951047013,76.70742356530374,0.2914659951047013,0.17487959706282077,0.11658639804188052,True,False,False,True,python_mission_generator,csv_authoritative,validated_csv,explicit_input,calibrated_csv,python_generated_isa_plus_offset
ENG_0001,244.0,temp_mission_001,NORMAL,CLIMB,42,stage5_mission_generator,4990.426508731864,1521.081999861472,5.11895551271091,843.3731949322608,70.03378879271106,4602.027327562664,22.861849242140657,47.43878368539099,7.703666830361548,0.5652334580571368,282.1348965459571,64.26217968098705,380.73677858255803,409.68073309215913,438.62468760176023,467.5686421113613,424.1527103469597,467.5686421113613,380.73677858255803,86.8318635288033,2.882620867539438,69.27830577463148,14.5,91.0,34.02027327562664,31.622300603189306,14.288593057805176,420.0,True,True,2400.0,8.0,244.0,0.29144586769120384,76.70045545937774,0.29144586769120384,0.1748675206147223,0.11657834707648154,True,False,False,True,python_mission_generator,csv_authoritative,validated_csv,explicit_input,calibrated_csv,python_generated_isa_plus_offset
ENG_0001,245.0,temp_mission_001,NORMAL,CLIMB,42,stage5_mission_generator,4992.1693115073185,1521.6132061474307,5.11550476321551,843.3181928356565,70.02763772409182,4601.658263445509,22.855761807658787,47.42995583200274,7.702063900682635,0.565156829464899,282.1315279323132,64.26073737183675,380.7145563400858,409.6572133066837,438.5998702732815,467.5425272398794,424.1285417899826,467.5425272398794,380.7145563400858,86.82797089979363,2.8823633218145286,69.2779336254407,14.5,91.0,34.01658263445509,31.6182408979006,14.288527928843326,420.0,True,True,2400.0,8.0,245.0,0.291428100294602,76.69430439075849,0.291428100294602,0.1748568601767612,0.1165712401178408,True,False,False,True,python_mission_generator,csv_authoritative,validated_csv,explicit_input,calibrated_csv,python_generated_isa_plus_offset
ENG_0001,246.0,temp_mission_001,NORMAL,CLIMB,42,stage5_mission_generator,4993.69304245609,1522.077639340616,5.112487775936943,843.2701069303955,70.02225985015498,4601.335591009299,22.850439568992837,47.42223648716909,7.7006624606603555,0.5650898331534415,282.12858275633806,64.25947636220279,380.69512745284567,409.63664997872587,438.578172504606,467.5196950304862,424.10741124166594,467.5196950304862,380.69512745284567,86.82456757764055,2.8821381498115373,69.2776082557273,14.5,91.0,34.01335591009298,31.614691501102286,14.2884709866487,420.0,True,True,2400.0,8.0,246.0,0.2914125662752266,76.68892651682164,0.2914125662752266,0.17484753976513595,0.11656502651009065,True,False,False,True,python_mission_generator,csv_authoritative,validated_csv,explicit_input,calibrated_csv,python_generated_isa_plus_offset
ENG_0001,247.0,temp_mission_001,NORMAL,CLIMB,42,stage5_mission_generator,4995.01054370414,1522.479213721022,5.109879123465802,843.228531012374,70.01760984575009,4601.056590745005,22.84583766989084,47.4155610459389,7.699450698846424,0.5650319044725076,282.1260361958537,64.25838602419533,380.6783281726265,409.6188697989177,438.55941142520885,467.49995305150003,424.08914061206326,467.49995305150003,380.6783281726265,86.82162487887354,2.881943453762864,69.27732692324939,14.5,91.0,34.01056590745006,31.61162249819506,14.288421751307942,420.0,True,True,2400.0,8.0,247.0,0.29139913471112355,76.68427651241676,0.29139913471112355,0.17483948082667414,0.11655965388444943,True,False,False,True,python_mission_generator,csv_authoritative,validated_csv,explicit_input,calibrated_csv,python_generated_isa_plus_offset
ENG_0001,248.0,temp_mission_001,NORMAL,CLIMB,42,stage5_mission_generator,4996.135081423175,1522.8219728177837,5.107652538782114,843.1930456887566,70.01364088909467,4600.818453345681,22.841909772951823,47.4098626610322,7.6984164137797,0.5649824601271453,282.1238626090562,64.25745537899276,380.663989344267,409.6036937352326,438.5433981261982,467.4831025171638,424.0735459307154,467.4831025171638,380.663989344267,86.81911317289678,2.8817772732368083,69.27708679521653,14.5,91.0,34.008184533456806,31.609002986802487,14.288379727061002,420.0,True,True,2400.0,8.0,248.0,0.2913876703573084,76.68030755576135,0.2913876703573084,0.17483260221438504,0.11655506814292337,True,False,False,True,python_mission_generator,csv_authoritative,validated_csv,explicit_input,calibrated_csv,python_generated_isa_plus_offset
ENG_0001,249.0,temp_mission_001,NORMAL,CLIMB,42,stage5_mission_generator,4997.080349827258,1523.1100906273484,5.105780907342028,843.1632182292251,70.0103046476685,4600.61827886011,22.838608045665936,47.40507223355216,7.697547010310311,0.5649408980019801,282.1220355267908,64.25667309353403,380.651936354696,409.59093697905,438.5299376034041,467.46893822775814,424.06043729122706,467.46893822775814,380.651936354696,86.81700187306217,2.8816375845469624,69.27688494743627,14.5,91.0,34.0061827886011,31.60680106746121,14.288344402151784,420.0,True,True,2400.0,8.0,249.0,0.2913780336050223,76.67697131433516,0.2913780336050223,0.17482682016301337,0.11655121344200892,True,False,False,True,python_mission_generator,csv_authoritative,validated_csv,explicit_input,calibrated_csv,python_generated_isa_plus_offset
ENG_0001,250.0,temp_mission_001,NORMAL,CLIMB,42,stage5_mission_generator,4997.860475169419,1523.347872831639,5.10423625916455,843.138602417815,70.00755126410793,4600.453075846476,22.835883146454755,47.401118403431774,7.696829495923809,0.5649065969854905,282.120527644827,64.25602747721116,380.6419890819716,409.58040889121924,438.518828700467,467.45724850971465,424.0496187958431,467.45724850971465,380.6419890819716,86.81525942774306,2.881522300161605,69.2767183634608,14.5,91.0,34.00453075846476,31.604983834311238,14.28831524867879,420.0,True,True,2400.0,8.0,250.0,0.2913700804409876,76.6742179307746,0.2913700804409876,0.17482204826459255,0.11654803217639505,True,False,False,True,python_mission_generator,csv_authoritative,validated_csv,explicit_input,calibrated_csv,python_generated_isa_plus_offset
ENG_0001,251.0,temp_mission_001,NORMAL,CLIMB,42,stage5_mission_generator,4998.490019738316,1523.5397580162387,5.102989760918135,843.1187384055136,70.00532934210007,4600.319760526004,22.833684210711407,47.39792753952249,7.696250477065284,0.5648789167942807,282.1193108161335,64.25550647856174,380.6339618443207,409.5719129481233,438.5098640519259,467.4478151557285,424.0408885000246,467.4478151557285,380.6339618443207,86.8138533114078,2.8814292681130897,69.27658393373349,14.5,91.0,34.00319760526004,31.603517365786043,14.288291722445766,420.0,True,True,2400.0,8.0,251.0,0.29136366240666284,76.67199600876673,0.29136366240666284,0.1748181974439977,0.11654546496266514,True,False,False,True,python_mission_generator,csv_authoritative,validated_csv,explicit_input,calibrated_csv,python_generated_isa_plus_offset
ENG_0001,252.0,temp_mission_001,NORMAL,CLIMB,42,stage5_mission_generator,4998.983985854863,1523.6903188885624,5.102011708007373,843.1031525638303,70.00358593227696,4600.2151559366175,22.83195883684059,47.395423729227794,7.695796155463468,0.564857197797354,282.1183560431533,64.2550976819613,380.6276633491786,409.56524668774273,438.5028300263068,467.44041336487095,424.03403835702477,467.44041336487095,380.6276633491786,86.81275001569236,2.8813562714072325,69.27647845473544,14.5,91.0,34.002151559366176,31.602366715302793,14.288273262812345,420.0,True,True,2400.0,8.0,252.0,0.2913586265574984,76.67025259894362,0.2913586265574984,0.17481517593449902,0.11654345062299937,True,False,False,True,python_mission_generator,csv_authoritative,validated_csv,explicit_input,calibrated_csv,python_generated_isa_plus_offset
ENG_0001,253.0,temp_mission_001,NORMAL,CLIMB,42,stage5_mission_generator,4999.357819868815,1523.8042634960148,5.101271516659747,843.0913573395198,70.00226651811006,4600.135991086604,22.830653072299075,47.393528767582346,7.695452324454938,0.5648407608403881,282.1176334700787,64.25478830431595,380.6228966422285,409.5602016557199,438.49750666921136,467.43481168270273,424.0288541624656,467.43481168270273,380.6228966422285,86.81191504047422,2.8813010274327135,69.27639862813214,14.5,91.0,34.00135991086604,31.601495901952646,14.288259292544694,420.0,True,True,2400.0,8.0,253.0,0.29135481542219227,76.66893318477673,0.29135481542219227,0.17481288925331537,0.11654192616887692,True,False,False,True,python_mission_generator,csv_authoritative,validated_csv,explicit_input,calibrated_csv,python_generated_isa_plus_offset
ENG_0001,254.0,temp_mission_001,NORMAL,CLIMB,42,stage5_mission_generator,4999.627416155466,1523.886436444186,5.100737716012178,843.082851110674,70.00131500180424,4600.078900108254,22.829711399635563,47.39216214566953,7.695204365308165,0.5648289070700079,282.11711237512617,64.25456519175462,380.61945905644086,409.55656335142277,438.49366764640473,467.43077194138664,424.02511549891375,467.43077194138664,380.61945905644086,86.81131288494578,2.881261187370455,69.27634105991999,14.5,91.0,34.00078900108254,31.600867901190792,14.288249217666163,420.0,True,True,2400.0,8.0,254.0,0.2913520669619449,76.6679816684709,0.2913520669619449,0.17481124017716693,0.11654082678477795,True,False,False,True,python_mission_generator,csv_authoritative,validated_csv,explicit_input,calibrated_csv,python_generated_isa_plus_offset
ENG_0001,255.0,temp_mission_001,NORMAL,CLIMB,42,stage5_mission_generator,4999.809121112233,1523.9418201150086,5.100377940197779,843.0771180444117,70.00067369019212,4600.040421411527,22.829076722530992,47.391241038269385,7.695037243547683,0.5648209177580582,282.1167611628116,64.25441481632171,380.617142161113,409.55411117400877,438.49108018690447,467.4280491998002,424.0225956804566,467.4280491998002,380.617142161113,86.81090703868722,2.8812343356030206,69.27630225957289,14.5,91.0,34.00040421411527,31.600444635526795,14.288242427307917,420.0,True,True,2400.0,8.0,255.0,0.2913502145297151,76.66734035685879,0.2913502145297151,0.17481012871782906,0.11654008581188605,True,False,False,True,python_mission_generator,csv_authoritative,validated_csv,explicit_input,calibrated_csv,python_generated_isa_plus_offset
ENG_0001,256.0,temp_mission_001,NORMAL,CLIMB,42,stage5_mission_generator,4999.9197371553255,1523.9755358849434,5.100158920432456,843.0736279563753,70.00028328062827,4600.016996837696,22.828690351838652,47.39068029062211,7.694935505278193,0.5648160541258787,282.11654735622534,64.25432327266954,380.61573171090856,409.5526183684886,438.4895050260687,467.4263916836487,424.02106169727864,467.4263916836487,380.61573171090856,86.81065997274015,2.8812179891240004,69.27627863918882,14.5,91.0,34.00016996837696,31.600186965214654,14.288238293559594,420.0,True,True,2400.0,8.0,256.0,0.29134908682947513,76.66694994729492,0.29134908682947513,0.1748094520976851,0.11653963473179006,True,False,False,True,python_mission_generator,csv_authoritative,validated_csv,explicit_input,calibrated_csv,python_generated_isa_plus_offset
ENG_0001,257.0,temp_mission_001,NORMAL,CLIMB,42,stage5_mission_generator,4999.976526716304,1523.9928453431296,5.100046477101719,843.0718361722982,70.00008284688363,4600.004970813018,22.82849199162452,47.39039240418866,7.6948832735087525,0.5648135571685792,282.116437589307,64.25427627475067,380.6150075948974,409.5518519717911,438.48869634868475,467.42554072557846,424.02027416023793,467.42554072557846,380.6150075948974,86.81053313068105,2.881209596947413,69.27626651263643,14.5,91.0,34.000049708130184,31.600054678943202,14.288236171319944,420.0,True,True,2400.0,8.0,257.0,0.2913485078754667,76.6667495135503,0.2913485078754667,0.17480910472528,0.11653940315018668,True,False,False,True,python_mission_generator,csv_authoritative,validated_csv,explicit_input,calibrated_csv,python_generated_isa_plus_offset
ENG_0001,258.0,temp_mission_001,NORMAL,CLIMB,42,stage5_mission_generator,4999.9972162387985,1523.9991515095858,5.100005511847177,843.0711833918787,70.00000982503954,4600.000589502372,22.828419725207233,47.39028752128447,7.694864244476832,0.5648126474793105,282.11639759912066,64.25425915251054,380.61474378559444,409.551572758826,438.4884017320575,467.4252307052891,424.01998724544177,467.4252307052891,380.61474378559444,86.81048691969465,2.8812065395170805,69.27626209470161,14.5,91.0,34.000005895023726,31.600006484526098,14.288235398147478,420.0,True,True,2400.0,8.0,258.0,0.29134829695145575,76.66667649170621,0.29134829695145575,0.17480897817087346,0.11653931878058231,True,False,False,True,python_mission_generator,csv_authoritative,validated_csv,explicit_input,calibrated_csv,python_generated_isa_plus_offset
ENG_0001,259.0,temp_mission_001,NORMAL,CRUISE,42,stage5_mission_generator,5000.0,1524.0,5.1,843.0710955607474,70.0,4600.0,22.828410001809857,47.39027340934568,7.6948616841335085,0.564812525081237,282.11639221846826,64.25425684872476,380.6147082902319,409.5515351909111,438.48836209159043,467.4251889922697,424.0199486412508,467.4251889922697,380.6147082902319,86.81048070203781,2.8812061281419057,69.27626150027149,14.5,91.0,34.0,31.6,14.288235294117648,420.0,True,True,2400.0,8.0,259.0,0.2913482685717733,76.66666666666667,0.2913482685717733,0.174808961143064,0.11653930742870933,True,False,False,True,python_mission_generator,csv_authoritative,validated_csv,explicit_input,calibrated_csv,python_generated_isa_plus_offset
ENG_0001,260.0,temp_mission_001,NORMAL,CRUISE,42,stage5_mission_generator,5000.0,1524.0,5.1,843.0710955607474,70.0,4600.0,22.828410001809857,47.39027340934568,7.6948616841335085,0.564812525081237,282.11639221846826,64.25425684872476,380.6147082902319,409.5515351909111,438.48836209159043,467.4251889922697,424.0199486412508,467.4251889922697,380.6147082902319,86.81048070203781,2.8812061281419057,69.27626150027149,14.5,91.0,34.0,31.6,14.288235294117648,420.0,True,True,2400.0,8.0,260.0,0.2913482685717733,76.66666666666667,0.2913482685717733,0.174808961143064,0.11653930742870933,True,False,False,True,python_mission_generator,csv_authoritative,validated_csv,explicit_input,calibrated_csv,python_generated_isa_plus_offset
ENG_0001,261.0,temp_mission_001,NORMAL,CRUISE,42,stage5_mission_generator,5000.0,1524.0,5.1,843.0710955607474,70.0,4600.0,22.828410001809857,47.39027340934568,7.6948616841335085,0.564812525081237,282.11639221846826,64.25425684872476,380.6147082902319,409.5515351909111,438.48836209159043,467.4251889922697,424.0199486412508,467.4251889922697,380.6147082902319,86.81048070203781,2.8812061281419057,69.27626150027149,14.5,91.0,34.0,31.6,14.288235294117648,420.0,True,True,2400.0,8.0,261.0,0.2913482685717733,76.66666666666667,0.2913482685717733,0.174808961143064,0.11653930742870933,True,False,False,True,python_mission_generator,csv_authoritative,validated_csv,explicit_input,calibrated_csv,python_generated_isa_plus_offset
ENG_0001,262.0,temp_mission_001,NORMAL,CRUISE,42,stage5_mission_generator,5000.0,1524.0,5.1,843.0710955607474,70.0,4600.0,22.828410001809857,47.39027340934568,7.6948616841335085,0.564812525081237,282.11639221846826,64.25425684872476,380.6147082902319,409.5515351909111,438.48836209159043,467.4251889922697,424.0199486412508,467.4251889922697,380.6147082902319,86.81048070203781,2.8812061281419057,69.27626150027149,14.5,91.0,34.0,31.6,14.288235294117648,420.0,True,True,2400.0,8.0,262.0,0.2913482685717733,76.66666666666667,0.2913482685717733,0.174808961143064,0.11653930742870933,True,False,False,True,python_mission_generator,csv_authoritative,validated_csv,explicit_input,calibrated_csv,python_generated_isa_plus_offset
ENG_0001,263.0,temp_mission_001,NORMAL,CRUISE,42,stage5_mission_generator,5000.0,1524.0,5.1,843.0710955607474,70.0,4600.0,22.828410001809857,47.39027340934568,7.6948616841335085,0.564812525081237,282.11639221846826,64.25425684872476,380.6147082902319,409.5515351909111,438.48836209159043,467.4251889922697,424.0199486412508,467.4251889922697,380.6147082902319,86.81048070203781,2.8812061281419057,69.27626150027149,14.5,91.0,34.0,31.6,14.288235294117648,420.0,True,True,2400.0,8.0,263.0,0.2913482685717733,76.66666666666667,0.2913482685717733,0.174808961143064,0.11653930742870933,True,False,False,True,python_mission_generator,csv_authoritative,validated_csv,explicit_input,calibrated_csv,python_generated_isa_plus_offset
ENG_0001,264.0,temp_mission_001,NORMAL,CRUISE,42,stage5_mission_generator,5000.0,1524.0,5.1,843.0710955607474,70.0,4600.0,22.828410001809857,47.39027340934568,7.6948616841335085,0.564812525081237,282.11639221846826,64.25425684872476,380.6147082902319,409.5515351909111,438.48836209159043,467.4251889922697,424.0199486412508,467.4251889922697,380.6147082902319,86.81048070203781,2.8812061281419057,69.27626150027149,14.5,91.0,34.0,31.6,14.288235294117648,420.0,True,True,2400.0,8.0,264.0,0.2913482685717733,76.66666666666667,0.2913482685717733,0.174808961143064,0.11653930742870933,True,False,False,True,python_mission_generator,csv_authoritative,validated_csv,explicit_input,calibrated_csv,python_generated_isa_plus_offset
ENG_0001,265.0,temp_mission_001,NORMAL,CRUISE,42,stage5_mission_generator,5000.0,1524.0,5.1,843.0710955607474,70.0,4600.0,22.828410001809857,47.39027340934568,7.6948616841335085,0.564812525081237,282.11639221846826,64.25425684872476,380.6147082902319,409.5515351909111,438.48836209159043,467.4251889922697,424.0199486412508,467.4251889922697,380.6147082902319,86.81048070203781,2.8812061281419057,69.27626150027149,14.5,91.0,34.0,31.6,14.288235294117648,420.0,True,True,2400.0,8.0,265.0,0.2913482685717733,76.66666666666667,0.2913482685717733,0.174808961143064,0.11653930742870933,True,False,False,True,python_mission_generator,csv_authoritative,validated_csv,explicit_input,calibrated_csv,python_generated_isa_plus_offset
ENG_0001,266.0,temp_mission_001,NORMAL,CRUISE,42,stage5_mission_generator,5000.0,1524.0,5.1,843.0710955607474,70.0,4600.0,22.828410001809857,47.39027340934568,7.6948616841335085,0.564812525081237,282.11639221846826,64.25425684872476,380.6147082902319,409.5515351909111,438.48836209159043,467.4251889922697,424.0199486412508,467.4251889922697,380.6147082902319,86.81048070203781,2.8812061281419057,69.27626150027149,14.5,91.0,34.0,31.6,14.288235294117648,420.0,True,True,2400.0,8.0,266.0,0.2913482685717733,76.66666666666667,0.2913482685717733,0.174808961143064,0.11653930742870933,True,False,False,True,python_mission_generator,csv_authoritative,validated_csv,explicit_input,calibrated_csv,python_generated_isa_plus_offset
ENG_0001,267.0,temp_mission_001,NORMAL,CRUISE,42,stage5_mission_generator,5000.0,1524.0,5.1,843.0710955607474,70.0,4600.0,22.828410001809857,47.39027340934568,7.6948616841335085,0.564812525081237,282.11639221846826,64.25425684872476,380.6147082902319,409.5515351909111,438.48836209159043,467.4251889922697,424.0199486412508,467.4251889922697,380.6147082902319,86.81048070203781,2.8812061281419057,69.27626150027149,14.5,91.0,34.0,31.6,14.288235294117648,420.0,True,True,2400.0,8.0,267.0,0.2913482685717733,76.66666666666667,0.2913482685717733,0.174808961143064,0.11653930742870933,True,False,False,True,python_mission_generator,csv_authoritative,validated_csv,explicit_input,calibrated_csv,python_generated_isa_plus_offset
ENG_0001,268.0,temp_mission_001,NORMAL,CRUISE,42,stage5_mission_generator,5000.0,1524.0,5.1,843.0710955607474,70.0,4600.0,22.828410001809857,47.39027340934568,7.6948616841335085,0.564812525081237,282.11639221846826,64.25425684872476,380.6147082902319,409.5515351909111,438.48836209159043,467.4251889922697,424.0199486412508,467.4251889922697,380.6147082902319,86.81048070203781,2.8812061281419057,69.27626150027149,14.5,91.0,34.0,31.6,14.288235294117648,420.0,True,True,2400.0,8.0,268.0,0.2913482685717733,76.66666666666667,0.2913482685717733,0.174808961143064,0.11653930742870933,True,False,False,True,python_mission_generator,csv_authoritative,validated_csv,explicit_input,calibrated_csv,python_generated_isa_plus_offset
ENG_0001,269.0,temp_mission_001,NORMAL,CRUISE,42,stage5_mission_generator,5000.0,1524.0,5.1,843.0710955607474,70.0,4600.0,22.828410001809857,47.39027340934568,7.6948616841335085,0.564812525081237,282.11639221846826,64.25425684872476,380.6147082902319,409.5515351909111,438.48836209159043,467.4251889922697,424.0199486412508,467.4251889922697,380.6147082902319,86.81048070203781,2.8812061281419057,69.27626150027149,14.5,91.0,34.0,31.6,14.288235294117648,420.0,True,True,2400.0,8.0,269.0,0.2913482685717733,76.66666666666667,0.2913482685717733,0.174808961143064,0.11653930742870933,True,False,False,True,python_mission_generator,csv_authoritative,validated_csv,explicit_input,calibrated_csv,python_generated_isa_plus_offset
ENG_0001,270.0,temp_mission_001,NORMAL,CRUISE,42,stage5_mission_generator,5000.0,1524.0,5.1,843.0710955607474,70.0,4600.0,22.828410001809857,47.39027340934568,7.6948616841335085,0.564812525081237,282.11639221846826,64.25425684872476,380.6147082902319,409.5515351909111,438.48836209159043,467.4251889922697,424.0199486412508,467.4251889922697,380.6147082902319,86.81048070203781,2.8812061281419057,69.27626150027149,14.5,91.0,34.0,31.6,14.288235294117648,420.0,True,True,2400.0,8.0,270.0,0.2913482685717733,76.66666666666667,0.2913482685717733,0.174808961143064,0.11653930742870933,True,False,False,True,python_mission_generator,csv_authoritative,validated_csv,explicit_input,calibrated_csv,python_generated_isa_plus_offset
ENG_0001,271.0,temp_mission_001,NORMAL,CRUISE,42,stage5_mission_generator,5000.0,1524.0,5.1,843.0710955607474,70.0,4600.0,22.828410001809857,47.39027340934568,7.6948616841335085,0.564812525081237,282.11639221846826,64.25425684872476,380.6147082902319,409.5515351909111,438.48836209159043,467.4251889922697,424.0199486412508,467.4251889922697,380.6147082902319,86.81048070203781,2.8812061281419057,69.27626150027149,14.5,91.0,34.0,31.6,14.288235294117648,420.0,True,True,2400.0,8.0,271.0,0.2913482685717733,76.66666666666667,0.2913482685717733,0.174808961143064,0.11653930742870933,True,False,False,True,python_mission_generator,csv_authoritative,validated_csv,explicit_input,calibrated_csv,python_generated_isa_plus_offset
ENG_0001,272.0,temp_mission_001,NORMAL,CRUISE,42,stage5_mission_generator,5000.0,1524.0,5.1,843.0710955607474,70.0,4600.0,22.828410001809857,47.39027340934568,7.6948616841335085,0.564812525081237,282.11639221846826,64.25425684872476,380.6147082902319,409.5515351909111,438.48836209159043,467.4251889922697,424.0199486412508,467.4251889922697,380.6147082902319,86.81048070203781,2.8812061281419057,69.27626150027149,14.5,91.0,34.0,31.6,14.288235294117648,420.0,True,True,2400.0,8.0,272.0,0.2913482685717733,76.66666666666667,0.2913482685717733,0.174808961143064,0.11653930742870933,True,False,False,True,python_mission_generator,csv_authoritative,validated_csv,explicit_input,calibrated_csv,python_generated_isa_plus_offset
ENG_0001,273.0,temp_mission_001,NORMAL,CRUISE,42,stage5_mission_generator,5000.0,1524.0,5.1,843.0710955607474,70.0,4600.0,22.828410001809857,47.39027340934568,7.6948616841335085,0.564812525081237,282.11639221846826,64.25425684872476,380.6147082902319,409.5515351909111,438.48836209159043,467.4251889922697,424.0199486412508,467.4251889922697,380.6147082902319,86.81048070203781,2.8812061281419057,69.27626150027149,14.5,91.0,34.0,31.6,14.288235294117648,420.0,True,True,2400.0,8.0,273.0,0.2913482685717733,76.66666666666667,0.2913482685717733,0.174808961143064,0.11653930742870933,True,False,False,True,python_mission_generator,csv_authoritative,validated_csv,explicit_input,calibrated_csv,python_generated_isa_plus_offset
ENG_0001,274.0,temp_mission_001,NORMAL,CRUISE,42,stage5_mission_generator,5000.0,1524.0,5.1,843.0710955607474,70.0,4600.0,22.828410001809857,47.39027340934568,7.6948616841335085,0.564812525081237,282.11639221846826,64.25425684872476,380.6147082902319,409.5515351909111,438.48836209159043,467.4251889922697,424.0199486412508,467.4251889922697,380.6147082902319,86.81048070203781,2.8812061281419057,69.27626150027149,14.5,91.0,34.0,31.6,14.288235294117648,420.0,True,True,2400.0,8.0,274.0,0.2913482685717733,76.66666666666667,0.2913482685717733,0.174808961143064,0.11653930742870933,True,False,False,True,python_mission_generator,csv_authoritative,validated_csv,explicit_input,calibrated_csv,python_generated_isa_plus_offset
ENG_0001,275.0,temp_mission_001,NORMAL,CRUISE,42,stage5_mission_generator,5000.0,1524.0,5.1,843.0710955607474,70.0,4600.0,22.828410001809857,47.39027340934568,7.6948616841335085,0.564812525081237,282.11639221846826,64.25425684872476,380.6147082902319,409.5515351909111,438.48836209159043,467.4251889922697,424.0199486412508,467.4251889922697,380.6147082902319,86.81048070203781,2.8812061281419057,69.27626150027149,14.5,91.0,34.0,31.6,14.288235294117648,420.0,True,True,2400.0,8.0,275.0,0.2913482685717733,76.66666666666667,0.2913482685717733,0.174808961143064,0.11653930742870933,True,False,False,True,python_mission_generator,csv_authoritative,validated_csv,explicit_input,calibrated_csv,python_generated_isa_plus_offset
ENG_0001,276.0,temp_mission_001,NORMAL,CRUISE,42,stage5_mission_generator,5000.0,1524.0,5.1,843.0710955607474,70.0,4600.0,22.828410001809857,47.39027340934568,7.6948616841335085,0.564812525081237,282.11639221846826,64.25425684872476,380.6147082902319,409.5515351909111,438.48836209159043,467.4251889922697,424.0199486412508,467.4251889922697,380.6147082902319,86.81048070203781,2.8812061281419057,69.27626150027149,14.5,91.0,34.0,31.6,14.288235294117648,420.0,True,True,2400.0,8.0,276.0,0.2913482685717733,76.66666666666667,0.2913482685717733,0.174808961143064,0.11653930742870933,True,False,False,True,python_mission_generator,csv_authoritative,validated_csv,explicit_input,calibrated_csv,python_generated_isa_plus_offset
ENG_0001,277.0,temp_mission_001,NORMAL,CRUISE,42,stage5_mission_generator,5000.0,1524.0,5.1,843.0710955607474,70.0,4600.0,22.828410001809857,47.39027340934568,7.6948616841335085,0.564812525081237,282.11639221846826,64.25425684872476,380.6147082902319,409.5515351909111,438.48836209159043,467.4251889922697,424.0199486412508,467.4251889922697,380.6147082902319,86.81048070203781,2.8812061281419057,69.27626150027149,14.5,91.0,34.0,31.6,14.288235294117648,420.0,True,True,2400.0,8.0,277.0,0.2913482685717733,76.66666666666667,0.2913482685717733,0.174808961143064,0.11653930742870933,True,False,False,True,python_mission_generator,csv_authoritative,validated_csv,explicit_input,calibrated_csv,python_generated_isa_plus_offset
ENG_0001,278.0,temp_mission_001,NORMAL,CRUISE,42,stage5_mission_generator,5000.0,1524.0,5.1,843.0710955607474,70.0,4600.0,22.828410001809857,47.39027340934568,7.6948616841335085,0.564812525081237,282.11639221846826,64.25425684872476,380.6147082902319,409.5515351909111,438.48836209159043,467.4251889922697,424.0199486412508,467.4251889922697,380.6147082902319,86.81048070203781,2.8812061281419057,69.27626150027149,14.5,91.0,34.0,31.6,14.288235294117648,420.0,True,True,2400.0,8.0,278.0,0.2913482685717733,76.66666666666667,0.2913482685717733,0.174808961143064,0.11653930742870933,True,False,False,True,python_mission_generator,csv_authoritative,validated_csv,explicit_input,calibrated_csv,python_generated_isa_plus_offset
ENG_0001,279.0,temp_mission_001,NORMAL,CRUISE,42,stage5_mission_generator,5000.0,1524.0,5.1,843.0710955607474,70.0,4600.0,22.828410001809857,47.39027340934568,7.6948616841335085,0.564812525081237,282.11639221846826,64.25425684872476,380.6147082902319,409.5515351909111,438.48836209159043,467.4251889922697,424.0199486412508,467.4251889922697,380.6147082902319,86.81048070203781,2.8812061281419057,69.27626150027149,14.5,91.0,34.0,31.6,14.288235294117648,420.0,True,True,2400.0,8.0,279.0,0.2913482685717733,76.66666666666667,0.2913482685717733,0.174808961143064,0.11653930742870933,True,False,False,True,python_mission_generator,csv_authoritative,validated_csv,explicit_input,calibrated_csv,python_generated_isa_plus_offset
ENG_0001,280.0,temp_mission_001,NORMAL,CRUISE,42,stage5_mission_generator,5000.0,1524.0,5.1,843.0710955607474,70.0,4600.0,22.828410001809857,47.39027340934568,7.6948616841335085,0.564812525081237,282.11639221846826,64.25425684872476,380.6147082902319,409.5515351909111,438.48836209159043,467.4251889922697,424.0199486412508,467.4251889922697,380.6147082902319,86.81048070203781,2.8812061281419057,69.27626150027149,14.5,91.0,34.0,31.6,14.288235294117648,420.0,True,True,2400.0,8.0,280.0,0.2913482685717733,76.66666666666667,0.2913482685717733,0.174808961143064,0.11653930742870933,True,False,False,True,python_mission_generator,csv_authoritative,validated_csv,explicit_input,calibrated_csv,python_generated_isa_plus_offset
ENG_0001,281.0,temp_mission_001,NORMAL,CRUISE,42,stage5_mission_generator,5000.0,1524.0,5.1,843.0710955607474,70.0,4600.0,22.828410001809857,47.39027340934568,7.6948616841335085,0.564812525081237,282.11639221846826,64.25425684872476,380.6147082902319,409.5515351909111,438.48836209159043,467.4251889922697,424.0199486412508,467.4251889922697,380.6147082902319,86.81048070203781,2.8812061281419057,69.27626150027149,14.5,91.0,34.0,31.6,14.288235294117648,420.0,True,True,2400.0,8.0,281.0,0.2913482685717733,76.66666666666667,0.2913482685717733,0.174808961143064,0.11653930742870933,True,False,False,True,python_mission_generator,csv_authoritative,validated_csv,explicit_input,calibrated_csv,python_generated_isa_plus_offset
ENG_0001,282.0,temp_mission_001,NORMAL,CRUISE,42,stage5_mission_generator,5000.0,1524.0,5.1,843.0710955607474,70.0,4600.0,22.828410001809857,47.39027340934568,7.6948616841335085,0.564812525081237,282.11639221846826,64.25425684872476,380.6147082902319,409.5515351909111,438.48836209159043,467.4251889922697,424.0199486412508,467.4251889922697,380.6147082902319,86.81048070203781,2.8812061281419057,69.27626150027149,14.5,91.0,34.0,31.6,14.288235294117648,420.0,True,True,2400.0,8.0,282.0,0.2913482685717733,76.66666666666667,0.2913482685717733,0.174808961143064,0.11653930742870933,True,False,False,True,python_mission_generator,csv_authoritative,validated_csv,explicit_input,calibrated_csv,python_generated_isa_plus_offset
ENG_0001,283.0,temp_mission_001,NORMAL,CRUISE,42,stage5_mission_generator,5000.0,1524.0,5.1,843.0710955607474,70.0,4600.0,22.828410001809857,47.39027340934568,7.6948616841335085,0.564812525081237,282.11639221846826,64.25425684872476,380.6147082902319,409.5515351909111,438.48836209159043,467.4251889922697,424.0199486412508,467.4251889922697,380.6147082902319,86.81048070203781,2.8812061281419057,69.27626150027149,14.5,91.0,34.0,31.6,14.288235294117648,420.0,True,True,2400.0,8.0,283.0,0.2913482685717733,76.66666666666667,0.2913482685717733,0.174808961143064,0.11653930742870933,True,False,False,True,python_mission_generator,csv_authoritative,validated_csv,explicit_input,calibrated_csv,python_generated_isa_plus_offset
ENG_0001,284.0,temp_mission_001,NORMAL,CRUISE,42,stage5_mission_generator,5000.0,1524.0,5.1,843.0710955607474,70.0,4600.0,22.828410001809857,47.39027340934568,7.6948616841335085,0.564812525081237,282.11639221846826,64.25425684872476,380.6147082902319,409.5515351909111,438.48836209159043,467.4251889922697,424.0199486412508,467.4251889922697,380.6147082902319,86.81048070203781,2.8812061281419057,69.27626150027149,14.5,91.0,34.0,31.6,14.288235294117648,420.0,True,True,2400.0,8.0,284.0,0.2913482685717733,76.66666666666667,0.2913482685717733,0.174808961143064,0.11653930742870933,True,False,False,True,python_mission_generator,csv_authoritative,validated_csv,explicit_input,calibrated_csv,python_generated_isa_plus_offset
ENG_0001,285.0,temp_mission_001,NORMAL,CRUISE,42,stage5_mission_generator,5000.0,1524.0,5.1,843.0710955607474,70.0,4600.0,22.828410001809857,47.39027340934568,7.6948616841335085,0.564812525081237,282.11639221846826,64.25425684872476,380.6147082902319,409.5515351909111,438.48836209159043,467.4251889922697,424.0199486412508,467.4251889922697,380.6147082902319,86.81048070203781,2.8812061281419057,69.27626150027149,14.5,91.0,34.0,31.6,14.288235294117648,420.0,True,True,2400.0,8.0,285.0,0.2913482685717733,76.66666666666667,0.2913482685717733,0.174808961143064,0.11653930742870933,True,False,False,True,python_mission_generator,csv_authoritative,validated_csv,explicit_input,calibrated_csv,python_generated_isa_plus_offset
ENG_0001,286.0,temp_mission_001,NORMAL,CRUISE,42,stage5_mission_generator,5000.0,1524.0,5.1,843.0710955607474,70.0,4600.0,22.828410001809857,47.39027340934568,7.6948616841335085,0.564812525081237,282.11639221846826,64.25425684872476,380.6147082902319,409.5515351909111,438.48836209159043,467.4251889922697,424.0199486412508,467.4251889922697,380.6147082902319,86.81048070203781,2.8812061281419057,69.27626150027149,14.5,91.0,34.0,31.6,14.288235294117648,420.0,True,True,2400.0,8.0,286.0,0.2913482685717733,76.66666666666667,0.2913482685717733,0.174808961143064,0.11653930742870933,True,False,False,True,python_mission_generator,csv_authoritative,validated_csv,explicit_input,calibrated_csv,python_generated_isa_plus_offset
ENG_0001,287.0,temp_mission_001,NORMAL,CRUISE,42,stage5_mission_generator,5000.0,1524.0,5.1,843.0710955607474,70.0,4600.0,22.828410001809857,47.39027340934568,7.6948616841335085,0.564812525081237,282.11639221846826,64.25425684872476,380.6147082902319,409.5515351909111,438.48836209159043,467.4251889922697,424.0199486412508,467.4251889922697,380.6147082902319,86.81048070203781,2.8812061281419057,69.27626150027149,14.5,91.0,34.0,31.6,14.288235294117648,420.0,True,True,2400.0,8.0,287.0,0.2913482685717733,76.66666666666667,0.2913482685717733,0.174808961143064,0.11653930742870933,True,False,False,True,python_mission_generator,csv_authoritative,validated_csv,explicit_input,calibrated_csv,python_generated_isa_plus_offset
ENG_0001,288.0,temp_mission_001,NORMAL,CRUISE,42,stage5_mission_generator,5000.0,1524.0,5.1,843.0710955607474,70.0,4600.0,22.828410001809857,47.39027340934568,7.6948616841335085,0.564812525081237,282.11639221846826,64.25425684872476,380.6147082902319,409.5515351909111,438.48836209159043,467.4251889922697,424.0199486412508,467.4251889922697,380.6147082902319,86.81048070203781,2.8812061281419057,69.27626150027149,14.5,91.0,34.0,31.6,14.288235294117648,420.0,True,True,2400.0,8.0,288.0,0.2913482685717733,76.66666666666667,0.2913482685717733,0.174808961143064,0.11653930742870933,True,False,False,True,python_mission_generator,csv_authoritative,validated_csv,explicit_input,calibrated_csv,python_generated_isa_plus_offset
ENG_0001,289.0,temp_mission_001,NORMAL,CRUISE,42,stage5_mission_generator,5000.0,1524.0,5.1,843.0710955607474,70.0,4600.0,22.828410001809857,47.39027340934568,7.6948616841335085,0.564812525081237,282.11639221846826,64.25425684872476,380.6147082902319,409.5515351909111,438.48836209159043,467.4251889922697,424.0199486412508,467.4251889922697,380.6147082902319,86.81048070203781,2.8812061281419057,69.27626150027149,14.5,91.0,34.0,31.6,14.288235294117648,420.0,True,True,2400.0,8.0,289.0,0.2913482685717733,76.66666666666667,0.2913482685717733,0.174808961143064,0.11653930742870933,True,False,False,True,python_mission_generator,csv_authoritative,validated_csv,explicit_input,calibrated_csv,python_generated_isa_plus_offset
ENG_0001,290.0,temp_mission_001,NORMAL,CRUISE,42,stage5_mission_generator,5000.0,1524.0,5.1,843.0710955607474,70.0,4600.0,22.828410001809857,47.39027340934568,7.6948616841335085,0.564812525081237,282.11639221846826,64.25425684872476,380.6147082902319,409.5515351909111,438.48836209159043,467.4251889922697,424.0199486412508,467.4251889922697,380.6147082902319,86.81048070203781,2.8812061281419057,69.27626150027149,14.5,91.0,34.0,31.6,14.288235294117648,420.0,True,True,2400.0,8.0,290.0,0.2913482685717733,76.66666666666667,0.2913482685717733,0.174808961143064,0.11653930742870933,True,False,False,True,python_mission_generator,csv_authoritative,validated_csv,explicit_input,calibrated_csv,python_generated_isa_plus_offset
ENG_0001,291.0,temp_mission_001,NORMAL,CRUISE,42,stage5_mission_generator,5000.0,1524.0,5.1,843.0710955607474,70.0,4600.0,22.828410001809857,47.39027340934568,7.6948616841335085,0.564812525081237,282.11639221846826,64.25425684872476,380.6147082902319,409.5515351909111,438.48836209159043,467.4251889922697,424.0199486412508,467.4251889922697,380.6147082902319,86.81048070203781,2.8812061281419057,69.27626150027149,14.5,91.0,34.0,31.6,14.288235294117648,420.0,True,True,2400.0,8.0,291.0,0.2913482685717733,76.66666666666667,0.2913482685717733,0.174808961143064,0.11653930742870933,True,False,False,True,python_mission_generator,csv_authoritative,validated_csv,explicit_input,calibrated_csv,python_generated_isa_plus_offset
ENG_0001,292.0,temp_mission_001,NORMAL,CRUISE,42,stage5_mission_generator,5000.0,1524.0,5.1,843.0710955607474,70.0,4600.0,22.828410001809857,47.39027340934568,7.6948616841335085,0.564812525081237,282.11639221846826,64.25425684872476,380.6147082902319,409.5515351909111,438.48836209159043,467.4251889922697,424.0199486412508,467.4251889922697,380.6147082902319,86.81048070203781,2.8812061281419057,69.27626150027149,14.5,91.0,34.0,31.6,14.288235294117648,420.0,True,True,2400.0,8.0,292.0,0.2913482685717733,76.66666666666667,0.2913482685717733,0.174808961143064,0.11653930742870933,True,False,False,True,python_mission_generator,csv_authoritative,validated_csv,explicit_input,calibrated_csv,python_generated_isa_plus_offset
ENG_0001,293.0,temp_mission_001,NORMAL,CRUISE,42,stage5_mission_generator,5000.0,1524.0,5.1,843.0710955607474,70.0,4600.0,22.828410001809857,47.39027340934568,7.6948616841335085,0.564812525081237,282.11639221846826,64.25425684872476,380.6147082902319,409.5515351909111,438.48836209159043,467.4251889922697,424.0199486412508,467.4251889922697,380.6147082902319,86.81048070203781,2.8812061281419057,69.27626150027149,14.5,91.0,34.0,31.6,14.288235294117648,420.0,True,True,2400.0,8.0,293.0,0.2913482685717733,76.66666666666667,0.2913482685717733,0.174808961143064,0.11653930742870933,True,False,False,True,python_mission_generator,csv_authoritative,validated_csv,explicit_input,calibrated_csv,python_generated_isa_plus_offset
ENG_0001,294.0,temp_mission_001,NORMAL,CRUISE,42,stage5_mission_generator,5000.0,1524.0,5.1,843.0710955607474,70.0,4600.0,22.828410001809857,47.39027340934568,7.6948616841335085,0.564812525081237,282.11639221846826,64.25425684872476,380.6147082902319,409.5515351909111,438.48836209159043,467.4251889922697,424.0199486412508,467.4251889922697,380.6147082902319,86.81048070203781,2.8812061281419057,69.27626150027149,14.5,91.0,34.0,31.6,14.288235294117648,420.0,True,True,2400.0,8.0,294.0,0.2913482685717733,76.66666666666667,0.2913482685717733,0.174808961143064,0.11653930742870933,True,False,False,True,python_mission_generator,csv_authoritative,validated_csv,explicit_input,calibrated_csv,python_generated_isa_plus_offset
ENG_0001,295.0,temp_mission_001,NORMAL,CRUISE,42,stage5_mission_generator,5000.0,1524.0,5.1,843.0710955607474,70.0,4600.0,22.828410001809857,47.39027340934568,7.6948616841335085,0.564812525081237,282.11639221846826,64.25425684872476,380.6147082902319,409.5515351909111,438.48836209159043,467.4251889922697,424.0199486412508,467.4251889922697,380.6147082902319,86.81048070203781,2.8812061281419057,69.27626150027149,14.5,91.0,34.0,31.6,14.288235294117648,420.0,True,True,2400.0,8.0,295.0,0.2913482685717733,76.66666666666667,0.2913482685717733,0.174808961143064,0.11653930742870933,True,False,False,True,python_mission_generator,csv_authoritative,validated_csv,explicit_input,calibrated_csv,python_generated_isa_plus_offset
ENG_0001,296.0,temp_mission_001,NORMAL,CRUISE,42,stage5_mission_generator,5000.0,1524.0,5.1,843.0710955607474,70.0,4600.0,22.828410001809857,47.39027340934568,7.6948616841335085,0.564812525081237,282.11639221846826,64.25425684872476,380.6147082902319,409.5515351909111,438.48836209159043,467.4251889922697,424.0199486412508,467.4251889922697,380.6147082902319,86.81048070203781,2.8812061281419057,69.27626150027149,14.5,91.0,34.0,31.6,14.288235294117648,420.0,True,True,2400.0,8.0,296.0,0.2913482685717733,76.66666666666667,0.2913482685717733,0.174808961143064,0.11653930742870933,True,False,False,True,python_mission_generator,csv_authoritative,validated_csv,explicit_input,calibrated_csv,python_generated_isa_plus_offset
ENG_0001,297.0,temp_mission_001,NORMAL,CRUISE,42,stage5_mission_generator,5000.0,1524.0,5.1,843.0710955607474,70.0,4600.0,22.828410001809857,47.39027340934568,7.6948616841335085,0.564812525081237,282.11639221846826,64.25425684872476,380.6147082902319,409.5515351909111,438.48836209159043,467.4251889922697,424.0199486412508,467.4251889922697,380.6147082902319,86.81048070203781,2.8812061281419057,69.27626150027149,14.5,91.0,34.0,31.6,14.288235294117648,420.0,True,True,2400.0,8.0,297.0,0.2913482685717733,76.66666666666667,0.2913482685717733,0.174808961143064,0.11653930742870933,True,False,False,True,python_mission_generator,csv_authoritative,validated_csv,explicit_input,calibrated_csv,python_generated_isa_plus_offset
ENG_0001,298.0,temp_mission_001,NORMAL,CRUISE,42,stage5_mission_generator,5000.0,1524.0,5.1,843.0710955607474,70.0,4600.0,22.828410001809857,47.39027340934568,7.6948616841335085,0.564812525081237,282.11639221846826,64.25425684872476,380.6147082902319,409.5515351909111,438.48836209159043,467.4251889922697,424.0199486412508,467.4251889922697,380.6147082902319,86.81048070203781,2.8812061281419057,69.27626150027149,14.5,91.0,34.0,31.6,14.288235294117648,420.0,True,True,2400.0,8.0,298.0,0.2913482685717733,76.66666666666667,0.2913482685717733,0.174808961143064,0.11653930742870933,True,False,False,True,python_mission_generator,csv_authoritative,validated_csv,explicit_input,calibrated_csv,python_generated_isa_plus_offset
ENG_0001,299.0,temp_mission_001,NORMAL,CRUISE,42,stage5_mission_generator,5000.0,1524.0,5.1,843.0710955607474,70.0,4600.0,22.828410001809857,47.39027340934568,7.6948616841335085,0.564812525081237,282.11639221846826,64.25425684872476,380.6147082902319,409.5515351909111,438.48836209159043,467.4251889922697,424.0199486412508,467.4251889922697,380.6147082902319,86.81048070203781,2.8812061281419057,69.27626150027149,14.5,91.0,34.0,31.6,14.288235294117648,420.0,True,True,2400.0,8.0,299.0,0.2913482685717733,76.66666666666667,0.2913482685717733,0.174808961143064,0.11653930742870933,True,False,False,True,python_mission_generator,csv_authoritative,validated_csv,explicit_input,calibrated_csv,python_generated_isa_plus_offset
ENG_0001,300.0,temp_mission_001,NORMAL,CRUISE,42,stage5_mission_generator,5000.0,1524.0,5.1,843.0710955607474,70.0,4600.0,22.828410001809857,47.39027340934568,7.6948616841335085,0.564812525081237,282.11639221846826,64.25425684872476,380.6147082902319,409.5515351909111,438.48836209159043,467.4251889922697,424.0199486412508,467.4251889922697,380.6147082902319,86.81048070203781,2.8812061281419057,69.27626150027149,14.5,91.0,34.0,31.6,14.288235294117648,420.0,True,True,2400.0,8.0,300.0,0.2913482685717733,76.66666666666667,0.2913482685717733,0.174808961143064,0.11653930742870933,True,False,False,True,python_mission_generator,csv_authoritative,validated_csv,explicit_input,calibrated_csv,python_generated_isa_plus_offset
ENG_0001,301.0,temp_mission_001,NORMAL,CRUISE,42,stage5_mission_generator,5000.0,1524.0,5.1,843.0710955607474,70.0,4600.0,22.828410001809857,47.39027340934568,7.6948616841335085,0.564812525081237,282.11639221846826,64.25425684872476,380.6147082902319,409.5515351909111,438.48836209159043,467.4251889922697,424.0199486412508,467.4251889922697,380.6147082902319,86.81048070203781,2.8812061281419057,69.27626150027149,14.5,91.0,34.0,31.6,14.288235294117648,420.0,True,True,2400.0,8.0,301.0,0.2913482685717733,76.66666666666667,0.2913482685717733,0.174808961143064,0.11653930742870933,True,False,False,True,python_mission_generator,csv_authoritative,validated_csv,explicit_input,calibrated_csv,python_generated_isa_plus_offset
ENG_0001,302.0,temp_mission_001,NORMAL,CRUISE,42,stage5_mission_generator,5000.0,1524.0,5.1,843.0710955607474,70.0,4600.0,22.828410001809857,47.39027340934568,7.6948616841335085,0.564812525081237,282.11639221846826,64.25425684872476,380.6147082902319,409.5515351909111,438.48836209159043,467.4251889922697,424.0199486412508,467.4251889922697,380.6147082902319,86.81048070203781,2.8812061281419057,69.27626150027149,14.5,91.0,34.0,31.6,14.288235294117648,420.0,True,True,2400.0,8.0,302.0,0.2913482685717733,76.66666666666667,0.2913482685717733,0.174808961143064,0.11653930742870933,True,False,False,True,python_mission_generator,csv_authoritative,validated_csv,explicit_input,calibrated_csv,python_generated_isa_plus_offset
ENG_0001,303.0,temp_mission_001,NORMAL,CRUISE,42,stage5_mission_generator,5000.0,1524.0,5.1,843.0710955607474,70.0,4600.0,22.828410001809857,47.39027340934568,7.6948616841335085,0.564812525081237,282.11639221846826,64.25425684872476,380.6147082902319,409.5515351909111,438.48836209159043,467.4251889922697,424.0199486412508,467.4251889922697,380.6147082902319,86.81048070203781,2.8812061281419057,69.27626150027149,14.5,91.0,34.0,31.6,14.288235294117648,420.0,True,True,2400.0,8.0,303.0,0.2913482685717733,76.66666666666667,0.2913482685717733,0.174808961143064,0.11653930742870933,True,False,False,True,python_mission_generator,csv_authoritative,validated_csv,explicit_input,calibrated_csv,python_generated_isa_plus_offset
ENG_0001,304.0,temp_mission_001,NORMAL,CRUISE,42,stage5_mission_generator,5000.0,1524.0,5.1,843.0710955607474,70.0,4600.0,22.828410001809857,47.39027340934568,7.6948616841335085,0.564812525081237,282.11639221846826,64.25425684872476,380.6147082902319,409.5515351909111,438.48836209159043,467.4251889922697,424.0199486412508,467.4251889922697,380.6147082902319,86.81048070203781,2.8812061281419057,69.27626150027149,14.5,91.0,34.0,31.6,14.288235294117648,420.0,True,True,2400.0,8.0,304.0,0.2913482685717733,76.66666666666667,0.2913482685717733,0.174808961143064,0.11653930742870933,True,False,False,True,python_mission_generator,csv_authoritative,validated_csv,explicit_input,calibrated_csv,python_generated_isa_plus_offset
ENG_0001,305.0,temp_mission_001,NORMAL,CRUISE,42,stage5_mission_generator,5000.0,1524.0,5.1,843.0710955607474,70.0,4600.0,22.828410001809857,47.39027340934568,7.6948616841335085,0.564812525081237,282.11639221846826,64.25425684872476,380.6147082902319,409.5515351909111,438.48836209159043,467.4251889922697,424.0199486412508,467.4251889922697,380.6147082902319,86.81048070203781,2.8812061281419057,69.27626150027149,14.5,91.0,34.0,31.6,14.288235294117648,420.0,True,True,2400.0,8.0,305.0,0.2913482685717733,76.66666666666667,0.2913482685717733,0.174808961143064,0.11653930742870933,True,False,False,True,python_mission_generator,csv_authoritative,validated_csv,explicit_input,calibrated_csv,python_generated_isa_plus_offset
ENG_0001,306.0,temp_mission_001,NORMAL,CRUISE,42,stage5_mission_generator,5000.0,1524.0,5.1,843.0710955607474,70.0,4600.0,22.828410001809857,47.39027340934568,7.6948616841335085,0.564812525081237,282.11639221846826,64.25425684872476,380.6147082902319,409.5515351909111,438.48836209159043,467.4251889922697,424.0199486412508,467.4251889922697,380.6147082902319,86.81048070203781,2.8812061281419057,69.27626150027149,14.5,91.0,34.0,31.6,14.288235294117648,420.0,True,True,2400.0,8.0,306.0,0.2913482685717733,76.66666666666667,0.2913482685717733,0.174808961143064,0.11653930742870933,True,False,False,True,python_mission_generator,csv_authoritative,validated_csv,explicit_input,calibrated_csv,python_generated_isa_plus_offset
ENG_0001,307.0,temp_mission_001,NORMAL,CRUISE,42,stage5_mission_generator,5000.0,1524.0,5.1,843.0710955607474,70.0,4600.0,22.828410001809857,47.39027340934568,7.6948616841335085,0.564812525081237,282.11639221846826,64.25425684872476,380.6147082902319,409.5515351909111,438.48836209159043,467.4251889922697,424.0199486412508,467.4251889922697,380.6147082902319,86.81048070203781,2.8812061281419057,69.27626150027149,14.5,91.0,34.0,31.6,14.288235294117648,420.0,True,True,2400.0,8.0,307.0,0.2913482685717733,76.66666666666667,0.2913482685717733,0.174808961143064,0.11653930742870933,True,False,False,True,python_mission_generator,csv_authoritative,validated_csv,explicit_input,calibrated_csv,python_generated_isa_plus_offset
ENG_0001,308.0,temp_mission_001,NORMAL,CRUISE,42,stage5_mission_generator,5000.0,1524.0,5.1,843.0710955607474,70.0,4600.0,22.828410001809857,47.39027340934568,7.6948616841335085,0.564812525081237,282.11639221846826,64.25425684872476,380.6147082902319,409.5515351909111,438.48836209159043,467.4251889922697,424.0199486412508,467.4251889922697,380.6147082902319,86.81048070203781,2.8812061281419057,69.27626150027149,14.5,91.0,34.0,31.6,14.288235294117648,420.0,True,True,2400.0,8.0,308.0,0.2913482685717733,76.66666666666667,0.2913482685717733,0.174808961143064,0.11653930742870933,True,False,False,True,python_mission_generator,csv_authoritative,validated_csv,explicit_input,calibrated_csv,python_generated_isa_plus_offset
ENG_0001,309.0,temp_mission_001,NORMAL,CRUISE,42,stage5_mission_generator,5000.0,1524.0,5.1,843.0710955607474,70.0,4600.0,22.828410001809857,47.39027340934568,7.6948616841335085,0.564812525081237,282.11639221846826,64.25425684872476,380.6147082902319,409.5515351909111,438.48836209159043,467.4251889922697,424.0199486412508,467.4251889922697,380.6147082902319,86.81048070203781,2.8812061281419057,69.27626150027149,14.5,91.0,34.0,31.6,14.288235294117648,420.0,True,True,2400.0,8.0,309.0,0.2913482685717733,76.66666666666667,0.2913482685717733,0.174808961143064,0.11653930742870933,True,False,False,True,python_mission_generator,csv_authoritative,validated_csv,explicit_input,calibrated_csv,python_generated_isa_plus_offset
ENG_0001,310.0,temp_mission_001,NORMAL,CRUISE,42,stage5_mission_generator,5000.0,1524.0,5.1,843.0710955607474,70.0,4600.0,22.828410001809857,47.39027340934568,7.6948616841335085,0.564812525081237,282.11639221846826,64.25425684872476,380.6147082902319,409.5515351909111,438.48836209159043,467.4251889922697,424.0199486412508,467.4251889922697,380.6147082902319,86.81048070203781,2.8812061281419057,69.27626150027149,14.5,91.0,34.0,31.6,14.288235294117648,420.0,True,True,2400.0,8.0,310.0,0.2913482685717733,76.66666666666667,0.2913482685717733,0.174808961143064,0.11653930742870933,True,False,False,True,python_mission_generator,csv_authoritative,validated_csv,explicit_input,calibrated_csv,python_generated_isa_plus_offset
ENG_0001,311.0,temp_mission_001,NORMAL,CRUISE,42,stage5_mission_generator,5000.0,1524.0,5.1,843.0710955607474,70.0,4600.0,22.828410001809857,47.39027340934568,7.6948616841335085,0.564812525081237,282.11639221846826,64.25425684872476,380.6147082902319,409.5515351909111,438.48836209159043,467.4251889922697,424.0199486412508,467.4251889922697,380.6147082902319,86.81048070203781,2.8812061281419057,69.27626150027149,14.5,91.0,34.0,31.6,14.288235294117648,420.0,True,True,2400.0,8.0,311.0,0.2913482685717733,76.66666666666667,0.2913482685717733,0.174808961143064,0.11653930742870933,True,False,False,True,python_mission_generator,csv_authoritative,validated_csv,explicit_input,calibrated_csv,python_generated_isa_plus_offset
ENG_0001,312.0,temp_mission_001,NORMAL,CRUISE,42,stage5_mission_generator,5000.0,1524.0,5.1,843.0710955607474,70.0,4600.0,22.828410001809857,47.39027340934568,7.6948616841335085,0.564812525081237,282.11639221846826,64.25425684872476,380.6147082902319,409.5515351909111,438.48836209159043,467.4251889922697,424.0199486412508,467.4251889922697,380.6147082902319,86.81048070203781,2.8812061281419057,69.27626150027149,14.5,91.0,34.0,31.6,14.288235294117648,420.0,True,True,2400.0,8.0,312.0,0.2913482685717733,76.66666666666667,0.2913482685717733,0.174808961143064,0.11653930742870933,True,False,False,True,python_mission_generator,csv_authoritative,validated_csv,explicit_input,calibrated_csv,python_generated_isa_plus_offset
ENG_0001,313.0,temp_mission_001,NORMAL,CRUISE,42,stage5_mission_generator,5000.0,1524.0,5.1,843.0710955607474,70.0,4600.0,22.828410001809857,47.39027340934568,7.6948616841335085,0.564812525081237,282.11639221846826,64.25425684872476,380.6147082902319,409.5515351909111,438.48836209159043,467.4251889922697,424.0199486412508,467.4251889922697,380.6147082902319,86.81048070203781,2.8812061281419057,69.27626150027149,14.5,91.0,34.0,31.6,14.288235294117648,420.0,True,True,2400.0,8.0,313.0,0.2913482685717733,76.66666666666667,0.2913482685717733,0.174808961143064,0.11653930742870933,True,False,False,True,python_mission_generator,csv_authoritative,validated_csv,explicit_input,calibrated_csv,python_generated_isa_plus_offset
ENG_0001,314.0,temp_mission_001,NORMAL,CRUISE,42,stage5_mission_generator,5000.0,1524.0,5.1,843.0710955607474,70.0,4600.0,22.828410001809857,47.39027340934568,7.6948616841335085,0.564812525081237,282.11639221846826,64.25425684872476,380.6147082902319,409.5515351909111,438.48836209159043,467.4251889922697,424.0199486412508,467.4251889922697,380.6147082902319,86.81048070203781,2.8812061281419057,69.27626150027149,14.5,91.0,34.0,31.6,14.288235294117648,420.0,True,True,2400.0,8.0,314.0,0.2913482685717733,76.66666666666667,0.2913482685717733,0.174808961143064,0.11653930742870933,True,False,False,True,python_mission_generator,csv_authoritative,validated_csv,explicit_input,calibrated_csv,python_generated_isa_plus_offset
ENG_0001,315.0,temp_mission_001,NORMAL,CRUISE,42,stage5_mission_generator,5000.0,1524.0,5.1,843.0710955607474,70.0,4600.0,22.828410001809857,47.39027340934568,7.6948616841335085,0.564812525081237,282.11639221846826,64.25425684872476,380.6147082902319,409.5515351909111,438.48836209159043,467.4251889922697,424.0199486412508,467.4251889922697,380.6147082902319,86.81048070203781,2.8812061281419057,69.27626150027149,14.5,91.0,34.0,31.6,14.288235294117648,420.0,True,True,2400.0,8.0,315.0,0.2913482685717733,76.66666666666667,0.2913482685717733,0.174808961143064,0.11653930742870933,True,False,False,True,python_mission_generator,csv_authoritative,validated_csv,explicit_input,calibrated_csv,python_generated_isa_plus_offset
ENG_0001,316.0,temp_mission_001,NORMAL,CRUISE,42,stage5_mission_generator,5000.0,1524.0,5.1,843.0710955607474,70.0,4600.0,22.828410001809857,47.39027340934568,7.6948616841335085,0.564812525081237,282.11639221846826,64.25425684872476,380.6147082902319,409.5515351909111,438.48836209159043,467.4251889922697,424.0199486412508,467.4251889922697,380.6147082902319,86.81048070203781,2.8812061281419057,69.27626150027149,14.5,91.0,34.0,31.6,14.288235294117648,420.0,True,True,2400.0,8.0,316.0,0.2913482685717733,76.66666666666667,0.2913482685717733,0.174808961143064,0.11653930742870933,True,False,False,True,python_mission_generator,csv_authoritative,validated_csv,explicit_input,calibrated_csv,python_generated_isa_plus_offset
ENG_0001,317.0,temp_mission_001,NORMAL,CRUISE,42,stage5_mission_generator,5000.0,1524.0,5.1,843.0710955607474,70.0,4600.0,22.828410001809857,47.39027340934568,7.6948616841335085,0.564812525081237,282.11639221846826,64.25425684872476,380.6147082902319,409.5515351909111,438.48836209159043,467.4251889922697,424.0199486412508,467.4251889922697,380.6147082902319,86.81048070203781,2.8812061281419057,69.27626150027149,14.5,91.0,34.0,31.6,14.288235294117648,420.0,True,True,2400.0,8.0,317.0,0.2913482685717733,76.66666666666667,0.2913482685717733,0.174808961143064,0.11653930742870933,True,False,False,True,python_mission_generator,csv_authoritative,validated_csv,explicit_input,calibrated_csv,python_generated_isa_plus_offset
ENG_0001,318.0,temp_mission_001,NORMAL,CRUISE,42,stage5_mission_generator,5000.0,1524.0,5.1,843.0710955607474,70.0,4600.0,22.828410001809857,47.39027340934568,7.6948616841335085,0.564812525081237,282.11639221846826,64.25425684872476,380.6147082902319,409.5515351909111,438.48836209159043,467.4251889922697,424.0199486412508,467.4251889922697,380.6147082902319,86.81048070203781,2.8812061281419057,69.27626150027149,14.5,91.0,34.0,31.6,14.288235294117648,420.0,True,True,2400.0,8.0,318.0,0.2913482685717733,76.66666666666667,0.2913482685717733,0.174808961143064,0.11653930742870933,True,False,False,True,python_mission_generator,csv_authoritative,validated_csv,explicit_input,calibrated_csv,python_generated_isa_plus_offset
ENG_0001,319.0,temp_mission_001,NORMAL,CRUISE,42,stage5_mission_generator,5000.0,1524.0,5.1,843.0710955607474,70.0,4600.0,22.828410001809857,47.39027340934568,7.6948616841335085,0.564812525081237,282.11639221846826,64.25425684872476,380.6147082902319,409.5515351909111,438.48836209159043,467.4251889922697,424.0199486412508,467.4251889922697,380.6147082902319,86.81048070203781,2.8812061281419057,69.27626150027149,14.5,91.0,34.0,31.6,14.288235294117648,420.0,True,True,2400.0,8.0,319.0,0.2913482685717733,76.66666666666667,0.2913482685717733,0.174808961143064,0.11653930742870933,True,False,False,True,python_mission_generator,csv_authoritative,validated_csv,explicit_input,calibrated_csv,python_generated_isa_plus_offset
ENG_0001,320.0,temp_mission_001,NORMAL,CRUISE,42,stage5_mission_generator,5000.0,1524.0,5.1,843.0710955607474,70.0,4600.0,22.828410001809857,47.39027340934568,7.6948616841335085,0.564812525081237,282.11639221846826,64.25425684872476,380.6147082902319,409.5515351909111,438.48836209159043,467.4251889922697,424.0199486412508,467.4251889922697,380.6147082902319,86.81048070203781,2.8812061281419057,69.27626150027149,14.5,91.0,34.0,31.6,14.288235294117648,420.0,True,True,2400.0,8.0,320.0,0.2913482685717733,76.66666666666667,0.2913482685717733,0.174808961143064,0.11653930742870933,True,False,False,True,python_mission_generator,csv_authoritative,validated_csv,explicit_input,calibrated_csv,python_generated_isa_plus_offset
ENG_0001,321.0,temp_mission_001,NORMAL,CRUISE,42,stage5_mission_generator,5000.0,1524.0,5.1,843.0710955607474,70.0,4600.0,22.828410001809857,47.39027340934568,7.6948616841335085,0.564812525081237,282.11639221846826,64.25425684872476,380.6147082902319,409.5515351909111,438.48836209159043,467.4251889922697,424.0199486412508,467.4251889922697,380.6147082902319,86.81048070203781,2.8812061281419057,69.27626150027149,14.5,91.0,34.0,31.6,14.288235294117648,420.0,True,True,2400.0,8.0,321.0,0.2913482685717733,76.66666666666667,0.2913482685717733,0.174808961143064,0.11653930742870933,True,False,False,True,python_mission_generator,csv_authoritative,validated_csv,explicit_input,calibrated_csv,python_generated_isa_plus_offset
ENG_0001,322.0,temp_mission_001,NORMAL,CRUISE,42,stage5_mission_generator,5000.0,1524.0,5.1,843.0710955607474,70.0,4600.0,22.828410001809857,47.39027340934568,7.6948616841335085,0.564812525081237,282.11639221846826,64.25425684872476,380.6147082902319,409.5515351909111,438.48836209159043,467.4251889922697,424.0199486412508,467.4251889922697,380.6147082902319,86.81048070203781,2.8812061281419057,69.27626150027149,14.5,91.0,34.0,31.6,14.288235294117648,420.0,True,True,2400.0,8.0,322.0,0.2913482685717733,76.66666666666667,0.2913482685717733,0.174808961143064,0.11653930742870933,True,False,False,True,python_mission_generator,csv_authoritative,validated_csv,explicit_input,calibrated_csv,python_generated_isa_plus_offset
ENG_0001,323.0,temp_mission_001,NORMAL,CRUISE,42,stage5_mission_generator,5000.0,1524.0,5.1,843.0710955607474,70.0,4600.0,22.828410001809857,47.39027340934568,7.6948616841335085,0.564812525081237,282.11639221846826,64.25425684872476,380.6147082902319,409.5515351909111,438.48836209159043,467.4251889922697,424.0199486412508,467.4251889922697,380.6147082902319,86.81048070203781,2.8812061281419057,69.27626150027149,14.5,91.0,34.0,31.6,14.288235294117648,420.0,True,True,2400.0,8.0,323.0,0.2913482685717733,76.66666666666667,0.2913482685717733,0.174808961143064,0.11653930742870933,True,False,False,True,python_mission_generator,csv_authoritative,validated_csv,explicit_input,calibrated_csv,python_generated_isa_plus_offset
ENG_0001,324.0,temp_mission_001,NORMAL,CRUISE,42,stage5_mission_generator,5000.0,1524.0,5.1,843.0710955607474,70.0,4600.0,22.828410001809857,47.39027340934568,7.6948616841335085,0.564812525081237,282.11639221846826,64.25425684872476,380.6147082902319,409.5515351909111,438.48836209159043,467.4251889922697,424.0199486412508,467.4251889922697,380.6147082902319,86.81048070203781,2.8812061281419057,69.27626150027149,14.5,91.0,34.0,31.6,14.288235294117648,420.0,True,True,2400.0,8.0,324.0,0.2913482685717733,76.66666666666667,0.2913482685717733,0.174808961143064,0.11653930742870933,True,False,False,True,python_mission_generator,csv_authoritative,validated_csv,explicit_input,calibrated_csv,python_generated_isa_plus_offset
ENG_0001,325.0,temp_mission_001,NORMAL,CRUISE,42,stage5_mission_generator,5000.0,1524.0,5.1,843.0710955607474,70.0,4600.0,22.828410001809857,47.39027340934568,7.6948616841335085,0.564812525081237,282.11639221846826,64.25425684872476,380.6147082902319,409.5515351909111,438.48836209159043,467.4251889922697,424.0199486412508,467.4251889922697,380.6147082902319,86.81048070203781,2.8812061281419057,69.27626150027149,14.5,91.0,34.0,31.6,14.288235294117648,420.0,True,True,2400.0,8.0,325.0,0.2913482685717733,76.66666666666667,0.2913482685717733,0.174808961143064,0.11653930742870933,True,False,False,True,python_mission_generator,csv_authoritative,validated_csv,explicit_input,calibrated_csv,python_generated_isa_plus_offset
ENG_0001,326.0,temp_mission_001,NORMAL,CRUISE,42,stage5_mission_generator,5000.0,1524.0,5.1,843.0710955607474,70.0,4600.0,22.828410001809857,47.39027340934568,7.6948616841335085,0.564812525081237,282.11639221846826,64.25425684872476,380.6147082902319,409.5515351909111,438.48836209159043,467.4251889922697,424.0199486412508,467.4251889922697,380.6147082902319,86.81048070203781,2.8812061281419057,69.27626150027149,14.5,91.0,34.0,31.6,14.288235294117648,420.0,True,True,2400.0,8.0,326.0,0.2913482685717733,76.66666666666667,0.2913482685717733,0.174808961143064,0.11653930742870933,True,False,False,True,python_mission_generator,csv_authoritative,validated_csv,explicit_input,calibrated_csv,python_generated_isa_plus_offset
ENG_0001,327.0,temp_mission_001,NORMAL,CRUISE,42,stage5_mission_generator,5000.0,1524.0,5.1,843.0710955607474,70.0,4600.0,22.828410001809857,47.39027340934568,7.6948616841335085,0.564812525081237,282.11639221846826,64.25425684872476,380.6147082902319,409.5515351909111,438.48836209159043,467.4251889922697,424.0199486412508,467.4251889922697,380.6147082902319,86.81048070203781,2.8812061281419057,69.27626150027149,14.5,91.0,34.0,31.6,14.288235294117648,420.0,True,True,2400.0,8.0,327.0,0.2913482685717733,76.66666666666667,0.2913482685717733,0.174808961143064,0.11653930742870933,True,False,False,True,python_mission_generator,csv_authoritative,validated_csv,explicit_input,calibrated_csv,python_generated_isa_plus_offset
ENG_0001,328.0,temp_mission_001,NORMAL,CRUISE,42,stage5_mission_generator,5000.0,1524.0,5.1,843.0710955607474,70.0,4600.0,22.828410001809857,47.39027340934568,7.6948616841335085,0.564812525081237,282.11639221846826,64.25425684872476,380.6147082902319,409.5515351909111,438.48836209159043,467.4251889922697,424.0199486412508,467.4251889922697,380.6147082902319,86.81048070203781,2.8812061281419057,69.27626150027149,14.5,91.0,34.0,31.6,14.288235294117648,420.0,True,True,2400.0,8.0,328.0,0.2913482685717733,76.66666666666667,0.2913482685717733,0.174808961143064,0.11653930742870933,True,False,False,True,python_mission_generator,csv_authoritative,validated_csv,explicit_input,calibrated_csv,python_generated_isa_plus_offset
ENG_0001,329.0,temp_mission_001,NORMAL,CRUISE,42,stage5_mission_generator,5000.0,1524.0,5.1,843.0710955607474,70.0,4600.0,22.828410001809857,47.39027340934568,7.6948616841335085,0.564812525081237,282.11639221846826,64.25425684872476,380.6147082902319,409.5515351909111,438.48836209159043,467.4251889922697,424.0199486412508,467.4251889922697,380.6147082902319,86.81048070203781,2.8812061281419057,69.27626150027149,14.5,91.0,34.0,31.6,14.288235294117648,420.0,True,True,2400.0,8.0,329.0,0.2913482685717733,76.66666666666667,0.2913482685717733,0.174808961143064,0.11653930742870933,True,False,False,True,python_mission_generator,csv_authoritative,validated_csv,explicit_input,calibrated_csv,python_generated_isa_plus_offset
ENG_0001,330.0,temp_mission_001,NORMAL,CRUISE,42,stage5_mission_generator,5000.0,1524.0,5.1,843.0710955607474,70.0,4600.0,22.828410001809857,47.39027340934568,7.6948616841335085,0.564812525081237,282.11639221846826,64.25425684872476,380.6147082902319,409.5515351909111,438.48836209159043,467.4251889922697,424.0199486412508,467.4251889922697,380.6147082902319,86.81048070203781,2.8812061281419057,69.27626150027149,14.5,91.0,34.0,31.6,14.288235294117648,420.0,True,True,2400.0,8.0,330.0,0.2913482685717733,76.66666666666667,0.2913482685717733,0.174808961143064,0.11653930742870933,True,False,False,True,python_mission_generator,csv_authoritative,validated_csv,explicit_input,calibrated_csv,python_generated_isa_plus_offset
ENG_0001,331.0,temp_mission_001,NORMAL,CRUISE,42,stage5_mission_generator,5000.0,1524.0,5.1,843.0710955607474,70.0,4600.0,22.828410001809857,47.39027340934568,7.6948616841335085,0.564812525081237,282.11639221846826,64.25425684872476,380.6147082902319,409.5515351909111,438.48836209159043,467.4251889922697,424.0199486412508,467.4251889922697,380.6147082902319,86.81048070203781,2.8812061281419057,69.27626150027149,14.5,91.0,34.0,31.6,14.288235294117648,420.0,True,True,2400.0,8.0,331.0,0.2913482685717733,76.66666666666667,0.2913482685717733,0.174808961143064,0.11653930742870933,True,False,False,True,python_mission_generator,csv_authoritative,validated_csv,explicit_input,calibrated_csv,python_generated_isa_plus_offset
ENG_0001,332.0,temp_mission_001,NORMAL,CRUISE,42,stage5_mission_generator,5000.0,1524.0,5.1,843.0710955607474,70.0,4600.0,22.828410001809857,47.39027340934568,7.6948616841335085,0.564812525081237,282.11639221846826,64.25425684872476,380.6147082902319,409.5515351909111,438.48836209159043,467.4251889922697,424.0199486412508,467.4251889922697,380.6147082902319,86.81048070203781,2.8812061281419057,69.27626150027149,14.5,91.0,34.0,31.6,14.288235294117648,420.0,True,True,2400.0,8.0,332.0,0.2913482685717733,76.66666666666667,0.2913482685717733,0.174808961143064,0.11653930742870933,True,False,False,True,python_mission_generator,csv_authoritative,validated_csv,explicit_input,calibrated_csv,python_generated_isa_plus_offset
ENG_0001,333.0,temp_mission_001,NORMAL,CRUISE,42,stage5_mission_generator,5000.0,1524.0,5.1,843.0710955607474,70.0,4600.0,22.828410001809857,47.39027340934568,7.6948616841335085,0.564812525081237,282.11639221846826,64.25425684872476,380.6147082902319,409.5515351909111,438.48836209159043,467.4251889922697,424.0199486412508,467.4251889922697,380.6147082902319,86.81048070203781,2.8812061281419057,69.27626150027149,14.5,91.0,34.0,31.6,14.288235294117648,420.0,True,True,2400.0,8.0,333.0,0.2913482685717733,76.66666666666667,0.2913482685717733,0.174808961143064,0.11653930742870933,True,False,False,True,python_mission_generator,csv_authoritative,validated_csv,explicit_input,calibrated_csv,python_generated_isa_plus_offset
ENG_0001,334.0,temp_mission_001,NORMAL,CRUISE,42,stage5_mission_generator,5000.0,1524.0,5.1,843.0710955607474,70.0,4600.0,22.828410001809857,47.39027340934568,7.6948616841335085,0.564812525081237,282.11639221846826,64.25425684872476,380.6147082902319,409.5515351909111,438.48836209159043,467.4251889922697,424.0199486412508,467.4251889922697,380.6147082902319,86.81048070203781,2.8812061281419057,69.27626150027149,14.5,91.0,34.0,31.6,14.288235294117648,420.0,True,True,2400.0,8.0,334.0,0.2913482685717733,76.66666666666667,0.2913482685717733,0.174808961143064,0.11653930742870933,True,False,False,True,python_mission_generator,csv_authoritative,validated_csv,explicit_input,calibrated_csv,python_generated_isa_plus_offset
ENG_0001,335.0,temp_mission_001,NORMAL,CRUISE,42,stage5_mission_generator,5000.0,1524.0,5.1,843.0710955607474,70.0,4600.0,22.828410001809857,47.39027340934568,7.6948616841335085,0.564812525081237,282.11639221846826,64.25425684872476,380.6147082902319,409.5515351909111,438.48836209159043,467.4251889922697,424.0199486412508,467.4251889922697,380.6147082902319,86.81048070203781,2.8812061281419057,69.27626150027149,14.5,91.0,34.0,31.6,14.288235294117648,420.0,True,True,2400.0,8.0,335.0,0.2913482685717733,76.66666666666667,0.2913482685717733,0.174808961143064,0.11653930742870933,True,False,False,True,python_mission_generator,csv_authoritative,validated_csv,explicit_input,calibrated_csv,python_generated_isa_plus_offset
ENG_0001,336.0,temp_mission_001,NORMAL,CRUISE,42,stage5_mission_generator,5000.0,1524.0,5.1,843.0710955607474,70.0,4600.0,22.828410001809857,47.39027340934568,7.6948616841335085,0.564812525081237,282.11639221846826,64.25425684872476,380.6147082902319,409.5515351909111,438.48836209159043,467.4251889922697,424.0199486412508,467.4251889922697,380.6147082902319,86.81048070203781,2.8812061281419057,69.27626150027149,14.5,91.0,34.0,31.6,14.288235294117648,420.0,True,True,2400.0,8.0,336.0,0.2913482685717733,76.66666666666667,0.2913482685717733,0.174808961143064,0.11653930742870933,True,False,False,True,python_mission_generator,csv_authoritative,validated_csv,explicit_input,calibrated_csv,python_generated_isa_plus_offset
ENG_0001,337.0,temp_mission_001,NORMAL,CRUISE,42,stage5_mission_generator,5000.0,1524.0,5.1,843.0710955607474,70.0,4600.0,22.828410001809857,47.39027340934568,7.6948616841335085,0.564812525081237,282.11639221846826,64.25425684872476,380.6147082902319,409.5515351909111,438.48836209159043,467.4251889922697,424.0199486412508,467.4251889922697,380.6147082902319,86.81048070203781,2.8812061281419057,69.27626150027149,14.5,91.0,34.0,31.6,14.288235294117648,420.0,True,True,2400.0,8.0,337.0,0.2913482685717733,76.66666666666667,0.2913482685717733,0.174808961143064,0.11653930742870933,True,False,False,True,python_mission_generator,csv_authoritative,validated_csv,explicit_input,calibrated_csv,python_generated_isa_plus_offset
ENG_0001,338.0,temp_mission_001,NORMAL,CRUISE,42,stage5_mission_generator,5000.0,1524.0,5.1,843.0710955607474,70.0,4600.0,22.828410001809857,47.39027340934568,7.6948616841335085,0.564812525081237,282.11639221846826,64.25425684872476,380.6147082902319,409.5515351909111,438.48836209159043,467.4251889922697,424.0199486412508,467.4251889922697,380.6147082902319,86.81048070203781,2.8812061281419057,69.27626150027149,14.5,91.0,34.0,31.6,14.288235294117648,420.0,True,True,2400.0,8.0,338.0,0.2913482685717733,76.66666666666667,0.2913482685717733,0.174808961143064,0.11653930742870933,True,False,False,True,python_mission_generator,csv_authoritative,validated_csv,explicit_input,calibrated_csv,python_generated_isa_plus_offset
ENG_0001,339.0,temp_mission_001,NORMAL,CRUISE,42,stage5_mission_generator,5000.0,1524.0,5.1,843.0710955607474,70.0,4600.0,22.828410001809857,47.39027340934568,7.6948616841335085,0.564812525081237,282.11639221846826,64.25425684872476,380.6147082902319,409.5515351909111,438.48836209159043,467.4251889922697,424.0199486412508,467.4251889922697,380.6147082902319,86.81048070203781,2.8812061281419057,69.27626150027149,14.5,91.0,34.0,31.6,14.288235294117648,420.0,True,True,2400.0,8.0,339.0,0.2913482685717733,76.66666666666667,0.2913482685717733,0.174808961143064,0.11653930742870933,True,False,False,True,python_mission_generator,csv_authoritative,validated_csv,explicit_input,calibrated_csv,python_generated_isa_plus_offset
ENG_0001,340.0,temp_mission_001,NORMAL,CRUISE,42,stage5_mission_generator,5000.0,1524.0,5.1,843.0710955607474,70.0,4600.0,22.828410001809857,47.39027340934568,7.6948616841335085,0.564812525081237,282.11639221846826,64.25425684872476,380.6147082902319,409.5515351909111,438.48836209159043,467.4251889922697,424.0199486412508,467.4251889922697,380.6147082902319,86.81048070203781,2.8812061281419057,69.27626150027149,14.5,91.0,34.0,31.6,14.288235294117648,420.0,True,True,2400.0,8.0,340.0,0.2913482685717733,76.66666666666667,0.2913482685717733,0.174808961143064,0.11653930742870933,True,False,False,True,python_mission_generator,csv_authoritative,validated_csv,explicit_input,calibrated_csv,python_generated_isa_plus_offset
ENG_0001,341.0,temp_mission_001,NORMAL,CRUISE,42,stage5_mission_generator,5000.0,1524.0,5.1,843.0710955607474,70.0,4600.0,22.828410001809857,47.39027340934568,7.6948616841335085,0.564812525081237,282.11639221846826,64.25425684872476,380.6147082902319,409.5515351909111,438.48836209159043,467.4251889922697,424.0199486412508,467.4251889922697,380.6147082902319,86.81048070203781,2.8812061281419057,69.27626150027149,14.5,91.0,34.0,31.6,14.288235294117648,420.0,True,True,2400.0,8.0,341.0,0.2913482685717733,76.66666666666667,0.2913482685717733,0.174808961143064,0.11653930742870933,True,False,False,True,python_mission_generator,csv_authoritative,validated_csv,explicit_input,calibrated_csv,python_generated_isa_plus_offset
ENG_0001,342.0,temp_mission_001,NORMAL,CRUISE,42,stage5_mission_generator,5000.0,1524.0,5.1,843.0710955607474,70.0,4600.0,22.828410001809857,47.39027340934568,7.6948616841335085,0.564812525081237,282.11639221846826,64.25425684872476,380.6147082902319,409.5515351909111,438.48836209159043,467.4251889922697,424.0199486412508,467.4251889922697,380.6147082902319,86.81048070203781,2.8812061281419057,69.27626150027149,14.5,91.0,34.0,31.6,14.288235294117648,420.0,True,True,2400.0,8.0,342.0,0.2913482685717733,76.66666666666667,0.2913482685717733,0.174808961143064,0.11653930742870933,True,False,False,True,python_mission_generator,csv_authoritative,validated_csv,explicit_input,calibrated_csv,python_generated_isa_plus_offset
ENG_0001,343.0,temp_mission_001,NORMAL,CRUISE,42,stage5_mission_generator,5000.0,1524.0,5.1,843.0710955607474,70.0,4600.0,22.828410001809857,47.39027340934568,7.6948616841335085,0.564812525081237,282.11639221846826,64.25425684872476,380.6147082902319,409.5515351909111,438.48836209159043,467.4251889922697,424.0199486412508,467.4251889922697,380.6147082902319,86.81048070203781,2.8812061281419057,69.27626150027149,14.5,91.0,34.0,31.6,14.288235294117648,420.0,True,True,2400.0,8.0,343.0,0.2913482685717733,76.66666666666667,0.2913482685717733,0.174808961143064,0.11653930742870933,True,False,False,True,python_mission_generator,csv_authoritative,validated_csv,explicit_input,calibrated_csv,python_generated_isa_plus_offset
ENG_0001,344.0,temp_mission_001,NORMAL,CRUISE,42,stage5_mission_generator,5000.0,1524.0,5.1,843.0710955607474,70.0,4600.0,22.828410001809857,47.39027340934568,7.6948616841335085,0.564812525081237,282.11639221846826,64.25425684872476,380.6147082902319,409.5515351909111,438.48836209159043,467.4251889922697,424.0199486412508,467.4251889922697,380.6147082902319,86.81048070203781,2.8812061281419057,69.27626150027149,14.5,91.0,34.0,31.6,14.288235294117648,420.0,True,True,2400.0,8.0,344.0,0.2913482685717733,76.66666666666667,0.2913482685717733,0.174808961143064,0.11653930742870933,True,False,False,True,python_mission_generator,csv_authoritative,validated_csv,explicit_input,calibrated_csv,python_generated_isa_plus_offset
ENG_0001,345.0,temp_mission_001,NORMAL,CRUISE,42,stage5_mission_generator,5000.0,1524.0,5.1,843.0710955607474,70.0,4600.0,22.828410001809857,47.39027340934568,7.6948616841335085,0.564812525081237,282.11639221846826,64.25425684872476,380.6147082902319,409.5515351909111,438.48836209159043,467.4251889922697,424.0199486412508,467.4251889922697,380.6147082902319,86.81048070203781,2.8812061281419057,69.27626150027149,14.5,91.0,34.0,31.6,14.288235294117648,420.0,True,True,2400.0,8.0,345.0,0.2913482685717733,76.66666666666667,0.2913482685717733,0.174808961143064,0.11653930742870933,True,False,False,True,python_mission_generator,csv_authoritative,validated_csv,explicit_input,calibrated_csv,python_generated_isa_plus_offset
ENG_0001,346.0,temp_mission_001,NORMAL,CRUISE,42,stage5_mission_generator,5000.0,1524.0,5.1,843.0710955607474,70.0,4600.0,22.828410001809857,47.39027340934568,7.6948616841335085,0.564812525081237,282.11639221846826,64.25425684872476,380.6147082902319,409.5515351909111,438.48836209159043,467.4251889922697,424.0199486412508,467.4251889922697,380.6147082902319,86.81048070203781,2.8812061281419057,69.27626150027149,14.5,91.0,34.0,31.6,14.288235294117648,420.0,True,True,2400.0,8.0,346.0,0.2913482685717733,76.66666666666667,0.2913482685717733,0.174808961143064,0.11653930742870933,True,False,False,True,python_mission_generator,csv_authoritative,validated_csv,explicit_input,calibrated_csv,python_generated_isa_plus_offset
ENG_0001,347.0,temp_mission_001,NORMAL,CRUISE,42,stage5_mission_generator,5000.0,1524.0,5.1,843.0710955607474,70.0,4600.0,22.828410001809857,47.39027340934568,7.6948616841335085,0.564812525081237,282.11639221846826,64.25425684872476,380.6147082902319,409.5515351909111,438.48836209159043,467.4251889922697,424.0199486412508,467.4251889922697,380.6147082902319,86.81048070203781,2.8812061281419057,69.27626150027149,14.5,91.0,34.0,31.6,14.288235294117648,420.0,True,True,2400.0,8.0,347.0,0.2913482685717733,76.66666666666667,0.2913482685717733,0.174808961143064,0.11653930742870933,True,False,False,True,python_mission_generator,csv_authoritative,validated_csv,explicit_input,calibrated_csv,python_generated_isa_plus_offset
ENG_0001,348.0,temp_mission_001,NORMAL,CRUISE,42,stage5_mission_generator,5000.0,1524.0,5.1,843.0710955607474,70.0,4600.0,22.828410001809857,47.39027340934568,7.6948616841335085,0.564812525081237,282.11639221846826,64.25425684872476,380.6147082902319,409.5515351909111,438.48836209159043,467.4251889922697,424.0199486412508,467.4251889922697,380.6147082902319,86.81048070203781,2.8812061281419057,69.27626150027149,14.5,91.0,34.0,31.6,14.288235294117648,420.0,True,True,2400.0,8.0,348.0,0.2913482685717733,76.66666666666667,0.2913482685717733,0.174808961143064,0.11653930742870933,True,False,False,True,python_mission_generator,csv_authoritative,validated_csv,explicit_input,calibrated_csv,python_generated_isa_plus_offset
ENG_0001,349.0,temp_mission_001,NORMAL,CRUISE,42,stage5_mission_generator,5000.0,1524.0,5.1,843.0710955607474,70.0,4600.0,22.828410001809857,47.39027340934568,7.6948616841335085,0.564812525081237,282.11639221846826,64.25425684872476,380.6147082902319,409.5515351909111,438.48836209159043,467.4251889922697,424.0199486412508,467.4251889922697,380.6147082902319,86.81048070203781,2.8812061281419057,69.27626150027149,14.5,91.0,34.0,31.6,14.288235294117648,420.0,True,True,2400.0,8.0,349.0,0.2913482685717733,76.66666666666667,0.2913482685717733,0.174808961143064,0.11653930742870933,True,False,False,True,python_mission_generator,csv_authoritative,validated_csv,explicit_input,calibrated_csv,python_generated_isa_plus_offset
ENG_0001,350.0,temp_mission_001,NORMAL,CRUISE,42,stage5_mission_generator,5000.0,1524.0,5.1,843.0710955607474,70.0,4600.0,22.828410001809857,47.39027340934568,7.6948616841335085,0.564812525081237,282.11639221846826,64.25425684872476,380.6147082902319,409.5515351909111,438.48836209159043,467.4251889922697,424.0199486412508,467.4251889922697,380.6147082902319,86.81048070203781,2.8812061281419057,69.27626150027149,14.5,91.0,34.0,31.6,14.288235294117648,420.0,True,True,2400.0,8.0,350.0,0.2913482685717733,76.66666666666667,0.2913482685717733,0.174808961143064,0.11653930742870933,True,False,False,True,python_mission_generator,csv_authoritative,validated_csv,explicit_input,calibrated_csv,python_generated_isa_plus_offset
ENG_0001,351.0,temp_mission_001,NORMAL,CRUISE,42,stage5_mission_generator,5000.0,1524.0,5.1,843.0710955607474,70.0,4600.0,22.828410001809857,47.39027340934568,7.6948616841335085,0.564812525081237,282.11639221846826,64.25425684872476,380.6147082902319,409.5515351909111,438.48836209159043,467.4251889922697,424.0199486412508,467.4251889922697,380.6147082902319,86.81048070203781,2.8812061281419057,69.27626150027149,14.5,91.0,34.0,31.6,14.288235294117648,420.0,True,True,2400.0,8.0,351.0,0.2913482685717733,76.66666666666667,0.2913482685717733,0.174808961143064,0.11653930742870933,True,False,False,True,python_mission_generator,csv_authoritative,validated_csv,explicit_input,calibrated_csv,python_generated_isa_plus_offset
ENG_0001,352.0,temp_mission_001,NORMAL,CRUISE,42,stage5_mission_generator,5000.0,1524.0,5.1,843.0710955607474,70.0,4600.0,22.828410001809857,47.39027340934568,7.6948616841335085,0.564812525081237,282.11639221846826,64.25425684872476,380.6147082902319,409.5515351909111,438.48836209159043,467.4251889922697,424.0199486412508,467.4251889922697,380.6147082902319,86.81048070203781,2.8812061281419057,69.27626150027149,14.5,91.0,34.0,31.6,14.288235294117648,420.0,True,True,2400.0,8.0,352.0,0.2913482685717733,76.66666666666667,0.2913482685717733,0.174808961143064,0.11653930742870933,True,False,False,True,python_mission_generator,csv_authoritative,validated_csv,explicit_input,calibrated_csv,python_generated_isa_plus_offset
ENG_0001,353.0,temp_mission_001,NORMAL,CRUISE,42,stage5_mission_generator,5000.0,1524.0,5.1,843.0710955607474,70.0,4600.0,22.828410001809857,47.39027340934568,7.6948616841335085,0.564812525081237,282.11639221846826,64.25425684872476,380.6147082902319,409.5515351909111,438.48836209159043,467.4251889922697,424.0199486412508,467.4251889922697,380.6147082902319,86.81048070203781,2.8812061281419057,69.27626150027149,14.5,91.0,34.0,31.6,14.288235294117648,420.0,True,True,2400.0,8.0,353.0,0.2913482685717733,76.66666666666667,0.2913482685717733,0.174808961143064,0.11653930742870933,True,False,False,True,python_mission_generator,csv_authoritative,validated_csv,explicit_input,calibrated_csv,python_generated_isa_plus_offset
ENG_0001,354.0,temp_mission_001,NORMAL,CRUISE,42,stage5_mission_generator,5000.0,1524.0,5.1,843.0710955607474,70.0,4600.0,22.828410001809857,47.39027340934568,7.6948616841335085,0.564812525081237,282.11639221846826,64.25425684872476,380.6147082902319,409.5515351909111,438.48836209159043,467.4251889922697,424.0199486412508,467.4251889922697,380.6147082902319,86.81048070203781,2.8812061281419057,69.27626150027149,14.5,91.0,34.0,31.6,14.288235294117648,420.0,True,True,2400.0,8.0,354.0,0.2913482685717733,76.66666666666667,0.2913482685717733,0.174808961143064,0.11653930742870933,True,False,False,True,python_mission_generator,csv_authoritative,validated_csv,explicit_input,calibrated_csv,python_generated_isa_plus_offset
ENG_0001,355.0,temp_mission_001,NORMAL,CRUISE,42,stage5_mission_generator,5000.0,1524.0,5.1,843.0710955607474,70.0,4600.0,22.828410001809857,47.39027340934568,7.6948616841335085,0.564812525081237,282.11639221846826,64.25425684872476,380.6147082902319,409.5515351909111,438.48836209159043,467.4251889922697,424.0199486412508,467.4251889922697,380.6147082902319,86.81048070203781,2.8812061281419057,69.27626150027149,14.5,91.0,34.0,31.6,14.288235294117648,420.0,True,True,2400.0,8.0,355.0,0.2913482685717733,76.66666666666667,0.2913482685717733,0.174808961143064,0.11653930742870933,True,False,False,True,python_mission_generator,csv_authoritative,validated_csv,explicit_input,calibrated_csv,python_generated_isa_plus_offset
ENG_0001,356.0,temp_mission_001,NORMAL,CRUISE,42,stage5_mission_generator,5000.0,1524.0,5.1,843.0710955607474,70.0,4600.0,22.828410001809857,47.39027340934568,7.6948616841335085,0.564812525081237,282.11639221846826,64.25425684872476,380.6147082902319,409.5515351909111,438.48836209159043,467.4251889922697,424.0199486412508,467.4251889922697,380.6147082902319,86.81048070203781,2.8812061281419057,69.27626150027149,14.5,91.0,34.0,31.6,14.288235294117648,420.0,True,True,2400.0,8.0,356.0,0.2913482685717733,76.66666666666667,0.2913482685717733,0.174808961143064,0.11653930742870933,True,False,False,True,python_mission_generator,csv_authoritative,validated_csv,explicit_input,calibrated_csv,python_generated_isa_plus_offset
ENG_0001,357.0,temp_mission_001,NORMAL,CRUISE,42,stage5_mission_generator,5000.0,1524.0,5.1,843.0710955607474,70.0,4600.0,22.828410001809857,47.39027340934568,7.6948616841335085,0.564812525081237,282.11639221846826,64.25425684872476,380.6147082902319,409.5515351909111,438.48836209159043,467.4251889922697,424.0199486412508,467.4251889922697,380.6147082902319,86.81048070203781,2.8812061281419057,69.27626150027149,14.5,91.0,34.0,31.6,14.288235294117648,420.0,True,True,2400.0,8.0,357.0,0.2913482685717733,76.66666666666667,0.2913482685717733,0.174808961143064,0.11653930742870933,True,False,False,True,python_mission_generator,csv_authoritative,validated_csv,explicit_input,calibrated_csv,python_generated_isa_plus_offset
ENG_0001,358.0,temp_mission_001,NORMAL,CRUISE,42,stage5_mission_generator,5000.0,1524.0,5.1,843.0710955607474,70.0,4600.0,22.828410001809857,47.39027340934568,7.6948616841335085,0.564812525081237,282.11639221846826,64.25425684872476,380.6147082902319,409.5515351909111,438.48836209159043,467.4251889922697,424.0199486412508,467.4251889922697,380.6147082902319,86.81048070203781,2.8812061281419057,69.27626150027149,14.5,91.0,34.0,31.6,14.288235294117648,420.0,True,True,2400.0,8.0,358.0,0.2913482685717733,76.66666666666667,0.2913482685717733,0.174808961143064,0.11653930742870933,True,False,False,True,python_mission_generator,csv_authoritative,validated_csv,explicit_input,calibrated_csv,python_generated_isa_plus_offset
ENG_0001,359.0,temp_mission_001,NORMAL,CRUISE,42,stage5_mission_generator,5000.0,1524.0,5.1,843.0710955607474,70.0,4600.0,22.828410001809857,47.39027340934568,7.6948616841335085,0.564812525081237,282.11639221846826,64.25425684872476,380.6147082902319,409.5515351909111,438.48836209159043,467.4251889922697,424.0199486412508,467.4251889922697,380.6147082902319,86.81048070203781,2.8812061281419057,69.27626150027149,14.5,91.0,34.0,31.6,14.288235294117648,420.0,True,True,2400.0,8.0,359.0,0.2913482685717733,76.66666666666667,0.2913482685717733,0.174808961143064,0.11653930742870933,True,False,False,True,python_mission_generator,csv_authoritative,validated_csv,explicit_input,calibrated_csv,python_generated_isa_plus_offset
ENG_0001,360.0,temp_mission_001,NORMAL,CRUISE,42,stage5_mission_generator,5000.0,1524.0,5.1,843.0710955607474,70.0,4600.0,22.828410001809857,47.39027340934568,7.6948616841335085,0.564812525081237,282.11639221846826,64.25425684872476,380.6147082902319,409.5515351909111,438.48836209159043,467.4251889922697,424.0199486412508,467.4251889922697,380.6147082902319,86.81048070203781,2.8812061281419057,69.27626150027149,14.5,91.0,34.0,31.6,14.288235294117648,420.0,True,True,2400.0,8.0,360.0,0.2913482685717733,76.66666666666667,0.2913482685717733,0.174808961143064,0.11653930742870933,True,False,False,True,python_mission_generator,csv_authoritative,validated_csv,explicit_input,calibrated_csv,python_generated_isa_plus_offset
ENG_0001,361.0,temp_mission_001,NORMAL,CRUISE,42,stage5_mission_generator,5000.0,1524.0,5.1,843.0710955607474,70.0,4600.0,22.828410001809857,47.39027340934568,7.6948616841335085,0.564812525081237,282.11639221846826,64.25425684872476,380.6147082902319,409.5515351909111,438.48836209159043,467.4251889922697,424.0199486412508,467.4251889922697,380.6147082902319,86.81048070203781,2.8812061281419057,69.27626150027149,14.5,91.0,34.0,31.6,14.288235294117648,420.0,True,True,2400.0,8.0,361.0,0.2913482685717733,76.66666666666667,0.2913482685717733,0.174808961143064,0.11653930742870933,True,False,False,True,python_mission_generator,csv_authoritative,validated_csv,explicit_input,calibrated_csv,python_generated_isa_plus_offset
ENG_0001,362.0,temp_mission_001,NORMAL,CRUISE,42,stage5_mission_generator,5000.0,1524.0,5.1,843.0710955607474,70.0,4600.0,22.828410001809857,47.39027340934568,7.6948616841335085,0.564812525081237,282.11639221846826,64.25425684872476,380.6147082902319,409.5515351909111,438.48836209159043,467.4251889922697,424.0199486412508,467.4251889922697,380.6147082902319,86.81048070203781,2.8812061281419057,69.27626150027149,14.5,91.0,34.0,31.6,14.288235294117648,420.0,True,True,2400.0,8.0,362.0,0.2913482685717733,76.66666666666667,0.2913482685717733,0.174808961143064,0.11653930742870933,True,False,False,True,python_mission_generator,csv_authoritative,validated_csv,explicit_input,calibrated_csv,python_generated_isa_plus_offset
ENG_0001,363.0,temp_mission_001,NORMAL,CRUISE,42,stage5_mission_generator,5000.0,1524.0,5.1,843.0710955607474,70.0,4600.0,22.828410001809857,47.39027340934568,7.6948616841335085,0.564812525081237,282.11639221846826,64.25425684872476,380.6147082902319,409.5515351909111,438.48836209159043,467.4251889922697,424.0199486412508,467.4251889922697,380.6147082902319,86.81048070203781,2.8812061281419057,69.27626150027149,14.5,91.0,34.0,31.6,14.288235294117648,420.0,True,True,2400.0,8.0,363.0,0.2913482685717733,76.66666666666667,0.2913482685717733,0.174808961143064,0.11653930742870933,True,False,False,True,python_mission_generator,csv_authoritative,validated_csv,explicit_input,calibrated_csv,python_generated_isa_plus_offset
ENG_0001,364.0,temp_mission_001,NORMAL,CRUISE,42,stage5_mission_generator,5000.0,1524.0,5.1,843.0710955607474,70.0,4600.0,22.828410001809857,47.39027340934568,7.6948616841335085,0.564812525081237,282.11639221846826,64.25425684872476,380.6147082902319,409.5515351909111,438.48836209159043,467.4251889922697,424.0199486412508,467.4251889922697,380.6147082902319,86.81048070203781,2.8812061281419057,69.27626150027149,14.5,91.0,34.0,31.6,14.288235294117648,420.0,True,True,2400.0,8.0,364.0,0.2913482685717733,76.66666666666667,0.2913482685717733,0.174808961143064,0.11653930742870933,True,False,False,True,python_mission_generator,csv_authoritative,validated_csv,explicit_input,calibrated_csv,python_generated_isa_plus_offset
ENG_0001,365.0,temp_mission_001,NORMAL,CRUISE,42,stage5_mission_generator,5000.0,1524.0,5.1,843.0710955607474,70.0,4600.0,22.828410001809857,47.39027340934568,7.6948616841335085,0.564812525081237,282.11639221846826,64.25425684872476,380.6147082902319,409.5515351909111,438.48836209159043,467.4251889922697,424.0199486412508,467.4251889922697,380.6147082902319,86.81048070203781,2.8812061281419057,69.27626150027149,14.5,91.0,34.0,31.6,14.288235294117648,420.0,True,True,2400.0,8.0,365.0,0.2913482685717733,76.66666666666667,0.2913482685717733,0.174808961143064,0.11653930742870933,True,False,False,True,python_mission_generator,csv_authoritative,validated_csv,explicit_input,calibrated_csv,python_generated_isa_plus_offset
ENG_0001,366.0,temp_mission_001,NORMAL,CRUISE,42,stage5_mission_generator,5000.0,1524.0,5.1,843.0710955607474,70.0,4600.0,22.828410001809857,47.39027340934568,7.6948616841335085,0.564812525081237,282.11639221846826,64.25425684872476,380.6147082902319,409.5515351909111,438.48836209159043,467.4251889922697,424.0199486412508,467.4251889922697,380.6147082902319,86.81048070203781,2.8812061281419057,69.27626150027149,14.5,91.0,34.0,31.6,14.288235294117648,420.0,True,True,2400.0,8.0,366.0,0.2913482685717733,76.66666666666667,0.2913482685717733,0.174808961143064,0.11653930742870933,True,False,False,True,python_mission_generator,csv_authoritative,validated_csv,explicit_input,calibrated_csv,python_generated_isa_plus_offset
ENG_0001,367.0,temp_mission_001,NORMAL,CRUISE,42,stage5_mission_generator,5000.0,1524.0,5.1,843.0710955607474,70.0,4600.0,22.828410001809857,47.39027340934568,7.6948616841335085,0.564812525081237,282.11639221846826,64.25425684872476,380.6147082902319,409.5515351909111,438.48836209159043,467.4251889922697,424.0199486412508,467.4251889922697,380.6147082902319,86.81048070203781,2.8812061281419057,69.27626150027149,14.5,91.0,34.0,31.6,14.288235294117648,420.0,True,True,2400.0,8.0,367.0,0.2913482685717733,76.66666666666667,0.2913482685717733,0.174808961143064,0.11653930742870933,True,False,False,True,python_mission_generator,csv_authoritative,validated_csv,explicit_input,calibrated_csv,python_generated_isa_plus_offset
ENG_0001,368.0,temp_mission_001,NORMAL,CRUISE,42,stage5_mission_generator,5000.0,1524.0,5.1,843.0710955607474,70.0,4600.0,22.828410001809857,47.39027340934568,7.6948616841335085,0.564812525081237,282.11639221846826,64.25425684872476,380.6147082902319,409.5515351909111,438.48836209159043,467.4251889922697,424.0199486412508,467.4251889922697,380.6147082902319,86.81048070203781,2.8812061281419057,69.27626150027149,14.5,91.0,34.0,31.6,14.288235294117648,420.0,True,True,2400.0,8.0,368.0,0.2913482685717733,76.66666666666667,0.2913482685717733,0.174808961143064,0.11653930742870933,True,False,False,True,python_mission_generator,csv_authoritative,validated_csv,explicit_input,calibrated_csv,python_generated_isa_plus_offset
ENG_0001,369.0,temp_mission_001,NORMAL,CRUISE,42,stage5_mission_generator,5000.0,1524.0,5.1,843.0710955607474,70.0,4600.0,22.828410001809857,47.39027340934568,7.6948616841335085,0.564812525081237,282.11639221846826,64.25425684872476,380.6147082902319,409.5515351909111,438.48836209159043,467.4251889922697,424.0199486412508,467.4251889922697,380.6147082902319,86.81048070203781,2.8812061281419057,69.27626150027149,14.5,91.0,34.0,31.6,14.288235294117648,420.0,True,True,2400.0,8.0,369.0,0.2913482685717733,76.66666666666667,0.2913482685717733,0.174808961143064,0.11653930742870933,True,False,False,True,python_mission_generator,csv_authoritative,validated_csv,explicit_input,calibrated_csv,python_generated_isa_plus_offset
ENG_0001,370.0,temp_mission_001,NORMAL,CRUISE,42,stage5_mission_generator,5000.0,1524.0,5.1,843.0710955607474,70.0,4600.0,22.828410001809857,47.39027340934568,7.6948616841335085,0.564812525081237,282.11639221846826,64.25425684872476,380.6147082902319,409.5515351909111,438.48836209159043,467.4251889922697,424.0199486412508,467.4251889922697,380.6147082902319,86.81048070203781,2.8812061281419057,69.27626150027149,14.5,91.0,34.0,31.6,14.288235294117648,420.0,True,True,2400.0,8.0,370.0,0.2913482685717733,76.66666666666667,0.2913482685717733,0.174808961143064,0.11653930742870933,True,False,False,True,python_mission_generator,csv_authoritative,validated_csv,explicit_input,calibrated_csv,python_generated_isa_plus_offset
ENG_0001,371.0,temp_mission_001,NORMAL,CRUISE,42,stage5_mission_generator,5000.0,1524.0,5.1,843.0710955607474,70.0,4600.0,22.828410001809857,47.39027340934568,7.6948616841335085,0.564812525081237,282.11639221846826,64.25425684872476,380.6147082902319,409.5515351909111,438.48836209159043,467.4251889922697,424.0199486412508,467.4251889922697,380.6147082902319,86.81048070203781,2.8812061281419057,69.27626150027149,14.5,91.0,34.0,31.6,14.288235294117648,420.0,True,True,2400.0,8.0,371.0,0.2913482685717733,76.66666666666667,0.2913482685717733,0.174808961143064,0.11653930742870933,True,False,False,True,python_mission_generator,csv_authoritative,validated_csv,explicit_input,calibrated_csv,python_generated_isa_plus_offset
ENG_0001,372.0,temp_mission_001,NORMAL,CRUISE,42,stage5_mission_generator,5000.0,1524.0,5.1,843.0710955607474,70.0,4600.0,22.828410001809857,47.39027340934568,7.6948616841335085,0.564812525081237,282.11639221846826,64.25425684872476,380.6147082902319,409.5515351909111,438.48836209159043,467.4251889922697,424.0199486412508,467.4251889922697,380.6147082902319,86.81048070203781,2.8812061281419057,69.27626150027149,14.5,91.0,34.0,31.6,14.288235294117648,420.0,True,True,2400.0,8.0,372.0,0.2913482685717733,76.66666666666667,0.2913482685717733,0.174808961143064,0.11653930742870933,True,False,False,True,python_mission_generator,csv_authoritative,validated_csv,explicit_input,calibrated_csv,python_generated_isa_plus_offset
ENG_0001,373.0,temp_mission_001,NORMAL,CRUISE,42,stage5_mission_generator,5000.0,1524.0,5.1,843.0710955607474,70.0,4600.0,22.828410001809857,47.39027340934568,7.6948616841335085,0.564812525081237,282.11639221846826,64.25425684872476,380.6147082902319,409.5515351909111,438.48836209159043,467.4251889922697,424.0199486412508,467.4251889922697,380.6147082902319,86.81048070203781,2.8812061281419057,69.27626150027149,14.5,91.0,34.0,31.6,14.288235294117648,420.0,True,True,2400.0,8.0,373.0,0.2913482685717733,76.66666666666667,0.2913482685717733,0.174808961143064,0.11653930742870933,True,False,False,True,python_mission_generator,csv_authoritative,validated_csv,explicit_input,calibrated_csv,python_generated_isa_plus_offset
ENG_0001,374.0,temp_mission_001,NORMAL,CRUISE,42,stage5_mission_generator,5000.0,1524.0,5.1,843.0710955607474,70.0,4600.0,22.828410001809857,47.39027340934568,7.6948616841335085,0.564812525081237,282.11639221846826,64.25425684872476,380.6147082902319,409.5515351909111,438.48836209159043,467.4251889922697,424.0199486412508,467.4251889922697,380.6147082902319,86.81048070203781,2.8812061281419057,69.27626150027149,14.5,91.0,34.0,31.6,14.288235294117648,420.0,True,True,2400.0,8.0,374.0,0.2913482685717733,76.66666666666667,0.2913482685717733,0.174808961143064,0.11653930742870933,True,False,False,True,python_mission_generator,csv_authoritative,validated_csv,explicit_input,calibrated_csv,python_generated_isa_plus_offset
ENG_0001,375.0,temp_mission_001,NORMAL,CRUISE,42,stage5_mission_generator,5000.0,1524.0,5.1,843.0710955607474,70.0,4600.0,22.828410001809857,47.39027340934568,7.6948616841335085,0.564812525081237,282.11639221846826,64.25425684872476,380.6147082902319,409.5515351909111,438.48836209159043,467.4251889922697,424.0199486412508,467.4251889922697,380.6147082902319,86.81048070203781,2.8812061281419057,69.27626150027149,14.5,91.0,34.0,31.6,14.288235294117648,420.0,True,True,2400.0,8.0,375.0,0.2913482685717733,76.66666666666667,0.2913482685717733,0.174808961143064,0.11653930742870933,True,False,False,True,python_mission_generator,csv_authoritative,validated_csv,explicit_input,calibrated_csv,python_generated_isa_plus_offset
ENG_0001,376.0,temp_mission_001,NORMAL,CRUISE,42,stage5_mission_generator,5000.0,1524.0,5.1,843.0710955607474,70.0,4600.0,22.828410001809857,47.39027340934568,7.6948616841335085,0.564812525081237,282.11639221846826,64.25425684872476,380.6147082902319,409.5515351909111,438.48836209159043,467.4251889922697,424.0199486412508,467.4251889922697,380.6147082902319,86.81048070203781,2.8812061281419057,69.27626150027149,14.5,91.0,34.0,31.6,14.288235294117648,420.0,True,True,2400.0,8.0,376.0,0.2913482685717733,76.66666666666667,0.2913482685717733,0.174808961143064,0.11653930742870933,True,False,False,True,python_mission_generator,csv_authoritative,validated_csv,explicit_input,calibrated_csv,python_generated_isa_plus_offset
ENG_0001,377.0,temp_mission_001,NORMAL,CRUISE,42,stage5_mission_generator,5000.0,1524.0,5.1,843.0710955607474,70.0,4600.0,22.828410001809857,47.39027340934568,7.6948616841335085,0.564812525081237,282.11639221846826,64.25425684872476,380.6147082902319,409.5515351909111,438.48836209159043,467.4251889922697,424.0199486412508,467.4251889922697,380.6147082902319,86.81048070203781,2.8812061281419057,69.27626150027149,14.5,91.0,34.0,31.6,14.288235294117648,420.0,True,True,2400.0,8.0,377.0,0.2913482685717733,76.66666666666667,0.2913482685717733,0.174808961143064,0.11653930742870933,True,False,False,True,python_mission_generator,csv_authoritative,validated_csv,explicit_input,calibrated_csv,python_generated_isa_plus_offset
ENG_0001,378.0,temp_mission_001,NORMAL,CRUISE,42,stage5_mission_generator,5000.0,1524.0,5.1,843.0710955607474,70.0,4600.0,22.828410001809857,47.39027340934568,7.6948616841335085,0.564812525081237,282.11639221846826,64.25425684872476,380.6147082902319,409.5515351909111,438.48836209159043,467.4251889922697,424.0199486412508,467.4251889922697,380.6147082902319,86.81048070203781,2.8812061281419057,69.27626150027149,14.5,91.0,34.0,31.6,14.288235294117648,420.0,True,True,2400.0,8.0,378.0,0.2913482685717733,76.66666666666667,0.2913482685717733,0.174808961143064,0.11653930742870933,True,False,False,True,python_mission_generator,csv_authoritative,validated_csv,explicit_input,calibrated_csv,python_generated_isa_plus_offset
ENG_0001,379.0,temp_mission_001,NORMAL,CRUISE,42,stage5_mission_generator,5000.0,1524.0,5.1,843.0710955607474,70.0,4600.0,22.828410001809857,47.39027340934568,7.6948616841335085,0.564812525081237,282.11639221846826,64.25425684872476,380.6147082902319,409.5515351909111,438.48836209159043,467.4251889922697,424.0199486412508,467.4251889922697,380.6147082902319,86.81048070203781,2.8812061281419057,69.27626150027149,14.5,91.0,34.0,31.6,14.288235294117648,420.0,True,True,2400.0,8.0,379.0,0.2913482685717733,76.66666666666667,0.2913482685717733,0.174808961143064,0.11653930742870933,True,False,False,True,python_mission_generator,csv_authoritative,validated_csv,explicit_input,calibrated_csv,python_generated_isa_plus_offset
ENG_0001,380.0,temp_mission_001,NORMAL,CRUISE,42,stage5_mission_generator,5000.0,1524.0,5.1,843.0710955607474,70.0,4600.0,22.828410001809857,47.39027340934568,7.6948616841335085,0.564812525081237,282.11639221846826,64.25425684872476,380.6147082902319,409.5515351909111,438.48836209159043,467.4251889922697,424.0199486412508,467.4251889922697,380.6147082902319,86.81048070203781,2.8812061281419057,69.27626150027149,14.5,91.0,34.0,31.6,14.288235294117648,420.0,True,True,2400.0,8.0,380.0,0.2913482685717733,76.66666666666667,0.2913482685717733,0.174808961143064,0.11653930742870933,True,False,False,True,python_mission_generator,csv_authoritative,validated_csv,explicit_input,calibrated_csv,python_generated_isa_plus_offset
ENG_0001,381.0,temp_mission_001,NORMAL,CRUISE,42,stage5_mission_generator,5000.0,1524.0,5.1,843.0710955607474,70.0,4600.0,22.828410001809857,47.39027340934568,7.6948616841335085,0.564812525081237,282.11639221846826,64.25425684872476,380.6147082902319,409.5515351909111,438.48836209159043,467.4251889922697,424.0199486412508,467.4251889922697,380.6147082902319,86.81048070203781,2.8812061281419057,69.27626150027149,14.5,91.0,34.0,31.6,14.288235294117648,420.0,True,True,2400.0,8.0,381.0,0.2913482685717733,76.66666666666667,0.2913482685717733,0.174808961143064,0.11653930742870933,True,False,False,True,python_mission_generator,csv_authoritative,validated_csv,explicit_input,calibrated_csv,python_generated_isa_plus_offset
ENG_0001,382.0,temp_mission_001,NORMAL,CRUISE,42,stage5_mission_generator,5000.0,1524.0,5.1,843.0710955607474,70.0,4600.0,22.828410001809857,47.39027340934568,7.6948616841335085,0.564812525081237,282.11639221846826,64.25425684872476,380.6147082902319,409.5515351909111,438.48836209159043,467.4251889922697,424.0199486412508,467.4251889922697,380.6147082902319,86.81048070203781,2.8812061281419057,69.27626150027149,14.5,91.0,34.0,31.6,14.288235294117648,420.0,True,True,2400.0,8.0,382.0,0.2913482685717733,76.66666666666667,0.2913482685717733,0.174808961143064,0.11653930742870933,True,False,False,True,python_mission_generator,csv_authoritative,validated_csv,explicit_input,calibrated_csv,python_generated_isa_plus_offset
ENG_0001,383.0,temp_mission_001,NORMAL,CRUISE,42,stage5_mission_generator,5000.0,1524.0,5.1,843.0710955607474,70.0,4600.0,22.828410001809857,47.39027340934568,7.6948616841335085,0.564812525081237,282.11639221846826,64.25425684872476,380.6147082902319,409.5515351909111,438.48836209159043,467.4251889922697,424.0199486412508,467.4251889922697,380.6147082902319,86.81048070203781,2.8812061281419057,69.27626150027149,14.5,91.0,34.0,31.6,14.288235294117648,420.0,True,True,2400.0,8.0,383.0,0.2913482685717733,76.66666666666667,0.2913482685717733,0.174808961143064,0.11653930742870933,True,False,False,True,python_mission_generator,csv_authoritative,validated_csv,explicit_input,calibrated_csv,python_generated_isa_plus_offset
ENG_0001,384.0,temp_mission_001,NORMAL,CRUISE,42,stage5_mission_generator,5000.0,1524.0,5.1,843.0710955607474,70.0,4600.0,22.828410001809857,47.39027340934568,7.6948616841335085,0.564812525081237,282.11639221846826,64.25425684872476,380.6147082902319,409.5515351909111,438.48836209159043,467.4251889922697,424.0199486412508,467.4251889922697,380.6147082902319,86.81048070203781,2.8812061281419057,69.27626150027149,14.5,91.0,34.0,31.6,14.288235294117648,420.0,True,True,2400.0,8.0,384.0,0.2913482685717733,76.66666666666667,0.2913482685717733,0.174808961143064,0.11653930742870933,True,False,False,True,python_mission_generator,csv_authoritative,validated_csv,explicit_input,calibrated_csv,python_generated_isa_plus_offset
ENG_0001,385.0,temp_mission_001,NORMAL,CRUISE,42,stage5_mission_generator,5000.0,1524.0,5.1,843.0710955607474,70.0,4600.0,22.828410001809857,47.39027340934568,7.6948616841335085,0.564812525081237,282.11639221846826,64.25425684872476,380.6147082902319,409.5515351909111,438.48836209159043,467.4251889922697,424.0199486412508,467.4251889922697,380.6147082902319,86.81048070203781,2.8812061281419057,69.27626150027149,14.5,91.0,34.0,31.6,14.288235294117648,420.0,True,True,2400.0,8.0,385.0,0.2913482685717733,76.66666666666667,0.2913482685717733,0.174808961143064,0.11653930742870933,True,False,False,True,python_mission_generator,csv_authoritative,validated_csv,explicit_input,calibrated_csv,python_generated_isa_plus_offset
ENG_0001,386.0,temp_mission_001,NORMAL,CRUISE,42,stage5_mission_generator,5000.0,1524.0,5.1,843.0710955607474,70.0,4600.0,22.828410001809857,47.39027340934568,7.6948616841335085,0.564812525081237,282.11639221846826,64.25425684872476,380.6147082902319,409.5515351909111,438.48836209159043,467.4251889922697,424.0199486412508,467.4251889922697,380.6147082902319,86.81048070203781,2.8812061281419057,69.27626150027149,14.5,91.0,34.0,31.6,14.288235294117648,420.0,True,True,2400.0,8.0,386.0,0.2913482685717733,76.66666666666667,0.2913482685717733,0.174808961143064,0.11653930742870933,True,False,False,True,python_mission_generator,csv_authoritative,validated_csv,explicit_input,calibrated_csv,python_generated_isa_plus_offset
ENG_0001,387.0,temp_mission_001,NORMAL,CRUISE,42,stage5_mission_generator,5000.0,1524.0,5.1,843.0710955607474,70.0,4600.0,22.828410001809857,47.39027340934568,7.6948616841335085,0.564812525081237,282.11639221846826,64.25425684872476,380.6147082902319,409.5515351909111,438.48836209159043,467.4251889922697,424.0199486412508,467.4251889922697,380.6147082902319,86.81048070203781,2.8812061281419057,69.27626150027149,14.5,91.0,34.0,31.6,14.288235294117648,420.0,True,True,2400.0,8.0,387.0,0.2913482685717733,76.66666666666667,0.2913482685717733,0.174808961143064,0.11653930742870933,True,False,False,True,python_mission_generator,csv_authoritative,validated_csv,explicit_input,calibrated_csv,python_generated_isa_plus_offset
ENG_0001,388.0,temp_mission_001,NORMAL,CRUISE,42,stage5_mission_generator,5000.0,1524.0,5.1,843.0710955607474,70.0,4600.0,22.828410001809857,47.39027340934568,7.6948616841335085,0.564812525081237,282.11639221846826,64.25425684872476,380.6147082902319,409.5515351909111,438.48836209159043,467.4251889922697,424.0199486412508,467.4251889922697,380.6147082902319,86.81048070203781,2.8812061281419057,69.27626150027149,14.5,91.0,34.0,31.6,14.288235294117648,420.0,True,True,2400.0,8.0,388.0,0.2913482685717733,76.66666666666667,0.2913482685717733,0.174808961143064,0.11653930742870933,True,False,False,True,python_mission_generator,csv_authoritative,validated_csv,explicit_input,calibrated_csv,python_generated_isa_plus_offset
ENG_0001,389.0,temp_mission_001,NORMAL,CRUISE,42,stage5_mission_generator,5000.0,1524.0,5.1,843.0710955607474,70.0,4600.0,22.828410001809857,47.39027340934568,7.6948616841335085,0.564812525081237,282.11639221846826,64.25425684872476,380.6147082902319,409.5515351909111,438.48836209159043,467.4251889922697,424.0199486412508,467.4251889922697,380.6147082902319,86.81048070203781,2.8812061281419057,69.27626150027149,14.5,91.0,34.0,31.6,14.288235294117648,420.0,True,True,2400.0,8.0,389.0,0.2913482685717733,76.66666666666667,0.2913482685717733,0.174808961143064,0.11653930742870933,True,False,False,True,python_mission_generator,csv_authoritative,validated_csv,explicit_input,calibrated_csv,python_generated_isa_plus_offset
ENG_0001,390.0,temp_mission_001,NORMAL,CRUISE,42,stage5_mission_generator,5000.0,1524.0,5.1,843.0710955607474,70.0,4600.0,22.828410001809857,47.39027340934568,7.6948616841335085,0.564812525081237,282.11639221846826,64.25425684872476,380.6147082902319,409.5515351909111,438.48836209159043,467.4251889922697,424.0199486412508,467.4251889922697,380.6147082902319,86.81048070203781,2.8812061281419057,69.27626150027149,14.5,91.0,34.0,31.6,14.288235294117648,420.0,True,True,2400.0,8.0,390.0,0.2913482685717733,76.66666666666667,0.2913482685717733,0.174808961143064,0.11653930742870933,True,False,False,True,python_mission_generator,csv_authoritative,validated_csv,explicit_input,calibrated_csv,python_generated_isa_plus_offset
ENG_0001,391.0,temp_mission_001,NORMAL,CRUISE,42,stage5_mission_generator,5000.0,1524.0,5.1,843.0710955607474,70.0,4600.0,22.828410001809857,47.39027340934568,7.6948616841335085,0.564812525081237,282.11639221846826,64.25425684872476,380.6147082902319,409.5515351909111,438.48836209159043,467.4251889922697,424.0199486412508,467.4251889922697,380.6147082902319,86.81048070203781,2.8812061281419057,69.27626150027149,14.5,91.0,34.0,31.6,14.288235294117648,420.0,True,True,2400.0,8.0,391.0,0.2913482685717733,76.66666666666667,0.2913482685717733,0.174808961143064,0.11653930742870933,True,False,False,True,python_mission_generator,csv_authoritative,validated_csv,explicit_input,calibrated_csv,python_generated_isa_plus_offset
ENG_0001,392.0,temp_mission_001,NORMAL,CRUISE,42,stage5_mission_generator,5000.0,1524.0,5.1,843.0710955607474,70.0,4600.0,22.828410001809857,47.39027340934568,7.6948616841335085,0.564812525081237,282.11639221846826,64.25425684872476,380.6147082902319,409.5515351909111,438.48836209159043,467.4251889922697,424.0199486412508,467.4251889922697,380.6147082902319,86.81048070203781,2.8812061281419057,69.27626150027149,14.5,91.0,34.0,31.6,14.288235294117648,420.0,True,True,2400.0,8.0,392.0,0.2913482685717733,76.66666666666667,0.2913482685717733,0.174808961143064,0.11653930742870933,True,False,False,True,python_mission_generator,csv_authoritative,validated_csv,explicit_input,calibrated_csv,python_generated_isa_plus_offset
ENG_0001,393.0,temp_mission_001,NORMAL,CRUISE,42,stage5_mission_generator,5000.0,1524.0,5.1,843.0710955607474,70.0,4600.0,22.828410001809857,47.39027340934568,7.6948616841335085,0.564812525081237,282.11639221846826,64.25425684872476,380.6147082902319,409.5515351909111,438.48836209159043,467.4251889922697,424.0199486412508,467.4251889922697,380.6147082902319,86.81048070203781,2.8812061281419057,69.27626150027149,14.5,91.0,34.0,31.6,14.288235294117648,420.0,True,True,2400.0,8.0,393.0,0.2913482685717733,76.66666666666667,0.2913482685717733,0.174808961143064,0.11653930742870933,True,False,False,True,python_mission_generator,csv_authoritative,validated_csv,explicit_input,calibrated_csv,python_generated_isa_plus_offset
ENG_0001,394.0,temp_mission_001,NORMAL,CRUISE,42,stage5_mission_generator,5000.0,1524.0,5.1,843.0710955607474,70.0,4600.0,22.828410001809857,47.39027340934568,7.6948616841335085,0.564812525081237,282.11639221846826,64.25425684872476,380.6147082902319,409.5515351909111,438.48836209159043,467.4251889922697,424.0199486412508,467.4251889922697,380.6147082902319,86.81048070203781,2.8812061281419057,69.27626150027149,14.5,91.0,34.0,31.6,14.288235294117648,420.0,True,True,2400.0,8.0,394.0,0.2913482685717733,76.66666666666667,0.2913482685717733,0.174808961143064,0.11653930742870933,True,False,False,True,python_mission_generator,csv_authoritative,validated_csv,explicit_input,calibrated_csv,python_generated_isa_plus_offset
ENG_0001,395.0,temp_mission_001,NORMAL,CRUISE,42,stage5_mission_generator,5000.0,1524.0,5.1,843.0710955607474,70.0,4600.0,22.828410001809857,47.39027340934568,7.6948616841335085,0.564812525081237,282.11639221846826,64.25425684872476,380.6147082902319,409.5515351909111,438.48836209159043,467.4251889922697,424.0199486412508,467.4251889922697,380.6147082902319,86.81048070203781,2.8812061281419057,69.27626150027149,14.5,91.0,34.0,31.6,14.288235294117648,420.0,True,True,2400.0,8.0,395.0,0.2913482685717733,76.66666666666667,0.2913482685717733,0.174808961143064,0.11653930742870933,True,False,False,True,python_mission_generator,csv_authoritative,validated_csv,explicit_input,calibrated_csv,python_generated_isa_plus_offset
ENG_0001,396.0,temp_mission_001,NORMAL,CRUISE,42,stage5_mission_generator,5000.0,1524.0,5.1,843.0710955607474,70.0,4600.0,22.828410001809857,47.39027340934568,7.6948616841335085,0.564812525081237,282.11639221846826,64.25425684872476,380.6147082902319,409.5515351909111,438.48836209159043,467.4251889922697,424.0199486412508,467.4251889922697,380.6147082902319,86.81048070203781,2.8812061281419057,69.27626150027149,14.5,91.0,34.0,31.6,14.288235294117648,420.0,True,True,2400.0,8.0,396.0,0.2913482685717733,76.66666666666667,0.2913482685717733,0.174808961143064,0.11653930742870933,True,False,False,True,python_mission_generator,csv_authoritative,validated_csv,explicit_input,calibrated_csv,python_generated_isa_plus_offset
ENG_0001,397.0,temp_mission_001,NORMAL,CRUISE,42,stage5_mission_generator,5000.0,1524.0,5.1,843.0710955607474,70.0,4600.0,22.828410001809857,47.39027340934568,7.6948616841335085,0.564812525081237,282.11639221846826,64.25425684872476,380.6147082902319,409.5515351909111,438.48836209159043,467.4251889922697,424.0199486412508,467.4251889922697,380.6147082902319,86.81048070203781,2.8812061281419057,69.27626150027149,14.5,91.0,34.0,31.6,14.288235294117648,420.0,True,True,2400.0,8.0,397.0,0.2913482685717733,76.66666666666667,0.2913482685717733,0.174808961143064,0.11653930742870933,True,False,False,True,python_mission_generator,csv_authoritative,validated_csv,explicit_input,calibrated_csv,python_generated_isa_plus_offset
ENG_0001,398.0,temp_mission_001,NORMAL,CRUISE,42,stage5_mission_generator,5000.0,1524.0,5.1,843.0710955607474,70.0,4600.0,22.828410001809857,47.39027340934568,7.6948616841335085,0.564812525081237,282.11639221846826,64.25425684872476,380.6147082902319,409.5515351909111,438.48836209159043,467.4251889922697,424.0199486412508,467.4251889922697,380.6147082902319,86.81048070203781,2.8812061281419057,69.27626150027149,14.5,91.0,34.0,31.6,14.288235294117648,420.0,True,True,2400.0,8.0,398.0,0.2913482685717733,76.66666666666667,0.2913482685717733,0.174808961143064,0.11653930742870933,True,False,False,True,python_mission_generator,csv_authoritative,validated_csv,explicit_input,calibrated_csv,python_generated_isa_plus_offset
ENG_0001,399.0,temp_mission_001,NORMAL,CRUISE,42,stage5_mission_generator,5000.0,1524.0,5.1,843.0710955607474,70.0,4600.0,22.828410001809857,47.39027340934568,7.6948616841335085,0.564812525081237,282.11639221846826,64.25425684872476,380.6147082902319,409.5515351909111,438.48836209159043,467.4251889922697,424.0199486412508,467.4251889922697,380.6147082902319,86.81048070203781,2.8812061281419057,69.27626150027149,14.5,91.0,34.0,31.6,14.288235294117648,420.0,True,True,2400.0,8.0,399.0,0.2913482685717733,76.66666666666667,0.2913482685717733,0.174808961143064,0.11653930742870933,True,False,False,True,python_mission_generator,csv_authoritative,validated_csv,explicit_input,calibrated_csv,python_generated_isa_plus_offset
ENG_0001,400.0,temp_mission_001,NORMAL,CRUISE,42,stage5_mission_generator,5000.0,1524.0,5.1,843.0710955607474,70.0,4600.0,22.828410001809857,47.39027340934568,7.6948616841335085,0.564812525081237,282.11639221846826,64.25425684872476,380.6147082902319,409.5515351909111,438.48836209159043,467.4251889922697,424.0199486412508,467.4251889922697,380.6147082902319,86.81048070203781,2.8812061281419057,69.27626150027149,14.5,91.0,34.0,31.6,14.288235294117648,420.0,True,True,2400.0,8.0,400.0,0.2913482685717733,76.66666666666667,0.2913482685717733,0.174808961143064,0.11653930742870933,True,False,False,True,python_mission_generator,csv_authoritative,validated_csv,explicit_input,calibrated_csv,python_generated_isa_plus_offset
ENG_0001,401.0,temp_mission_001,NORMAL,CRUISE,42,stage5_mission_generator,5000.0,1524.0,5.1,843.0710955607474,70.0,4600.0,22.828410001809857,47.39027340934568,7.6948616841335085,0.564812525081237,282.11639221846826,64.25425684872476,380.6147082902319,409.5515351909111,438.48836209159043,467.4251889922697,424.0199486412508,467.4251889922697,380.6147082902319,86.81048070203781,2.8812061281419057,69.27626150027149,14.5,91.0,34.0,31.6,14.288235294117648,420.0,True,True,2400.0,8.0,401.0,0.2913482685717733,76.66666666666667,0.2913482685717733,0.174808961143064,0.11653930742870933,True,False,False,True,python_mission_generator,csv_authoritative,validated_csv,explicit_input,calibrated_csv,python_generated_isa_plus_offset
ENG_0001,402.0,temp_mission_001,NORMAL,CRUISE,42,stage5_mission_generator,5000.0,1524.0,5.1,843.0710955607474,70.0,4600.0,22.828410001809857,47.39027340934568,7.6948616841335085,0.564812525081237,282.11639221846826,64.25425684872476,380.6147082902319,409.5515351909111,438.48836209159043,467.4251889922697,424.0199486412508,467.4251889922697,380.6147082902319,86.81048070203781,2.8812061281419057,69.27626150027149,14.5,91.0,34.0,31.6,14.288235294117648,420.0,True,True,2400.0,8.0,402.0,0.2913482685717733,76.66666666666667,0.2913482685717733,0.174808961143064,0.11653930742870933,True,False,False,True,python_mission_generator,csv_authoritative,validated_csv,explicit_input,calibrated_csv,python_generated_isa_plus_offset
ENG_0001,403.0,temp_mission_001,NORMAL,CRUISE,42,stage5_mission_generator,5000.0,1524.0,5.1,843.0710955607474,70.0,4600.0,22.828410001809857,47.39027340934568,7.6948616841335085,0.564812525081237,282.11639221846826,64.25425684872476,380.6147082902319,409.5515351909111,438.48836209159043,467.4251889922697,424.0199486412508,467.4251889922697,380.6147082902319,86.81048070203781,2.8812061281419057,69.27626150027149,14.5,91.0,34.0,31.6,14.288235294117648,420.0,True,True,2400.0,8.0,403.0,0.2913482685717733,76.66666666666667,0.2913482685717733,0.174808961143064,0.11653930742870933,True,False,False,True,python_mission_generator,csv_authoritative,validated_csv,explicit_input,calibrated_csv,python_generated_isa_plus_offset
ENG_0001,404.0,temp_mission_001,NORMAL,CRUISE,42,stage5_mission_generator,5000.0,1524.0,5.1,843.0710955607474,70.0,4600.0,22.828410001809857,47.39027340934568,7.6948616841335085,0.564812525081237,282.11639221846826,64.25425684872476,380.6147082902319,409.5515351909111,438.48836209159043,467.4251889922697,424.0199486412508,467.4251889922697,380.6147082902319,86.81048070203781,2.8812061281419057,69.27626150027149,14.5,91.0,34.0,31.6,14.288235294117648,420.0,True,True,2400.0,8.0,404.0,0.2913482685717733,76.66666666666667,0.2913482685717733,0.174808961143064,0.11653930742870933,True,False,False,True,python_mission_generator,csv_authoritative,validated_csv,explicit_input,calibrated_csv,python_generated_isa_plus_offset
ENG_0001,405.0,temp_mission_001,NORMAL,CRUISE,42,stage5_mission_generator,5000.0,1524.0,5.1,843.0710955607474,70.0,4600.0,22.828410001809857,47.39027340934568,7.6948616841335085,0.564812525081237,282.11639221846826,64.25425684872476,380.6147082902319,409.5515351909111,438.48836209159043,467.4251889922697,424.0199486412508,467.4251889922697,380.6147082902319,86.81048070203781,2.8812061281419057,69.27626150027149,14.5,91.0,34.0,31.6,14.288235294117648,420.0,True,True,2400.0,8.0,405.0,0.2913482685717733,76.66666666666667,0.2913482685717733,0.174808961143064,0.11653930742870933,True,False,False,True,python_mission_generator,csv_authoritative,validated_csv,explicit_input,calibrated_csv,python_generated_isa_plus_offset
ENG_0001,406.0,temp_mission_001,NORMAL,CRUISE,42,stage5_mission_generator,5000.0,1524.0,5.1,843.0710955607474,70.0,4600.0,22.828410001809857,47.39027340934568,7.6948616841335085,0.564812525081237,282.11639221846826,64.25425684872476,380.6147082902319,409.5515351909111,438.48836209159043,467.4251889922697,424.0199486412508,467.4251889922697,380.6147082902319,86.81048070203781,2.8812061281419057,69.27626150027149,14.5,91.0,34.0,31.6,14.288235294117648,420.0,True,True,2400.0,8.0,406.0,0.2913482685717733,76.66666666666667,0.2913482685717733,0.174808961143064,0.11653930742870933,True,False,False,True,python_mission_generator,csv_authoritative,validated_csv,explicit_input,calibrated_csv,python_generated_isa_plus_offset
ENG_0001,407.0,temp_mission_001,NORMAL,CRUISE,42,stage5_mission_generator,5000.0,1524.0,5.1,843.0710955607474,70.0,4600.0,22.828410001809857,47.39027340934568,7.6948616841335085,0.564812525081237,282.11639221846826,64.25425684872476,380.6147082902319,409.5515351909111,438.48836209159043,467.4251889922697,424.0199486412508,467.4251889922697,380.6147082902319,86.81048070203781,2.8812061281419057,69.27626150027149,14.5,91.0,34.0,31.6,14.288235294117648,420.0,True,True,2400.0,8.0,407.0,0.2913482685717733,76.66666666666667,0.2913482685717733,0.174808961143064,0.11653930742870933,True,False,False,True,python_mission_generator,csv_authoritative,validated_csv,explicit_input,calibrated_csv,python_generated_isa_plus_offset
ENG_0001,408.0,temp_mission_001,NORMAL,CRUISE,42,stage5_mission_generator,5000.0,1524.0,5.1,843.0710955607474,70.0,4600.0,22.828410001809857,47.39027340934568,7.6948616841335085,0.564812525081237,282.11639221846826,64.25425684872476,380.6147082902319,409.5515351909111,438.48836209159043,467.4251889922697,424.0199486412508,467.4251889922697,380.6147082902319,86.81048070203781,2.8812061281419057,69.27626150027149,14.5,91.0,34.0,31.6,14.288235294117648,420.0,True,True,2400.0,8.0,408.0,0.2913482685717733,76.66666666666667,0.2913482685717733,0.174808961143064,0.11653930742870933,True,False,False,True,python_mission_generator,csv_authoritative,validated_csv,explicit_input,calibrated_csv,python_generated_isa_plus_offset
ENG_0001,409.0,temp_mission_001,NORMAL,CRUISE,42,stage5_mission_generator,5000.0,1524.0,5.1,843.0710955607474,70.0,4600.0,22.828410001809857,47.39027340934568,7.6948616841335085,0.564812525081237,282.11639221846826,64.25425684872476,380.6147082902319,409.5515351909111,438.48836209159043,467.4251889922697,424.0199486412508,467.4251889922697,380.6147082902319,86.81048070203781,2.8812061281419057,69.27626150027149,14.5,91.0,34.0,31.6,14.288235294117648,420.0,True,True,2400.0,8.0,409.0,0.2913482685717733,76.66666666666667,0.2913482685717733,0.174808961143064,0.11653930742870933,True,False,False,True,python_mission_generator,csv_authoritative,validated_csv,explicit_input,calibrated_csv,python_generated_isa_plus_offset
ENG_0001,410.0,temp_mission_001,NORMAL,CRUISE,42,stage5_mission_generator,5000.0,1524.0,5.1,843.0710955607474,70.0,4600.0,22.828410001809857,47.39027340934568,7.6948616841335085,0.564812525081237,282.11639221846826,64.25425684872476,380.6147082902319,409.5515351909111,438.48836209159043,467.4251889922697,424.0199486412508,467.4251889922697,380.6147082902319,86.81048070203781,2.8812061281419057,69.27626150027149,14.5,91.0,34.0,31.6,14.288235294117648,420.0,True,True,2400.0,8.0,410.0,0.2913482685717733,76.66666666666667,0.2913482685717733,0.174808961143064,0.11653930742870933,True,False,False,True,python_mission_generator,csv_authoritative,validated_csv,explicit_input,calibrated_csv,python_generated_isa_plus_offset
ENG_0001,411.0,temp_mission_001,NORMAL,CRUISE,42,stage5_mission_generator,5000.0,1524.0,5.1,843.0710955607474,70.0,4600.0,22.828410001809857,47.39027340934568,7.6948616841335085,0.564812525081237,282.11639221846826,64.25425684872476,380.6147082902319,409.5515351909111,438.48836209159043,467.4251889922697,424.0199486412508,467.4251889922697,380.6147082902319,86.81048070203781,2.8812061281419057,69.27626150027149,14.5,91.0,34.0,31.6,14.288235294117648,420.0,True,True,2400.0,8.0,411.0,0.2913482685717733,76.66666666666667,0.2913482685717733,0.174808961143064,0.11653930742870933,True,False,False,True,python_mission_generator,csv_authoritative,validated_csv,explicit_input,calibrated_csv,python_generated_isa_plus_offset
ENG_0001,412.0,temp_mission_001,NORMAL,CRUISE,42,stage5_mission_generator,5000.0,1524.0,5.1,843.0710955607474,70.0,4600.0,22.828410001809857,47.39027340934568,7.6948616841335085,0.564812525081237,282.11639221846826,64.25425684872476,380.6147082902319,409.5515351909111,438.48836209159043,467.4251889922697,424.0199486412508,467.4251889922697,380.6147082902319,86.81048070203781,2.8812061281419057,69.27626150027149,14.5,91.0,34.0,31.6,14.288235294117648,420.0,True,True,2400.0,8.0,412.0,0.2913482685717733,76.66666666666667,0.2913482685717733,0.174808961143064,0.11653930742870933,True,False,False,True,python_mission_generator,csv_authoritative,validated_csv,explicit_input,calibrated_csv,python_generated_isa_plus_offset
ENG_0001,413.0,temp_mission_001,NORMAL,CRUISE,42,stage5_mission_generator,5000.0,1524.0,5.1,843.0710955607474,70.0,4600.0,22.828410001809857,47.39027340934568,7.6948616841335085,0.564812525081237,282.11639221846826,64.25425684872476,380.6147082902319,409.5515351909111,438.48836209159043,467.4251889922697,424.0199486412508,467.4251889922697,380.6147082902319,86.81048070203781,2.8812061281419057,69.27626150027149,14.5,91.0,34.0,31.6,14.288235294117648,420.0,True,True,2400.0,8.0,413.0,0.2913482685717733,76.66666666666667,0.2913482685717733,0.174808961143064,0.11653930742870933,True,False,False,True,python_mission_generator,csv_authoritative,validated_csv,explicit_input,calibrated_csv,python_generated_isa_plus_offset
ENG_0001,414.0,temp_mission_001,NORMAL,CRUISE,42,stage5_mission_generator,5000.0,1524.0,5.1,843.0710955607474,70.0,4600.0,22.828410001809857,47.39027340934568,7.6948616841335085,0.564812525081237,282.11639221846826,64.25425684872476,380.6147082902319,409.5515351909111,438.48836209159043,467.4251889922697,424.0199486412508,467.4251889922697,380.6147082902319,86.81048070203781,2.8812061281419057,69.27626150027149,14.5,91.0,34.0,31.6,14.288235294117648,420.0,True,True,2400.0,8.0,414.0,0.2913482685717733,76.66666666666667,0.2913482685717733,0.174808961143064,0.11653930742870933,True,False,False,True,python_mission_generator,csv_authoritative,validated_csv,explicit_input,calibrated_csv,python_generated_isa_plus_offset
ENG_0001,415.0,temp_mission_001,NORMAL,CRUISE,42,stage5_mission_generator,5000.0,1524.0,5.1,843.0710955607474,70.0,4600.0,22.828410001809857,47.39027340934568,7.6948616841335085,0.564812525081237,282.11639221846826,64.25425684872476,380.6147082902319,409.5515351909111,438.48836209159043,467.4251889922697,424.0199486412508,467.4251889922697,380.6147082902319,86.81048070203781,2.8812061281419057,69.27626150027149,14.5,91.0,34.0,31.6,14.288235294117648,420.0,True,True,2400.0,8.0,415.0,0.2913482685717733,76.66666666666667,0.2913482685717733,0.174808961143064,0.11653930742870933,True,False,False,True,python_mission_generator,csv_authoritative,validated_csv,explicit_input,calibrated_csv,python_generated_isa_plus_offset
ENG_0001,416.0,temp_mission_001,NORMAL,CRUISE,42,stage5_mission_generator,5000.0,1524.0,5.1,843.0710955607474,70.0,4600.0,22.828410001809857,47.39027340934568,7.6948616841335085,0.564812525081237,282.11639221846826,64.25425684872476,380.6147082902319,409.5515351909111,438.48836209159043,467.4251889922697,424.0199486412508,467.4251889922697,380.6147082902319,86.81048070203781,2.8812061281419057,69.27626150027149,14.5,91.0,34.0,31.6,14.288235294117648,420.0,True,True,2400.0,8.0,416.0,0.2913482685717733,76.66666666666667,0.2913482685717733,0.174808961143064,0.11653930742870933,True,False,False,True,python_mission_generator,csv_authoritative,validated_csv,explicit_input,calibrated_csv,python_generated_isa_plus_offset
ENG_0001,417.0,temp_mission_001,NORMAL,CRUISE,42,stage5_mission_generator,5000.0,1524.0,5.1,843.0710955607474,70.0,4600.0,22.828410001809857,47.39027340934568,7.6948616841335085,0.564812525081237,282.11639221846826,64.25425684872476,380.6147082902319,409.5515351909111,438.48836209159043,467.4251889922697,424.0199486412508,467.4251889922697,380.6147082902319,86.81048070203781,2.8812061281419057,69.27626150027149,14.5,91.0,34.0,31.6,14.288235294117648,420.0,True,True,2400.0,8.0,417.0,0.2913482685717733,76.66666666666667,0.2913482685717733,0.174808961143064,0.11653930742870933,True,False,False,True,python_mission_generator,csv_authoritative,validated_csv,explicit_input,calibrated_csv,python_generated_isa_plus_offset
ENG_0001,418.0,temp_mission_001,NORMAL,CRUISE,42,stage5_mission_generator,5000.0,1524.0,5.1,843.0710955607474,70.0,4600.0,22.828410001809857,47.39027340934568,7.6948616841335085,0.564812525081237,282.11639221846826,64.25425684872476,380.6147082902319,409.5515351909111,438.48836209159043,467.4251889922697,424.0199486412508,467.4251889922697,380.6147082902319,86.81048070203781,2.8812061281419057,69.27626150027149,14.5,91.0,34.0,31.6,14.288235294117648,420.0,True,True,2400.0,8.0,418.0,0.2913482685717733,76.66666666666667,0.2913482685717733,0.174808961143064,0.11653930742870933,True,False,False,True,python_mission_generator,csv_authoritative,validated_csv,explicit_input,calibrated_csv,python_generated_isa_plus_offset
ENG_0001,419.0,temp_mission_001,NORMAL,CRUISE,42,stage5_mission_generator,5000.0,1524.0,5.1,843.0710955607474,70.0,4600.0,22.828410001809857,47.39027340934568,7.6948616841335085,0.564812525081237,282.11639221846826,64.25425684872476,380.6147082902319,409.5515351909111,438.48836209159043,467.4251889922697,424.0199486412508,467.4251889922697,380.6147082902319,86.81048070203781,2.8812061281419057,69.27626150027149,14.5,91.0,34.0,31.6,14.288235294117648,420.0,True,True,2400.0,8.0,419.0,0.2913482685717733,76.66666666666667,0.2913482685717733,0.174808961143064,0.11653930742870933,True,False,False,True,python_mission_generator,csv_authoritative,validated_csv,explicit_input,calibrated_csv,python_generated_isa_plus_offset
ENG_0001,420.0,temp_mission_001,NORMAL,CRUISE,42,stage5_mission_generator,5000.0,1524.0,5.1,843.0710955607474,70.0,4600.0,22.828410001809857,47.39027340934568,7.6948616841335085,0.564812525081237,282.11639221846826,64.25425684872476,380.6147082902319,409.5515351909111,438.48836209159043,467.4251889922697,424.0199486412508,467.4251889922697,380.6147082902319,86.81048070203781,2.8812061281419057,69.27626150027149,14.5,91.0,34.0,31.6,14.288235294117648,420.0,True,True,2400.0,8.0,420.0,0.2913482685717733,76.66666666666667,0.2913482685717733,0.174808961143064,0.11653930742870933,True,False,False,True,python_mission_generator,csv_authoritative,validated_csv,explicit_input,calibrated_csv,python_generated_isa_plus_offset
ENG_0001,421.0,temp_mission_001,NORMAL,CRUISE,42,stage5_mission_generator,5000.0,1524.0,5.1,843.0710955607474,70.0,4600.0,22.828410001809857,47.39027340934568,7.6948616841335085,0.564812525081237,282.11639221846826,64.25425684872476,380.6147082902319,409.5515351909111,438.48836209159043,467.4251889922697,424.0199486412508,467.4251889922697,380.6147082902319,86.81048070203781,2.8812061281419057,69.27626150027149,14.5,91.0,34.0,31.6,14.288235294117648,420.0,True,True,2400.0,8.0,421.0,0.2913482685717733,76.66666666666667,0.2913482685717733,0.174808961143064,0.11653930742870933,True,False,False,True,python_mission_generator,csv_authoritative,validated_csv,explicit_input,calibrated_csv,python_generated_isa_plus_offset
ENG_0001,422.0,temp_mission_001,NORMAL,CRUISE,42,stage5_mission_generator,5000.0,1524.0,5.1,843.0710955607474,70.0,4600.0,22.828410001809857,47.39027340934568,7.6948616841335085,0.564812525081237,282.11639221846826,64.25425684872476,380.6147082902319,409.5515351909111,438.48836209159043,467.4251889922697,424.0199486412508,467.4251889922697,380.6147082902319,86.81048070203781,2.8812061281419057,69.27626150027149,14.5,91.0,34.0,31.6,14.288235294117648,420.0,True,True,2400.0,8.0,422.0,0.2913482685717733,76.66666666666667,0.2913482685717733,0.174808961143064,0.11653930742870933,True,False,False,True,python_mission_generator,csv_authoritative,validated_csv,explicit_input,calibrated_csv,python_generated_isa_plus_offset
ENG_0001,423.0,temp_mission_001,NORMAL,CRUISE,42,stage5_mission_generator,5000.0,1524.0,5.1,843.0710955607474,70.0,4600.0,22.828410001809857,47.39027340934568,7.6948616841335085,0.564812525081237,282.11639221846826,64.25425684872476,380.6147082902319,409.5515351909111,438.48836209159043,467.4251889922697,424.0199486412508,467.4251889922697,380.6147082902319,86.81048070203781,2.8812061281419057,69.27626150027149,14.5,91.0,34.0,31.6,14.288235294117648,420.0,True,True,2400.0,8.0,423.0,0.2913482685717733,76.66666666666667,0.2913482685717733,0.174808961143064,0.11653930742870933,True,False,False,True,python_mission_generator,csv_authoritative,validated_csv,explicit_input,calibrated_csv,python_generated_isa_plus_offset
ENG_0001,424.0,temp_mission_001,NORMAL,CRUISE,42,stage5_mission_generator,5000.0,1524.0,5.1,843.0710955607474,70.0,4600.0,22.828410001809857,47.39027340934568,7.6948616841335085,0.564812525081237,282.11639221846826,64.25425684872476,380.6147082902319,409.5515351909111,438.48836209159043,467.4251889922697,424.0199486412508,467.4251889922697,380.6147082902319,86.81048070203781,2.8812061281419057,69.27626150027149,14.5,91.0,34.0,31.6,14.288235294117648,420.0,True,True,2400.0,8.0,424.0,0.2913482685717733,76.66666666666667,0.2913482685717733,0.174808961143064,0.11653930742870933,True,False,False,True,python_mission_generator,csv_authoritative,validated_csv,explicit_input,calibrated_csv,python_generated_isa_plus_offset
ENG_0001,425.0,temp_mission_001,NORMAL,CRUISE,42,stage5_mission_generator,5000.0,1524.0,5.1,843.0710955607474,70.0,4600.0,22.828410001809857,47.39027340934568,7.6948616841335085,0.564812525081237,282.11639221846826,64.25425684872476,380.6147082902319,409.5515351909111,438.48836209159043,467.4251889922697,424.0199486412508,467.4251889922697,380.6147082902319,86.81048070203781,2.8812061281419057,69.27626150027149,14.5,91.0,34.0,31.6,14.288235294117648,420.0,True,True,2400.0,8.0,425.0,0.2913482685717733,76.66666666666667,0.2913482685717733,0.174808961143064,0.11653930742870933,True,False,False,True,python_mission_generator,csv_authoritative,validated_csv,explicit_input,calibrated_csv,python_generated_isa_plus_offset
ENG_0001,426.0,temp_mission_001,NORMAL,CRUISE,42,stage5_mission_generator,5000.0,1524.0,5.1,843.0710955607474,70.0,4600.0,22.828410001809857,47.39027340934568,7.6948616841335085,0.564812525081237,282.11639221846826,64.25425684872476,380.6147082902319,409.5515351909111,438.48836209159043,467.4251889922697,424.0199486412508,467.4251889922697,380.6147082902319,86.81048070203781,2.8812061281419057,69.27626150027149,14.5,91.0,34.0,31.6,14.288235294117648,420.0,True,True,2400.0,8.0,426.0,0.2913482685717733,76.66666666666667,0.2913482685717733,0.174808961143064,0.11653930742870933,True,False,False,True,python_mission_generator,csv_authoritative,validated_csv,explicit_input,calibrated_csv,python_generated_isa_plus_offset
ENG_0001,427.0,temp_mission_001,NORMAL,CRUISE,42,stage5_mission_generator,5000.0,1524.0,5.1,843.0710955607474,70.0,4600.0,22.828410001809857,47.39027340934568,7.6948616841335085,0.564812525081237,282.11639221846826,64.25425684872476,380.6147082902319,409.5515351909111,438.48836209159043,467.4251889922697,424.0199486412508,467.4251889922697,380.6147082902319,86.81048070203781,2.8812061281419057,69.27626150027149,14.5,91.0,34.0,31.6,14.288235294117648,420.0,True,True,2400.0,8.0,427.0,0.2913482685717733,76.66666666666667,0.2913482685717733,0.174808961143064,0.11653930742870933,True,False,False,True,python_mission_generator,csv_authoritative,validated_csv,explicit_input,calibrated_csv,python_generated_isa_plus_offset
ENG_0001,428.0,temp_mission_001,NORMAL,CRUISE,42,stage5_mission_generator,5000.0,1524.0,5.1,843.0710955607474,70.0,4600.0,22.828410001809857,47.39027340934568,7.6948616841335085,0.564812525081237,282.11639221846826,64.25425684872476,380.6147082902319,409.5515351909111,438.48836209159043,467.4251889922697,424.0199486412508,467.4251889922697,380.6147082902319,86.81048070203781,2.8812061281419057,69.27626150027149,14.5,91.0,34.0,31.6,14.288235294117648,420.0,True,True,2400.0,8.0,428.0,0.2913482685717733,76.66666666666667,0.2913482685717733,0.174808961143064,0.11653930742870933,True,False,False,True,python_mission_generator,csv_authoritative,validated_csv,explicit_input,calibrated_csv,python_generated_isa_plus_offset
ENG_0001,429.0,temp_mission_001,NORMAL,CRUISE,42,stage5_mission_generator,5000.0,1524.0,5.1,843.0710955607474,70.0,4600.0,22.828410001809857,47.39027340934568,7.6948616841335085,0.564812525081237,282.11639221846826,64.25425684872476,380.6147082902319,409.5515351909111,438.48836209159043,467.4251889922697,424.0199486412508,467.4251889922697,380.6147082902319,86.81048070203781,2.8812061281419057,69.27626150027149,14.5,91.0,34.0,31.6,14.288235294117648,420.0,True,True,2400.0,8.0,429.0,0.2913482685717733,76.66666666666667,0.2913482685717733,0.174808961143064,0.11653930742870933,True,False,False,True,python_mission_generator,csv_authoritative,validated_csv,explicit_input,calibrated_csv,python_generated_isa_plus_offset
ENG_0001,430.0,temp_mission_001,NORMAL,CRUISE,42,stage5_mission_generator,5000.0,1524.0,5.1,843.0710955607474,70.0,4600.0,22.828410001809857,47.39027340934568,7.6948616841335085,0.564812525081237,282.11639221846826,64.25425684872476,380.6147082902319,409.5515351909111,438.48836209159043,467.4251889922697,424.0199486412508,467.4251889922697,380.6147082902319,86.81048070203781,2.8812061281419057,69.27626150027149,14.5,91.0,34.0,31.6,14.288235294117648,420.0,True,True,2400.0,8.0,430.0,0.2913482685717733,76.66666666666667,0.2913482685717733,0.174808961143064,0.11653930742870933,True,False,False,True,python_mission_generator,csv_authoritative,validated_csv,explicit_input,calibrated_csv,python_generated_isa_plus_offset
ENG_0001,431.0,temp_mission_001,NORMAL,CRUISE,42,stage5_mission_generator,5000.0,1524.0,5.1,843.0710955607474,70.0,4600.0,22.828410001809857,47.39027340934568,7.6948616841335085,0.564812525081237,282.11639221846826,64.25425684872476,380.6147082902319,409.5515351909111,438.48836209159043,467.4251889922697,424.0199486412508,467.4251889922697,380.6147082902319,86.81048070203781,2.8812061281419057,69.27626150027149,14.5,91.0,34.0,31.6,14.288235294117648,420.0,True,True,2400.0,8.0,431.0,0.2913482685717733,76.66666666666667,0.2913482685717733,0.174808961143064,0.11653930742870933,True,False,False,True,python_mission_generator,csv_authoritative,validated_csv,explicit_input,calibrated_csv,python_generated_isa_plus_offset
ENG_0001,432.0,temp_mission_001,NORMAL,CRUISE,42,stage5_mission_generator,5000.0,1524.0,5.1,843.0710955607474,70.0,4600.0,22.828410001809857,47.39027340934568,7.6948616841335085,0.564812525081237,282.11639221846826,64.25425684872476,380.6147082902319,409.5515351909111,438.48836209159043,467.4251889922697,424.0199486412508,467.4251889922697,380.6147082902319,86.81048070203781,2.8812061281419057,69.27626150027149,14.5,91.0,34.0,31.6,14.288235294117648,420.0,True,True,2400.0,8.0,432.0,0.2913482685717733,76.66666666666667,0.2913482685717733,0.174808961143064,0.11653930742870933,True,False,False,True,python_mission_generator,csv_authoritative,validated_csv,explicit_input,calibrated_csv,python_generated_isa_plus_offset
ENG_0001,433.0,temp_mission_001,NORMAL,CRUISE,42,stage5_mission_generator,5000.0,1524.0,5.1,843.0710955607474,70.0,4600.0,22.828410001809857,47.39027340934568,7.6948616841335085,0.564812525081237,282.11639221846826,64.25425684872476,380.6147082902319,409.5515351909111,438.48836209159043,467.4251889922697,424.0199486412508,467.4251889922697,380.6147082902319,86.81048070203781,2.8812061281419057,69.27626150027149,14.5,91.0,34.0,31.6,14.288235294117648,420.0,True,True,2400.0,8.0,433.0,0.2913482685717733,76.66666666666667,0.2913482685717733,0.174808961143064,0.11653930742870933,True,False,False,True,python_mission_generator,csv_authoritative,validated_csv,explicit_input,calibrated_csv,python_generated_isa_plus_offset
ENG_0001,434.0,temp_mission_001,NORMAL,CRUISE,42,stage5_mission_generator,5000.0,1524.0,5.1,843.0710955607474,70.0,4600.0,22.828410001809857,47.39027340934568,7.6948616841335085,0.564812525081237,282.11639221846826,64.25425684872476,380.6147082902319,409.5515351909111,438.48836209159043,467.4251889922697,424.0199486412508,467.4251889922697,380.6147082902319,86.81048070203781,2.8812061281419057,69.27626150027149,14.5,91.0,34.0,31.6,14.288235294117648,420.0,True,True,2400.0,8.0,434.0,0.2913482685717733,76.66666666666667,0.2913482685717733,0.174808961143064,0.11653930742870933,True,False,False,True,python_mission_generator,csv_authoritative,validated_csv,explicit_input,calibrated_csv,python_generated_isa_plus_offset
ENG_0001,435.0,temp_mission_001,NORMAL,CRUISE,42,stage5_mission_generator,5000.0,1524.0,5.1,843.0710955607474,70.0,4600.0,22.828410001809857,47.39027340934568,7.6948616841335085,0.564812525081237,282.11639221846826,64.25425684872476,380.6147082902319,409.5515351909111,438.48836209159043,467.4251889922697,424.0199486412508,467.4251889922697,380.6147082902319,86.81048070203781,2.8812061281419057,69.27626150027149,14.5,91.0,34.0,31.6,14.288235294117648,420.0,True,True,2400.0,8.0,435.0,0.2913482685717733,76.66666666666667,0.2913482685717733,0.174808961143064,0.11653930742870933,True,False,False,True,python_mission_generator,csv_authoritative,validated_csv,explicit_input,calibrated_csv,python_generated_isa_plus_offset
ENG_0001,436.0,temp_mission_001,NORMAL,CRUISE,42,stage5_mission_generator,5000.0,1524.0,5.1,843.0710955607474,70.0,4600.0,22.828410001809857,47.39027340934568,7.6948616841335085,0.564812525081237,282.11639221846826,64.25425684872476,380.6147082902319,409.5515351909111,438.48836209159043,467.4251889922697,424.0199486412508,467.4251889922697,380.6147082902319,86.81048070203781,2.8812061281419057,69.27626150027149,14.5,91.0,34.0,31.6,14.288235294117648,420.0,True,True,2400.0,8.0,436.0,0.2913482685717733,76.66666666666667,0.2913482685717733,0.174808961143064,0.11653930742870933,True,False,False,True,python_mission_generator,csv_authoritative,validated_csv,explicit_input,calibrated_csv,python_generated_isa_plus_offset
ENG_0001,437.0,temp_mission_001,NORMAL,CRUISE,42,stage5_mission_generator,5000.0,1524.0,5.1,843.0710955607474,70.0,4600.0,22.828410001809857,47.39027340934568,7.6948616841335085,0.564812525081237,282.11639221846826,64.25425684872476,380.6147082902319,409.5515351909111,438.48836209159043,467.4251889922697,424.0199486412508,467.4251889922697,380.6147082902319,86.81048070203781,2.8812061281419057,69.27626150027149,14.5,91.0,34.0,31.6,14.288235294117648,420.0,True,True,2400.0,8.0,437.0,0.2913482685717733,76.66666666666667,0.2913482685717733,0.174808961143064,0.11653930742870933,True,False,False,True,python_mission_generator,csv_authoritative,validated_csv,explicit_input,calibrated_csv,python_generated_isa_plus_offset
ENG_0001,438.0,temp_mission_001,NORMAL,CRUISE,42,stage5_mission_generator,5000.0,1524.0,5.1,843.0710955607474,70.0,4600.0,22.828410001809857,47.39027340934568,7.6948616841335085,0.564812525081237,282.11639221846826,64.25425684872476,380.6147082902319,409.5515351909111,438.48836209159043,467.4251889922697,424.0199486412508,467.4251889922697,380.6147082902319,86.81048070203781,2.8812061281419057,69.27626150027149,14.5,91.0,34.0,31.6,14.288235294117648,420.0,True,True,2400.0,8.0,438.0,0.2913482685717733,76.66666666666667,0.2913482685717733,0.174808961143064,0.11653930742870933,True,False,False,True,python_mission_generator,csv_authoritative,validated_csv,explicit_input,calibrated_csv,python_generated_isa_plus_offset
ENG_0001,439.0,temp_mission_001,NORMAL,CRUISE,42,stage5_mission_generator,5000.0,1524.0,5.1,843.0710955607474,70.0,4600.0,22.828410001809857,47.39027340934568,7.6948616841335085,0.564812525081237,282.11639221846826,64.25425684872476,380.6147082902319,409.5515351909111,438.48836209159043,467.4251889922697,424.0199486412508,467.4251889922697,380.6147082902319,86.81048070203781,2.8812061281419057,69.27626150027149,14.5,91.0,34.0,31.6,14.288235294117648,420.0,True,True,2400.0,8.0,439.0,0.2913482685717733,76.66666666666667,0.2913482685717733,0.174808961143064,0.11653930742870933,True,False,False,True,python_mission_generator,csv_authoritative,validated_csv,explicit_input,calibrated_csv,python_generated_isa_plus_offset
ENG_0001,440.0,temp_mission_001,NORMAL,CRUISE,42,stage5_mission_generator,5000.0,1524.0,5.1,843.0710955607474,70.0,4600.0,22.828410001809857,47.39027340934568,7.6948616841335085,0.564812525081237,282.11639221846826,64.25425684872476,380.6147082902319,409.5515351909111,438.48836209159043,467.4251889922697,424.0199486412508,467.4251889922697,380.6147082902319,86.81048070203781,2.8812061281419057,69.27626150027149,14.5,91.0,34.0,31.6,14.288235294117648,420.0,True,True,2400.0,8.0,440.0,0.2913482685717733,76.66666666666667,0.2913482685717733,0.174808961143064,0.11653930742870933,True,False,False,True,python_mission_generator,csv_authoritative,validated_csv,explicit_input,calibrated_csv,python_generated_isa_plus_offset
ENG_0001,441.0,temp_mission_001,NORMAL,CRUISE,42,stage5_mission_generator,5000.0,1524.0,5.1,843.0710955607474,70.0,4600.0,22.828410001809857,47.39027340934568,7.6948616841335085,0.564812525081237,282.11639221846826,64.25425684872476,380.6147082902319,409.5515351909111,438.48836209159043,467.4251889922697,424.0199486412508,467.4251889922697,380.6147082902319,86.81048070203781,2.8812061281419057,69.27626150027149,14.5,91.0,34.0,31.6,14.288235294117648,420.0,True,True,2400.0,8.0,441.0,0.2913482685717733,76.66666666666667,0.2913482685717733,0.174808961143064,0.11653930742870933,True,False,False,True,python_mission_generator,csv_authoritative,validated_csv,explicit_input,calibrated_csv,python_generated_isa_plus_offset
ENG_0001,442.0,temp_mission_001,NORMAL,CRUISE,42,stage5_mission_generator,5000.0,1524.0,5.1,843.0710955607474,70.0,4600.0,22.828410001809857,47.39027340934568,7.6948616841335085,0.564812525081237,282.11639221846826,64.25425684872476,380.6147082902319,409.5515351909111,438.48836209159043,467.4251889922697,424.0199486412508,467.4251889922697,380.6147082902319,86.81048070203781,2.8812061281419057,69.27626150027149,14.5,91.0,34.0,31.6,14.288235294117648,420.0,True,True,2400.0,8.0,442.0,0.2913482685717733,76.66666666666667,0.2913482685717733,0.174808961143064,0.11653930742870933,True,False,False,True,python_mission_generator,csv_authoritative,validated_csv,explicit_input,calibrated_csv,python_generated_isa_plus_offset
ENG_0001,443.0,temp_mission_001,NORMAL,CRUISE,42,stage5_mission_generator,5000.0,1524.0,5.1,843.0710955607474,70.0,4600.0,22.828410001809857,47.39027340934568,7.6948616841335085,0.564812525081237,282.11639221846826,64.25425684872476,380.6147082902319,409.5515351909111,438.48836209159043,467.4251889922697,424.0199486412508,467.4251889922697,380.6147082902319,86.81048070203781,2.8812061281419057,69.27626150027149,14.5,91.0,34.0,31.6,14.288235294117648,420.0,True,True,2400.0,8.0,443.0,0.2913482685717733,76.66666666666667,0.2913482685717733,0.174808961143064,0.11653930742870933,True,False,False,True,python_mission_generator,csv_authoritative,validated_csv,explicit_input,calibrated_csv,python_generated_isa_plus_offset
ENG_0001,444.0,temp_mission_001,NORMAL,CRUISE,42,stage5_mission_generator,5000.0,1524.0,5.1,843.0710955607474,70.0,4600.0,22.828410001809857,47.39027340934568,7.6948616841335085,0.564812525081237,282.11639221846826,64.25425684872476,380.6147082902319,409.5515351909111,438.48836209159043,467.4251889922697,424.0199486412508,467.4251889922697,380.6147082902319,86.81048070203781,2.8812061281419057,69.27626150027149,14.5,91.0,34.0,31.6,14.288235294117648,420.0,True,True,2400.0,8.0,444.0,0.2913482685717733,76.66666666666667,0.2913482685717733,0.174808961143064,0.11653930742870933,True,False,False,True,python_mission_generator,csv_authoritative,validated_csv,explicit_input,calibrated_csv,python_generated_isa_plus_offset
ENG_0001,445.0,temp_mission_001,NORMAL,CRUISE,42,stage5_mission_generator,5000.0,1524.0,5.1,843.0710955607474,70.0,4600.0,22.828410001809857,47.39027340934568,7.6948616841335085,0.564812525081237,282.11639221846826,64.25425684872476,380.6147082902319,409.5515351909111,438.48836209159043,467.4251889922697,424.0199486412508,467.4251889922697,380.6147082902319,86.81048070203781,2.8812061281419057,69.27626150027149,14.5,91.0,34.0,31.6,14.288235294117648,420.0,True,True,2400.0,8.0,445.0,0.2913482685717733,76.66666666666667,0.2913482685717733,0.174808961143064,0.11653930742870933,True,False,False,True,python_mission_generator,csv_authoritative,validated_csv,explicit_input,calibrated_csv,python_generated_isa_plus_offset
ENG_0001,446.0,temp_mission_001,NORMAL,CRUISE,42,stage5_mission_generator,5000.0,1524.0,5.1,843.0710955607474,70.0,4600.0,22.828410001809857,47.39027340934568,7.6948616841335085,0.564812525081237,282.11639221846826,64.25425684872476,380.6147082902319,409.5515351909111,438.48836209159043,467.4251889922697,424.0199486412508,467.4251889922697,380.6147082902319,86.81048070203781,2.8812061281419057,69.27626150027149,14.5,91.0,34.0,31.6,14.288235294117648,420.0,True,True,2400.0,8.0,446.0,0.2913482685717733,76.66666666666667,0.2913482685717733,0.174808961143064,0.11653930742870933,True,False,False,True,python_mission_generator,csv_authoritative,validated_csv,explicit_input,calibrated_csv,python_generated_isa_plus_offset
ENG_0001,447.0,temp_mission_001,NORMAL,CRUISE,42,stage5_mission_generator,5000.0,1524.0,5.1,843.0710955607474,70.0,4600.0,22.828410001809857,47.39027340934568,7.6948616841335085,0.564812525081237,282.11639221846826,64.25425684872476,380.6147082902319,409.5515351909111,438.48836209159043,467.4251889922697,424.0199486412508,467.4251889922697,380.6147082902319,86.81048070203781,2.8812061281419057,69.27626150027149,14.5,91.0,34.0,31.6,14.288235294117648,420.0,True,True,2400.0,8.0,447.0,0.2913482685717733,76.66666666666667,0.2913482685717733,0.174808961143064,0.11653930742870933,True,False,False,True,python_mission_generator,csv_authoritative,validated_csv,explicit_input,calibrated_csv,python_generated_isa_plus_offset
ENG_0001,448.0,temp_mission_001,NORMAL,CRUISE,42,stage5_mission_generator,5000.0,1524.0,5.1,843.0710955607474,70.0,4600.0,22.828410001809857,47.39027340934568,7.6948616841335085,0.564812525081237,282.11639221846826,64.25425684872476,380.6147082902319,409.5515351909111,438.48836209159043,467.4251889922697,424.0199486412508,467.4251889922697,380.6147082902319,86.81048070203781,2.8812061281419057,69.27626150027149,14.5,91.0,34.0,31.6,14.288235294117648,420.0,True,True,2400.0,8.0,448.0,0.2913482685717733,76.66666666666667,0.2913482685717733,0.174808961143064,0.11653930742870933,True,False,False,True,python_mission_generator,csv_authoritative,validated_csv,explicit_input,calibrated_csv,python_generated_isa_plus_offset
ENG_0001,449.0,temp_mission_001,NORMAL,CRUISE,42,stage5_mission_generator,5000.0,1524.0,5.1,843.0710955607474,70.0,4600.0,22.828410001809857,47.39027340934568,7.6948616841335085,0.564812525081237,282.11639221846826,64.25425684872476,380.6147082902319,409.5515351909111,438.48836209159043,467.4251889922697,424.0199486412508,467.4251889922697,380.6147082902319,86.81048070203781,2.8812061281419057,69.27626150027149,14.5,91.0,34.0,31.6,14.288235294117648,420.0,True,True,2400.0,8.0,449.0,0.2913482685717733,76.66666666666667,0.2913482685717733,0.174808961143064,0.11653930742870933,True,False,False,True,python_mission_generator,csv_authoritative,validated_csv,explicit_input,calibrated_csv,python_generated_isa_plus_offset
ENG_0001,450.0,temp_mission_001,NORMAL,CRUISE,42,stage5_mission_generator,5000.0,1524.0,5.1,843.0710955607474,70.0,4600.0,22.828410001809857,47.39027340934568,7.6948616841335085,0.564812525081237,282.11639221846826,64.25425684872476,380.6147082902319,409.5515351909111,438.48836209159043,467.4251889922697,424.0199486412508,467.4251889922697,380.6147082902319,86.81048070203781,2.8812061281419057,69.27626150027149,14.5,91.0,34.0,31.6,14.288235294117648,420.0,True,True,2400.0,8.0,450.0,0.2913482685717733,76.66666666666667,0.2913482685717733,0.174808961143064,0.11653930742870933,True,False,False,True,python_mission_generator,csv_authoritative,validated_csv,explicit_input,calibrated_csv,python_generated_isa_plus_offset
ENG_0001,451.0,temp_mission_001,NORMAL,CRUISE,42,stage5_mission_generator,5000.0,1524.0,5.1,843.0710955607474,70.0,4600.0,22.828410001809857,47.39027340934568,7.6948616841335085,0.564812525081237,282.11639221846826,64.25425684872476,380.6147082902319,409.5515351909111,438.48836209159043,467.4251889922697,424.0199486412508,467.4251889922697,380.6147082902319,86.81048070203781,2.8812061281419057,69.27626150027149,14.5,91.0,34.0,31.6,14.288235294117648,420.0,True,True,2400.0,8.0,451.0,0.2913482685717733,76.66666666666667,0.2913482685717733,0.174808961143064,0.11653930742870933,True,False,False,True,python_mission_generator,csv_authoritative,validated_csv,explicit_input,calibrated_csv,python_generated_isa_plus_offset
ENG_0001,452.0,temp_mission_001,NORMAL,CRUISE,42,stage5_mission_generator,5000.0,1524.0,5.1,843.0710955607474,70.0,4600.0,22.828410001809857,47.39027340934568,7.6948616841335085,0.564812525081237,282.11639221846826,64.25425684872476,380.6147082902319,409.5515351909111,438.48836209159043,467.4251889922697,424.0199486412508,467.4251889922697,380.6147082902319,86.81048070203781,2.8812061281419057,69.27626150027149,14.5,91.0,34.0,31.6,14.288235294117648,420.0,True,True,2400.0,8.0,452.0,0.2913482685717733,76.66666666666667,0.2913482685717733,0.174808961143064,0.11653930742870933,True,False,False,True,python_mission_generator,csv_authoritative,validated_csv,explicit_input,calibrated_csv,python_generated_isa_plus_offset
ENG_0001,453.0,temp_mission_001,NORMAL,CRUISE,42,stage5_mission_generator,5000.0,1524.0,5.1,843.0710955607474,70.0,4600.0,22.828410001809857,47.39027340934568,7.6948616841335085,0.564812525081237,282.11639221846826,64.25425684872476,380.6147082902319,409.5515351909111,438.48836209159043,467.4251889922697,424.0199486412508,467.4251889922697,380.6147082902319,86.81048070203781,2.8812061281419057,69.27626150027149,14.5,91.0,34.0,31.6,14.288235294117648,420.0,True,True,2400.0,8.0,453.0,0.2913482685717733,76.66666666666667,0.2913482685717733,0.174808961143064,0.11653930742870933,True,False,False,True,python_mission_generator,csv_authoritative,validated_csv,explicit_input,calibrated_csv,python_generated_isa_plus_offset
ENG_0001,454.0,temp_mission_001,NORMAL,CRUISE,42,stage5_mission_generator,5000.0,1524.0,5.1,843.0710955607474,70.0,4600.0,22.828410001809857,47.39027340934568,7.6948616841335085,0.564812525081237,282.11639221846826,64.25425684872476,380.6147082902319,409.5515351909111,438.48836209159043,467.4251889922697,424.0199486412508,467.4251889922697,380.6147082902319,86.81048070203781,2.8812061281419057,69.27626150027149,14.5,91.0,34.0,31.6,14.288235294117648,420.0,True,True,2400.0,8.0,454.0,0.2913482685717733,76.66666666666667,0.2913482685717733,0.174808961143064,0.11653930742870933,True,False,False,True,python_mission_generator,csv_authoritative,validated_csv,explicit_input,calibrated_csv,python_generated_isa_plus_offset
ENG_0001,455.0,temp_mission_001,NORMAL,CRUISE,42,stage5_mission_generator,5000.0,1524.0,5.1,843.0710955607474,70.0,4600.0,22.828410001809857,47.39027340934568,7.6948616841335085,0.564812525081237,282.11639221846826,64.25425684872476,380.6147082902319,409.5515351909111,438.48836209159043,467.4251889922697,424.0199486412508,467.4251889922697,380.6147082902319,86.81048070203781,2.8812061281419057,69.27626150027149,14.5,91.0,34.0,31.6,14.288235294117648,420.0,True,True,2400.0,8.0,455.0,0.2913482685717733,76.66666666666667,0.2913482685717733,0.174808961143064,0.11653930742870933,True,False,False,True,python_mission_generator,csv_authoritative,validated_csv,explicit_input,calibrated_csv,python_generated_isa_plus_offset
ENG_0001,456.0,temp_mission_001,NORMAL,CRUISE,42,stage5_mission_generator,5000.0,1524.0,5.1,843.0710955607474,70.0,4600.0,22.828410001809857,47.39027340934568,7.6948616841335085,0.564812525081237,282.11639221846826,64.25425684872476,380.6147082902319,409.5515351909111,438.48836209159043,467.4251889922697,424.0199486412508,467.4251889922697,380.6147082902319,86.81048070203781,2.8812061281419057,69.27626150027149,14.5,91.0,34.0,31.6,14.288235294117648,420.0,True,True,2400.0,8.0,456.0,0.2913482685717733,76.66666666666667,0.2913482685717733,0.174808961143064,0.11653930742870933,True,False,False,True,python_mission_generator,csv_authoritative,validated_csv,explicit_input,calibrated_csv,python_generated_isa_plus_offset
ENG_0001,457.0,temp_mission_001,NORMAL,CRUISE,42,stage5_mission_generator,5000.0,1524.0,5.1,843.0710955607474,70.0,4600.0,22.828410001809857,47.39027340934568,7.6948616841335085,0.564812525081237,282.11639221846826,64.25425684872476,380.6147082902319,409.5515351909111,438.48836209159043,467.4251889922697,424.0199486412508,467.4251889922697,380.6147082902319,86.81048070203781,2.8812061281419057,69.27626150027149,14.5,91.0,34.0,31.6,14.288235294117648,420.0,True,True,2400.0,8.0,457.0,0.2913482685717733,76.66666666666667,0.2913482685717733,0.174808961143064,0.11653930742870933,True,False,False,True,python_mission_generator,csv_authoritative,validated_csv,explicit_input,calibrated_csv,python_generated_isa_plus_offset
ENG_0001,458.0,temp_mission_001,NORMAL,CRUISE,42,stage5_mission_generator,5000.0,1524.0,5.1,843.0710955607474,70.0,4600.0,22.828410001809857,47.39027340934568,7.6948616841335085,0.564812525081237,282.11639221846826,64.25425684872476,380.6147082902319,409.5515351909111,438.48836209159043,467.4251889922697,424.0199486412508,467.4251889922697,380.6147082902319,86.81048070203781,2.8812061281419057,69.27626150027149,14.5,91.0,34.0,31.6,14.288235294117648,420.0,True,True,2400.0,8.0,458.0,0.2913482685717733,76.66666666666667,0.2913482685717733,0.174808961143064,0.11653930742870933,True,False,False,True,python_mission_generator,csv_authoritative,validated_csv,explicit_input,calibrated_csv,python_generated_isa_plus_offset
ENG_0001,459.0,temp_mission_001,NORMAL,CRUISE,42,stage5_mission_generator,5000.0,1524.0,5.1,843.0710955607474,70.0,4600.0,22.828410001809857,47.39027340934568,7.6948616841335085,0.564812525081237,282.11639221846826,64.25425684872476,380.6147082902319,409.5515351909111,438.48836209159043,467.4251889922697,424.0199486412508,467.4251889922697,380.6147082902319,86.81048070203781,2.8812061281419057,69.27626150027149,14.5,91.0,34.0,31.6,14.288235294117648,420.0,True,True,2400.0,8.0,459.0,0.2913482685717733,76.66666666666667,0.2913482685717733,0.174808961143064,0.11653930742870933,True,False,False,True,python_mission_generator,csv_authoritative,validated_csv,explicit_input,calibrated_csv,python_generated_isa_plus_offset
ENG_0001,460.0,temp_mission_001,NORMAL,CRUISE,42,stage5_mission_generator,5000.0,1524.0,5.1,843.0710955607474,70.0,4600.0,22.828410001809857,47.39027340934568,7.6948616841335085,0.564812525081237,282.11639221846826,64.25425684872476,380.6147082902319,409.5515351909111,438.48836209159043,467.4251889922697,424.0199486412508,467.4251889922697,380.6147082902319,86.81048070203781,2.8812061281419057,69.27626150027149,14.5,91.0,34.0,31.6,14.288235294117648,420.0,True,True,2400.0,8.0,460.0,0.2913482685717733,76.66666666666667,0.2913482685717733,0.174808961143064,0.11653930742870933,True,False,False,True,python_mission_generator,csv_authoritative,validated_csv,explicit_input,calibrated_csv,python_generated_isa_plus_offset
ENG_0001,461.0,temp_mission_001,NORMAL,CRUISE,42,stage5_mission_generator,5000.0,1524.0,5.1,843.0710955607474,70.0,4600.0,22.828410001809857,47.39027340934568,7.6948616841335085,0.564812525081237,282.11639221846826,64.25425684872476,380.6147082902319,409.5515351909111,438.48836209159043,467.4251889922697,424.0199486412508,467.4251889922697,380.6147082902319,86.81048070203781,2.8812061281419057,69.27626150027149,14.5,91.0,34.0,31.6,14.288235294117648,420.0,True,True,2400.0,8.0,461.0,0.2913482685717733,76.66666666666667,0.2913482685717733,0.174808961143064,0.11653930742870933,True,False,False,True,python_mission_generator,csv_authoritative,validated_csv,explicit_input,calibrated_csv,python_generated_isa_plus_offset
ENG_0001,462.0,temp_mission_001,NORMAL,CRUISE,42,stage5_mission_generator,5000.0,1524.0,5.1,843.0710955607474,70.0,4600.0,22.828410001809857,47.39027340934568,7.6948616841335085,0.564812525081237,282.11639221846826,64.25425684872476,380.6147082902319,409.5515351909111,438.48836209159043,467.4251889922697,424.0199486412508,467.4251889922697,380.6147082902319,86.81048070203781,2.8812061281419057,69.27626150027149,14.5,91.0,34.0,31.6,14.288235294117648,420.0,True,True,2400.0,8.0,462.0,0.2913482685717733,76.66666666666667,0.2913482685717733,0.174808961143064,0.11653930742870933,True,False,False,True,python_mission_generator,csv_authoritative,validated_csv,explicit_input,calibrated_csv,python_generated_isa_plus_offset
ENG_0001,463.0,temp_mission_001,NORMAL,CRUISE,42,stage5_mission_generator,5000.0,1524.0,5.1,843.0710955607474,70.0,4600.0,22.828410001809857,47.39027340934568,7.6948616841335085,0.564812525081237,282.11639221846826,64.25425684872476,380.6147082902319,409.5515351909111,438.48836209159043,467.4251889922697,424.0199486412508,467.4251889922697,380.6147082902319,86.81048070203781,2.8812061281419057,69.27626150027149,14.5,91.0,34.0,31.6,14.288235294117648,420.0,True,True,2400.0,8.0,463.0,0.2913482685717733,76.66666666666667,0.2913482685717733,0.174808961143064,0.11653930742870933,True,False,False,True,python_mission_generator,csv_authoritative,validated_csv,explicit_input,calibrated_csv,python_generated_isa_plus_offset
ENG_0001,464.0,temp_mission_001,NORMAL,CRUISE,42,stage5_mission_generator,5000.0,1524.0,5.1,843.0710955607474,70.0,4600.0,22.828410001809857,47.39027340934568,7.6948616841335085,0.564812525081237,282.11639221846826,64.25425684872476,380.6147082902319,409.5515351909111,438.48836209159043,467.4251889922697,424.0199486412508,467.4251889922697,380.6147082902319,86.81048070203781,2.8812061281419057,69.27626150027149,14.5,91.0,34.0,31.6,14.288235294117648,420.0,True,True,2400.0,8.0,464.0,0.2913482685717733,76.66666666666667,0.2913482685717733,0.174808961143064,0.11653930742870933,True,False,False,True,python_mission_generator,csv_authoritative,validated_csv,explicit_input,calibrated_csv,python_generated_isa_plus_offset
ENG_0001,465.0,temp_mission_001,NORMAL,CRUISE,42,stage5_mission_generator,5000.0,1524.0,5.1,843.0710955607474,70.0,4600.0,22.828410001809857,47.39027340934568,7.6948616841335085,0.564812525081237,282.11639221846826,64.25425684872476,380.6147082902319,409.5515351909111,438.48836209159043,467.4251889922697,424.0199486412508,467.4251889922697,380.6147082902319,86.81048070203781,2.8812061281419057,69.27626150027149,14.5,91.0,34.0,31.6,14.288235294117648,420.0,True,True,2400.0,8.0,465.0,0.2913482685717733,76.66666666666667,0.2913482685717733,0.174808961143064,0.11653930742870933,True,False,False,True,python_mission_generator,csv_authoritative,validated_csv,explicit_input,calibrated_csv,python_generated_isa_plus_offset
ENG_0001,466.0,temp_mission_001,NORMAL,CRUISE,42,stage5_mission_generator,5000.0,1524.0,5.1,843.0710955607474,70.0,4600.0,22.828410001809857,47.39027340934568,7.6948616841335085,0.564812525081237,282.11639221846826,64.25425684872476,380.6147082902319,409.5515351909111,438.48836209159043,467.4251889922697,424.0199486412508,467.4251889922697,380.6147082902319,86.81048070203781,2.8812061281419057,69.27626150027149,14.5,91.0,34.0,31.6,14.288235294117648,420.0,True,True,2400.0,8.0,466.0,0.2913482685717733,76.66666666666667,0.2913482685717733,0.174808961143064,0.11653930742870933,True,False,False,True,python_mission_generator,csv_authoritative,validated_csv,explicit_input,calibrated_csv,python_generated_isa_plus_offset
ENG_0001,467.0,temp_mission_001,NORMAL,CRUISE,42,stage5_mission_generator,5000.0,1524.0,5.1,843.0710955607474,70.0,4600.0,22.828410001809857,47.39027340934568,7.6948616841335085,0.564812525081237,282.11639221846826,64.25425684872476,380.6147082902319,409.5515351909111,438.48836209159043,467.4251889922697,424.0199486412508,467.4251889922697,380.6147082902319,86.81048070203781,2.8812061281419057,69.27626150027149,14.5,91.0,34.0,31.6,14.288235294117648,420.0,True,True,2400.0,8.0,467.0,0.2913482685717733,76.66666666666667,0.2913482685717733,0.174808961143064,0.11653930742870933,True,False,False,True,python_mission_generator,csv_authoritative,validated_csv,explicit_input,calibrated_csv,python_generated_isa_plus_offset
ENG_0001,468.0,temp_mission_001,NORMAL,CRUISE,42,stage5_mission_generator,5000.0,1524.0,5.1,843.0710955607474,70.0,4600.0,22.828410001809857,47.39027340934568,7.6948616841335085,0.564812525081237,282.11639221846826,64.25425684872476,380.6147082902319,409.5515351909111,438.48836209159043,467.4251889922697,424.0199486412508,467.4251889922697,380.6147082902319,86.81048070203781,2.8812061281419057,69.27626150027149,14.5,91.0,34.0,31.6,14.288235294117648,420.0,True,True,2400.0,8.0,468.0,0.2913482685717733,76.66666666666667,0.2913482685717733,0.174808961143064,0.11653930742870933,True,False,False,True,python_mission_generator,csv_authoritative,validated_csv,explicit_input,calibrated_csv,python_generated_isa_plus_offset
ENG_0001,469.0,temp_mission_001,NORMAL,CRUISE,42,stage5_mission_generator,5000.0,1524.0,5.1,843.0710955607474,70.0,4600.0,22.828410001809857,47.39027340934568,7.6948616841335085,0.564812525081237,282.11639221846826,64.25425684872476,380.6147082902319,409.5515351909111,438.48836209159043,467.4251889922697,424.0199486412508,467.4251889922697,380.6147082902319,86.81048070203781,2.8812061281419057,69.27626150027149,14.5,91.0,34.0,31.6,14.288235294117648,420.0,True,True,2400.0,8.0,469.0,0.2913482685717733,76.66666666666667,0.2913482685717733,0.174808961143064,0.11653930742870933,True,False,False,True,python_mission_generator,csv_authoritative,validated_csv,explicit_input,calibrated_csv,python_generated_isa_plus_offset
ENG_0001,470.0,temp_mission_001,NORMAL,CRUISE,42,stage5_mission_generator,5000.0,1524.0,5.1,843.0710955607474,70.0,4600.0,22.828410001809857,47.39027340934568,7.6948616841335085,0.564812525081237,282.11639221846826,64.25425684872476,380.6147082902319,409.5515351909111,438.48836209159043,467.4251889922697,424.0199486412508,467.4251889922697,380.6147082902319,86.81048070203781,2.8812061281419057,69.27626150027149,14.5,91.0,34.0,31.6,14.288235294117648,420.0,True,True,2400.0,8.0,470.0,0.2913482685717733,76.66666666666667,0.2913482685717733,0.174808961143064,0.11653930742870933,True,False,False,True,python_mission_generator,csv_authoritative,validated_csv,explicit_input,calibrated_csv,python_generated_isa_plus_offset
ENG_0001,471.0,temp_mission_001,NORMAL,CRUISE,42,stage5_mission_generator,5000.0,1524.0,5.1,843.0710955607474,70.0,4600.0,22.828410001809857,47.39027340934568,7.6948616841335085,0.564812525081237,282.11639221846826,64.25425684872476,380.6147082902319,409.5515351909111,438.48836209159043,467.4251889922697,424.0199486412508,467.4251889922697,380.6147082902319,86.81048070203781,2.8812061281419057,69.27626150027149,14.5,91.0,34.0,31.6,14.288235294117648,420.0,True,True,2400.0,8.0,471.0,0.2913482685717733,76.66666666666667,0.2913482685717733,0.174808961143064,0.11653930742870933,True,False,False,True,python_mission_generator,csv_authoritative,validated_csv,explicit_input,calibrated_csv,python_generated_isa_plus_offset
ENG_0001,472.0,temp_mission_001,NORMAL,CRUISE,42,stage5_mission_generator,5000.0,1524.0,5.1,843.0710955607474,70.0,4600.0,22.828410001809857,47.39027340934568,7.6948616841335085,0.564812525081237,282.11639221846826,64.25425684872476,380.6147082902319,409.5515351909111,438.48836209159043,467.4251889922697,424.0199486412508,467.4251889922697,380.6147082902319,86.81048070203781,2.8812061281419057,69.27626150027149,14.5,91.0,34.0,31.6,14.288235294117648,420.0,True,True,2400.0,8.0,472.0,0.2913482685717733,76.66666666666667,0.2913482685717733,0.174808961143064,0.11653930742870933,True,False,False,True,python_mission_generator,csv_authoritative,validated_csv,explicit_input,calibrated_csv,python_generated_isa_plus_offset
ENG_0001,473.0,temp_mission_001,NORMAL,CRUISE,42,stage5_mission_generator,5000.0,1524.0,5.1,843.0710955607474,70.0,4600.0,22.828410001809857,47.39027340934568,7.6948616841335085,0.564812525081237,282.11639221846826,64.25425684872476,380.6147082902319,409.5515351909111,438.48836209159043,467.4251889922697,424.0199486412508,467.4251889922697,380.6147082902319,86.81048070203781,2.8812061281419057,69.27626150027149,14.5,91.0,34.0,31.6,14.288235294117648,420.0,True,True,2400.0,8.0,473.0,0.2913482685717733,76.66666666666667,0.2913482685717733,0.174808961143064,0.11653930742870933,True,False,False,True,python_mission_generator,csv_authoritative,validated_csv,explicit_input,calibrated_csv,python_generated_isa_plus_offset
ENG_0001,474.0,temp_mission_001,NORMAL,CRUISE,42,stage5_mission_generator,5000.0,1524.0,5.1,843.0710955607474,70.0,4600.0,22.828410001809857,47.39027340934568,7.6948616841335085,0.564812525081237,282.11639221846826,64.25425684872476,380.6147082902319,409.5515351909111,438.48836209159043,467.4251889922697,424.0199486412508,467.4251889922697,380.6147082902319,86.81048070203781,2.8812061281419057,69.27626150027149,14.5,91.0,34.0,31.6,14.288235294117648,420.0,True,True,2400.0,8.0,474.0,0.2913482685717733,76.66666666666667,0.2913482685717733,0.174808961143064,0.11653930742870933,True,False,False,True,python_mission_generator,csv_authoritative,validated_csv,explicit_input,calibrated_csv,python_generated_isa_plus_offset
ENG_0001,475.0,temp_mission_001,NORMAL,CRUISE,42,stage5_mission_generator,5000.0,1524.0,5.1,843.0710955607474,70.0,4600.0,22.828410001809857,47.39027340934568,7.6948616841335085,0.564812525081237,282.11639221846826,64.25425684872476,380.6147082902319,409.5515351909111,438.48836209159043,467.4251889922697,424.0199486412508,467.4251889922697,380.6147082902319,86.81048070203781,2.8812061281419057,69.27626150027149,14.5,91.0,34.0,31.6,14.288235294117648,420.0,True,True,2400.0,8.0,475.0,0.2913482685717733,76.66666666666667,0.2913482685717733,0.174808961143064,0.11653930742870933,True,False,False,True,python_mission_generator,csv_authoritative,validated_csv,explicit_input,calibrated_csv,python_generated_isa_plus_offset
ENG_0001,476.0,temp_mission_001,NORMAL,CRUISE,42,stage5_mission_generator,5000.0,1524.0,5.1,843.0710955607474,70.0,4600.0,22.828410001809857,47.39027340934568,7.6948616841335085,0.564812525081237,282.11639221846826,64.25425684872476,380.6147082902319,409.5515351909111,438.48836209159043,467.4251889922697,424.0199486412508,467.4251889922697,380.6147082902319,86.81048070203781,2.8812061281419057,69.27626150027149,14.5,91.0,34.0,31.6,14.288235294117648,420.0,True,True,2400.0,8.0,476.0,0.2913482685717733,76.66666666666667,0.2913482685717733,0.174808961143064,0.11653930742870933,True,False,False,True,python_mission_generator,csv_authoritative,validated_csv,explicit_input,calibrated_csv,python_generated_isa_plus_offset
ENG_0001,477.0,temp_mission_001,NORMAL,CRUISE,42,stage5_mission_generator,5000.0,1524.0,5.1,843.0710955607474,70.0,4600.0,22.828410001809857,47.39027340934568,7.6948616841335085,0.564812525081237,282.11639221846826,64.25425684872476,380.6147082902319,409.5515351909111,438.48836209159043,467.4251889922697,424.0199486412508,467.4251889922697,380.6147082902319,86.81048070203781,2.8812061281419057,69.27626150027149,14.5,91.0,34.0,31.6,14.288235294117648,420.0,True,True,2400.0,8.0,477.0,0.2913482685717733,76.66666666666667,0.2913482685717733,0.174808961143064,0.11653930742870933,True,False,False,True,python_mission_generator,csv_authoritative,validated_csv,explicit_input,calibrated_csv,python_generated_isa_plus_offset
ENG_0001,478.0,temp_mission_001,NORMAL,CRUISE,42,stage5_mission_generator,5000.0,1524.0,5.1,843.0710955607474,70.0,4600.0,22.828410001809857,47.39027340934568,7.6948616841335085,0.564812525081237,282.11639221846826,64.25425684872476,380.6147082902319,409.5515351909111,438.48836209159043,467.4251889922697,424.0199486412508,467.4251889922697,380.6147082902319,86.81048070203781,2.8812061281419057,69.27626150027149,14.5,91.0,34.0,31.6,14.288235294117648,420.0,True,True,2400.0,8.0,478.0,0.2913482685717733,76.66666666666667,0.2913482685717733,0.174808961143064,0.11653930742870933,True,False,False,True,python_mission_generator,csv_authoritative,validated_csv,explicit_input,calibrated_csv,python_generated_isa_plus_offset
ENG_0001,479.0,temp_mission_001,NORMAL,CRUISE,42,stage5_mission_generator,5000.0,1524.0,5.1,843.0710955607474,70.0,4600.0,22.828410001809857,47.39027340934568,7.6948616841335085,0.564812525081237,282.11639221846826,64.25425684872476,380.6147082902319,409.5515351909111,438.48836209159043,467.4251889922697,424.0199486412508,467.4251889922697,380.6147082902319,86.81048070203781,2.8812061281419057,69.27626150027149,14.5,91.0,34.0,31.6,14.288235294117648,420.0,True,True,2400.0,8.0,479.0,0.2913482685717733,76.66666666666667,0.2913482685717733,0.174808961143064,0.11653930742870933,True,False,False,True,python_mission_generator,csv_authoritative,validated_csv,explicit_input,calibrated_csv,python_generated_isa_plus_offset
ENG_0001,480.0,temp_mission_001,NORMAL,CRUISE,42,stage5_mission_generator,5000.0,1524.0,5.1,843.0710955607474,70.0,4600.0,22.828410001809857,47.39027340934568,7.6948616841335085,0.564812525081237,282.11639221846826,64.25425684872476,380.6147082902319,409.5515351909111,438.48836209159043,467.4251889922697,424.0199486412508,467.4251889922697,380.6147082902319,86.81048070203781,2.8812061281419057,69.27626150027149,14.5,91.0,34.0,31.6,14.288235294117648,420.0,True,True,2400.0,8.0,480.0,0.2913482685717733,76.66666666666667,0.2913482685717733,0.174808961143064,0.11653930742870933,True,False,False,True,python_mission_generator,csv_authoritative,validated_csv,explicit_input,calibrated_csv,python_generated_isa_plus_offset
ENG_0001,481.0,temp_mission_001,NORMAL,CRUISE,42,stage5_mission_generator,5000.0,1524.0,5.1,843.0710955607474,70.0,4600.0,22.828410001809857,47.39027340934568,7.6948616841335085,0.564812525081237,282.11639221846826,64.25425684872476,380.6147082902319,409.5515351909111,438.48836209159043,467.4251889922697,424.0199486412508,467.4251889922697,380.6147082902319,86.81048070203781,2.8812061281419057,69.27626150027149,14.5,91.0,34.0,31.6,14.288235294117648,420.0,True,True,2400.0,8.0,481.0,0.2913482685717733,76.66666666666667,0.2913482685717733,0.174808961143064,0.11653930742870933,True,False,False,True,python_mission_generator,csv_authoritative,validated_csv,explicit_input,calibrated_csv,python_generated_isa_plus_offset
ENG_0001,482.0,temp_mission_001,NORMAL,CRUISE,42,stage5_mission_generator,5000.0,1524.0,5.1,843.0710955607474,70.0,4600.0,22.828410001809857,47.39027340934568,7.6948616841335085,0.564812525081237,282.11639221846826,64.25425684872476,380.6147082902319,409.5515351909111,438.48836209159043,467.4251889922697,424.0199486412508,467.4251889922697,380.6147082902319,86.81048070203781,2.8812061281419057,69.27626150027149,14.5,91.0,34.0,31.6,14.288235294117648,420.0,True,True,2400.0,8.0,482.0,0.2913482685717733,76.66666666666667,0.2913482685717733,0.174808961143064,0.11653930742870933,True,False,False,True,python_mission_generator,csv_authoritative,validated_csv,explicit_input,calibrated_csv,python_generated_isa_plus_offset
ENG_0001,483.0,temp_mission_001,NORMAL,CRUISE,42,stage5_mission_generator,5000.0,1524.0,5.1,843.0710955607474,70.0,4600.0,22.828410001809857,47.39027340934568,7.6948616841335085,0.564812525081237,282.11639221846826,64.25425684872476,380.6147082902319,409.5515351909111,438.48836209159043,467.4251889922697,424.0199486412508,467.4251889922697,380.6147082902319,86.81048070203781,2.8812061281419057,69.27626150027149,14.5,91.0,34.0,31.6,14.288235294117648,420.0,True,True,2400.0,8.0,483.0,0.2913482685717733,76.66666666666667,0.2913482685717733,0.174808961143064,0.11653930742870933,True,False,False,True,python_mission_generator,csv_authoritative,validated_csv,explicit_input,calibrated_csv,python_generated_isa_plus_offset
ENG_0001,484.0,temp_mission_001,NORMAL,CRUISE,42,stage5_mission_generator,5000.0,1524.0,5.1,843.0710955607474,70.0,4600.0,22.828410001809857,47.39027340934568,7.6948616841335085,0.564812525081237,282.11639221846826,64.25425684872476,380.6147082902319,409.5515351909111,438.48836209159043,467.4251889922697,424.0199486412508,467.4251889922697,380.6147082902319,86.81048070203781,2.8812061281419057,69.27626150027149,14.5,91.0,34.0,31.6,14.288235294117648,420.0,True,True,2400.0,8.0,484.0,0.2913482685717733,76.66666666666667,0.2913482685717733,0.174808961143064,0.11653930742870933,True,False,False,True,python_mission_generator,csv_authoritative,validated_csv,explicit_input,calibrated_csv,python_generated_isa_plus_offset
ENG_0001,485.0,temp_mission_001,NORMAL,CRUISE,42,stage5_mission_generator,5000.0,1524.0,5.1,843.0710955607474,70.0,4600.0,22.828410001809857,47.39027340934568,7.6948616841335085,0.564812525081237,282.11639221846826,64.25425684872476,380.6147082902319,409.5515351909111,438.48836209159043,467.4251889922697,424.0199486412508,467.4251889922697,380.6147082902319,86.81048070203781,2.8812061281419057,69.27626150027149,14.5,91.0,34.0,31.6,14.288235294117648,420.0,True,True,2400.0,8.0,485.0,0.2913482685717733,76.66666666666667,0.2913482685717733,0.174808961143064,0.11653930742870933,True,False,False,True,python_mission_generator,csv_authoritative,validated_csv,explicit_input,calibrated_csv,python_generated_isa_plus_offset
ENG_0001,486.0,temp_mission_001,NORMAL,CRUISE,42,stage5_mission_generator,5000.0,1524.0,5.1,843.0710955607474,70.0,4600.0,22.828410001809857,47.39027340934568,7.6948616841335085,0.564812525081237,282.11639221846826,64.25425684872476,380.6147082902319,409.5515351909111,438.48836209159043,467.4251889922697,424.0199486412508,467.4251889922697,380.6147082902319,86.81048070203781,2.8812061281419057,69.27626150027149,14.5,91.0,34.0,31.6,14.288235294117648,420.0,True,True,2400.0,8.0,486.0,0.2913482685717733,76.66666666666667,0.2913482685717733,0.174808961143064,0.11653930742870933,True,False,False,True,python_mission_generator,csv_authoritative,validated_csv,explicit_input,calibrated_csv,python_generated_isa_plus_offset
ENG_0001,487.0,temp_mission_001,NORMAL,CRUISE,42,stage5_mission_generator,5000.0,1524.0,5.1,843.0710955607474,70.0,4600.0,22.828410001809857,47.39027340934568,7.6948616841335085,0.564812525081237,282.11639221846826,64.25425684872476,380.6147082902319,409.5515351909111,438.48836209159043,467.4251889922697,424.0199486412508,467.4251889922697,380.6147082902319,86.81048070203781,2.8812061281419057,69.27626150027149,14.5,91.0,34.0,31.6,14.288235294117648,420.0,True,True,2400.0,8.0,487.0,0.2913482685717733,76.66666666666667,0.2913482685717733,0.174808961143064,0.11653930742870933,True,False,False,True,python_mission_generator,csv_authoritative,validated_csv,explicit_input,calibrated_csv,python_generated_isa_plus_offset
ENG_0001,488.0,temp_mission_001,NORMAL,CRUISE,42,stage5_mission_generator,5000.0,1524.0,5.1,843.0710955607474,70.0,4600.0,22.828410001809857,47.39027340934568,7.6948616841335085,0.564812525081237,282.11639221846826,64.25425684872476,380.6147082902319,409.5515351909111,438.48836209159043,467.4251889922697,424.0199486412508,467.4251889922697,380.6147082902319,86.81048070203781,2.8812061281419057,69.27626150027149,14.5,91.0,34.0,31.6,14.288235294117648,420.0,True,True,2400.0,8.0,488.0,0.2913482685717733,76.66666666666667,0.2913482685717733,0.174808961143064,0.11653930742870933,True,False,False,True,python_mission_generator,csv_authoritative,validated_csv,explicit_input,calibrated_csv,python_generated_isa_plus_offset
ENG_0001,489.0,temp_mission_001,NORMAL,CRUISE,42,stage5_mission_generator,5000.0,1524.0,5.1,843.0710955607474,70.0,4600.0,22.828410001809857,47.39027340934568,7.6948616841335085,0.564812525081237,282.11639221846826,64.25425684872476,380.6147082902319,409.5515351909111,438.48836209159043,467.4251889922697,424.0199486412508,467.4251889922697,380.6147082902319,86.81048070203781,2.8812061281419057,69.27626150027149,14.5,91.0,34.0,31.6,14.288235294117648,420.0,True,True,2400.0,8.0,489.0,0.2913482685717733,76.66666666666667,0.2913482685717733,0.174808961143064,0.11653930742870933,True,False,False,True,python_mission_generator,csv_authoritative,validated_csv,explicit_input,calibrated_csv,python_generated_isa_plus_offset
ENG_0001,490.0,temp_mission_001,NORMAL,CRUISE,42,stage5_mission_generator,5000.0,1524.0,5.1,843.0710955607474,70.0,4600.0,22.828410001809857,47.39027340934568,7.6948616841335085,0.564812525081237,282.11639221846826,64.25425684872476,380.6147082902319,409.5515351909111,438.48836209159043,467.4251889922697,424.0199486412508,467.4251889922697,380.6147082902319,86.81048070203781,2.8812061281419057,69.27626150027149,14.5,91.0,34.0,31.6,14.288235294117648,420.0,True,True,2400.0,8.0,490.0,0.2913482685717733,76.66666666666667,0.2913482685717733,0.174808961143064,0.11653930742870933,True,False,False,True,python_mission_generator,csv_authoritative,validated_csv,explicit_input,calibrated_csv,python_generated_isa_plus_offset
ENG_0001,491.0,temp_mission_001,NORMAL,CRUISE,42,stage5_mission_generator,5000.0,1524.0,5.1,843.0710955607474,70.0,4600.0,22.828410001809857,47.39027340934568,7.6948616841335085,0.564812525081237,282.11639221846826,64.25425684872476,380.6147082902319,409.5515351909111,438.48836209159043,467.4251889922697,424.0199486412508,467.4251889922697,380.6147082902319,86.81048070203781,2.8812061281419057,69.27626150027149,14.5,91.0,34.0,31.6,14.288235294117648,420.0,True,True,2400.0,8.0,491.0,0.2913482685717733,76.66666666666667,0.2913482685717733,0.174808961143064,0.11653930742870933,True,False,False,True,python_mission_generator,csv_authoritative,validated_csv,explicit_input,calibrated_csv,python_generated_isa_plus_offset
ENG_0001,492.0,temp_mission_001,NORMAL,CRUISE,42,stage5_mission_generator,5000.0,1524.0,5.1,843.0710955607474,70.0,4600.0,22.828410001809857,47.39027340934568,7.6948616841335085,0.564812525081237,282.11639221846826,64.25425684872476,380.6147082902319,409.5515351909111,438.48836209159043,467.4251889922697,424.0199486412508,467.4251889922697,380.6147082902319,86.81048070203781,2.8812061281419057,69.27626150027149,14.5,91.0,34.0,31.6,14.288235294117648,420.0,True,True,2400.0,8.0,492.0,0.2913482685717733,76.66666666666667,0.2913482685717733,0.174808961143064,0.11653930742870933,True,False,False,True,python_mission_generator,csv_authoritative,validated_csv,explicit_input,calibrated_csv,python_generated_isa_plus_offset
ENG_0001,493.0,temp_mission_001,NORMAL,CRUISE,42,stage5_mission_generator,5000.0,1524.0,5.1,843.0710955607474,70.0,4600.0,22.828410001809857,47.39027340934568,7.6948616841335085,0.564812525081237,282.11639221846826,64.25425684872476,380.6147082902319,409.5515351909111,438.48836209159043,467.4251889922697,424.0199486412508,467.4251889922697,380.6147082902319,86.81048070203781,2.8812061281419057,69.27626150027149,14.5,91.0,34.0,31.6,14.288235294117648,420.0,True,True,2400.0,8.0,493.0,0.2913482685717733,76.66666666666667,0.2913482685717733,0.174808961143064,0.11653930742870933,True,False,False,True,python_mission_generator,csv_authoritative,validated_csv,explicit_input,calibrated_csv,python_generated_isa_plus_offset
ENG_0001,494.0,temp_mission_001,NORMAL,CRUISE,42,stage5_mission_generator,5000.0,1524.0,5.1,843.0710955607474,70.0,4600.0,22.828410001809857,47.39027340934568,7.6948616841335085,0.564812525081237,282.11639221846826,64.25425684872476,380.6147082902319,409.5515351909111,438.48836209159043,467.4251889922697,424.0199486412508,467.4251889922697,380.6147082902319,86.81048070203781,2.8812061281419057,69.27626150027149,14.5,91.0,34.0,31.6,14.288235294117648,420.0,True,True,2400.0,8.0,494.0,0.2913482685717733,76.66666666666667,0.2913482685717733,0.174808961143064,0.11653930742870933,True,False,False,True,python_mission_generator,csv_authoritative,validated_csv,explicit_input,calibrated_csv,python_generated_isa_plus_offset
ENG_0001,495.0,temp_mission_001,NORMAL,CRUISE,42,stage5_mission_generator,5000.0,1524.0,5.1,843.0710955607474,70.0,4600.0,22.828410001809857,47.39027340934568,7.6948616841335085,0.564812525081237,282.11639221846826,64.25425684872476,380.6147082902319,409.5515351909111,438.48836209159043,467.4251889922697,424.0199486412508,467.4251889922697,380.6147082902319,86.81048070203781,2.8812061281419057,69.27626150027149,14.5,91.0,34.0,31.6,14.288235294117648,420.0,True,True,2400.0,8.0,495.0,0.2913482685717733,76.66666666666667,0.2913482685717733,0.174808961143064,0.11653930742870933,True,False,False,True,python_mission_generator,csv_authoritative,validated_csv,explicit_input,calibrated_csv,python_generated_isa_plus_offset
ENG_0001,496.0,temp_mission_001,NORMAL,CRUISE,42,stage5_mission_generator,5000.0,1524.0,5.1,843.0710955607474,70.0,4600.0,22.828410001809857,47.39027340934568,7.6948616841335085,0.564812525081237,282.11639221846826,64.25425684872476,380.6147082902319,409.5515351909111,438.48836209159043,467.4251889922697,424.0199486412508,467.4251889922697,380.6147082902319,86.81048070203781,2.8812061281419057,69.27626150027149,14.5,91.0,34.0,31.6,14.288235294117648,420.0,True,True,2400.0,8.0,496.0,0.2913482685717733,76.66666666666667,0.2913482685717733,0.174808961143064,0.11653930742870933,True,False,False,True,python_mission_generator,csv_authoritative,validated_csv,explicit_input,calibrated_csv,python_generated_isa_plus_offset
ENG_0001,497.0,temp_mission_001,NORMAL,CRUISE,42,stage5_mission_generator,5000.0,1524.0,5.1,843.0710955607474,70.0,4600.0,22.828410001809857,47.39027340934568,7.6948616841335085,0.564812525081237,282.11639221846826,64.25425684872476,380.6147082902319,409.5515351909111,438.48836209159043,467.4251889922697,424.0199486412508,467.4251889922697,380.6147082902319,86.81048070203781,2.8812061281419057,69.27626150027149,14.5,91.0,34.0,31.6,14.288235294117648,420.0,True,True,2400.0,8.0,497.0,0.2913482685717733,76.66666666666667,0.2913482685717733,0.174808961143064,0.11653930742870933,True,False,False,True,python_mission_generator,csv_authoritative,validated_csv,explicit_input,calibrated_csv,python_generated_isa_plus_offset
ENG_0001,498.0,temp_mission_001,NORMAL,CRUISE,42,stage5_mission_generator,5000.0,1524.0,5.1,843.0710955607474,70.0,4600.0,22.828410001809857,47.39027340934568,7.6948616841335085,0.564812525081237,282.11639221846826,64.25425684872476,380.6147082902319,409.5515351909111,438.48836209159043,467.4251889922697,424.0199486412508,467.4251889922697,380.6147082902319,86.81048070203781,2.8812061281419057,69.27626150027149,14.5,91.0,34.0,31.6,14.288235294117648,420.0,True,True,2400.0,8.0,498.0,0.2913482685717733,76.66666666666667,0.2913482685717733,0.174808961143064,0.11653930742870933,True,False,False,True,python_mission_generator,csv_authoritative,validated_csv,explicit_input,calibrated_csv,python_generated_isa_plus_offset
ENG_0001,499.0,temp_mission_001,NORMAL,CRUISE,42,stage5_mission_generator,5000.0,1524.0,5.1,843.0710955607474,70.0,4600.0,22.828410001809857,47.39027340934568,7.6948616841335085,0.564812525081237,282.11639221846826,64.25425684872476,380.6147082902319,409.5515351909111,438.48836209159043,467.4251889922697,424.0199486412508,467.4251889922697,380.6147082902319,86.81048070203781,2.8812061281419057,69.27626150027149,14.5,91.0,34.0,31.6,14.288235294117648,420.0,True,True,2400.0,8.0,499.0,0.2913482685717733,76.66666666666667,0.2913482685717733,0.174808961143064,0.11653930742870933,True,False,False,True,python_mission_generator,csv_authoritative,validated_csv,explicit_input,calibrated_csv,python_generated_isa_plus_offset
ENG_0001,500.0,temp_mission_001,NORMAL,CRUISE,42,stage5_mission_generator,5000.0,1524.0,5.1,843.0710955607474,70.0,4600.0,22.828410001809857,47.39027340934568,7.6948616841335085,0.564812525081237,282.11639221846826,64.25425684872476,380.6147082902319,409.5515351909111,438.48836209159043,467.4251889922697,424.0199486412508,467.4251889922697,380.6147082902319,86.81048070203781,2.8812061281419057,69.27626150027149,14.5,91.0,34.0,31.6,14.288235294117648,420.0,True,True,2400.0,8.0,500.0,0.2913482685717733,76.66666666666667,0.2913482685717733,0.174808961143064,0.11653930742870933,True,False,False,True,python_mission_generator,csv_authoritative,validated_csv,explicit_input,calibrated_csv,python_generated_isa_plus_offset
ENG_0001,501.0,temp_mission_001,NORMAL,CRUISE,42,stage5_mission_generator,5000.0,1524.0,5.1,843.0710955607474,70.0,4600.0,22.828410001809857,47.39027340934568,7.6948616841335085,0.564812525081237,282.11639221846826,64.25425684872476,380.6147082902319,409.5515351909111,438.48836209159043,467.4251889922697,424.0199486412508,467.4251889922697,380.6147082902319,86.81048070203781,2.8812061281419057,69.27626150027149,14.5,91.0,34.0,31.6,14.288235294117648,420.0,True,True,2400.0,8.0,501.0,0.2913482685717733,76.66666666666667,0.2913482685717733,0.174808961143064,0.11653930742870933,True,False,False,True,python_mission_generator,csv_authoritative,validated_csv,explicit_input,calibrated_csv,python_generated_isa_plus_offset
ENG_0001,502.0,temp_mission_001,NORMAL,CRUISE,42,stage5_mission_generator,5000.0,1524.0,5.1,843.0710955607474,70.0,4600.0,22.828410001809857,47.39027340934568,7.6948616841335085,0.564812525081237,282.11639221846826,64.25425684872476,380.6147082902319,409.5515351909111,438.48836209159043,467.4251889922697,424.0199486412508,467.4251889922697,380.6147082902319,86.81048070203781,2.8812061281419057,69.27626150027149,14.5,91.0,34.0,31.6,14.288235294117648,420.0,True,True,2400.0,8.0,502.0,0.2913482685717733,76.66666666666667,0.2913482685717733,0.174808961143064,0.11653930742870933,True,False,False,True,python_mission_generator,csv_authoritative,validated_csv,explicit_input,calibrated_csv,python_generated_isa_plus_offset
ENG_0001,503.0,temp_mission_001,NORMAL,CRUISE,42,stage5_mission_generator,5000.0,1524.0,5.1,843.0710955607474,70.0,4600.0,22.828410001809857,47.39027340934568,7.6948616841335085,0.564812525081237,282.11639221846826,64.25425684872476,380.6147082902319,409.5515351909111,438.48836209159043,467.4251889922697,424.0199486412508,467.4251889922697,380.6147082902319,86.81048070203781,2.8812061281419057,69.27626150027149,14.5,91.0,34.0,31.6,14.288235294117648,420.0,True,True,2400.0,8.0,503.0,0.2913482685717733,76.66666666666667,0.2913482685717733,0.174808961143064,0.11653930742870933,True,False,False,True,python_mission_generator,csv_authoritative,validated_csv,explicit_input,calibrated_csv,python_generated_isa_plus_offset
ENG_0001,504.0,temp_mission_001,NORMAL,CRUISE,42,stage5_mission_generator,5000.0,1524.0,5.1,843.0710955607474,70.0,4600.0,22.828410001809857,47.39027340934568,7.6948616841335085,0.564812525081237,282.11639221846826,64.25425684872476,380.6147082902319,409.5515351909111,438.48836209159043,467.4251889922697,424.0199486412508,467.4251889922697,380.6147082902319,86.81048070203781,2.8812061281419057,69.27626150027149,14.5,91.0,34.0,31.6,14.288235294117648,420.0,True,True,2400.0,8.0,504.0,0.2913482685717733,76.66666666666667,0.2913482685717733,0.174808961143064,0.11653930742870933,True,False,False,True,python_mission_generator,csv_authoritative,validated_csv,explicit_input,calibrated_csv,python_generated_isa_plus_offset
ENG_0001,505.0,temp_mission_001,NORMAL,CRUISE,42,stage5_mission_generator,5000.0,1524.0,5.1,843.0710955607474,70.0,4600.0,22.828410001809857,47.39027340934568,7.6948616841335085,0.564812525081237,282.11639221846826,64.25425684872476,380.6147082902319,409.5515351909111,438.48836209159043,467.4251889922697,424.0199486412508,467.4251889922697,380.6147082902319,86.81048070203781,2.8812061281419057,69.27626150027149,14.5,91.0,34.0,31.6,14.288235294117648,420.0,True,True,2400.0,8.0,505.0,0.2913482685717733,76.66666666666667,0.2913482685717733,0.174808961143064,0.11653930742870933,True,False,False,True,python_mission_generator,csv_authoritative,validated_csv,explicit_input,calibrated_csv,python_generated_isa_plus_offset
ENG_0001,506.0,temp_mission_001,NORMAL,CRUISE,42,stage5_mission_generator,5000.0,1524.0,5.1,843.0710955607474,70.0,4600.0,22.828410001809857,47.39027340934568,7.6948616841335085,0.564812525081237,282.11639221846826,64.25425684872476,380.6147082902319,409.5515351909111,438.48836209159043,467.4251889922697,424.0199486412508,467.4251889922697,380.6147082902319,86.81048070203781,2.8812061281419057,69.27626150027149,14.5,91.0,34.0,31.6,14.288235294117648,420.0,True,True,2400.0,8.0,506.0,0.2913482685717733,76.66666666666667,0.2913482685717733,0.174808961143064,0.11653930742870933,True,False,False,True,python_mission_generator,csv_authoritative,validated_csv,explicit_input,calibrated_csv,python_generated_isa_plus_offset
ENG_0001,507.0,temp_mission_001,NORMAL,CRUISE,42,stage5_mission_generator,5000.0,1524.0,5.1,843.0710955607474,70.0,4600.0,22.828410001809857,47.39027340934568,7.6948616841335085,0.564812525081237,282.11639221846826,64.25425684872476,380.6147082902319,409.5515351909111,438.48836209159043,467.4251889922697,424.0199486412508,467.4251889922697,380.6147082902319,86.81048070203781,2.8812061281419057,69.27626150027149,14.5,91.0,34.0,31.6,14.288235294117648,420.0,True,True,2400.0,8.0,507.0,0.2913482685717733,76.66666666666667,0.2913482685717733,0.174808961143064,0.11653930742870933,True,False,False,True,python_mission_generator,csv_authoritative,validated_csv,explicit_input,calibrated_csv,python_generated_isa_plus_offset
ENG_0001,508.0,temp_mission_001,NORMAL,CRUISE,42,stage5_mission_generator,5000.0,1524.0,5.1,843.0710955607474,70.0,4600.0,22.828410001809857,47.39027340934568,7.6948616841335085,0.564812525081237,282.11639221846826,64.25425684872476,380.6147082902319,409.5515351909111,438.48836209159043,467.4251889922697,424.0199486412508,467.4251889922697,380.6147082902319,86.81048070203781,2.8812061281419057,69.27626150027149,14.5,91.0,34.0,31.6,14.288235294117648,420.0,True,True,2400.0,8.0,508.0,0.2913482685717733,76.66666666666667,0.2913482685717733,0.174808961143064,0.11653930742870933,True,False,False,True,python_mission_generator,csv_authoritative,validated_csv,explicit_input,calibrated_csv,python_generated_isa_plus_offset
ENG_0001,509.0,temp_mission_001,NORMAL,CRUISE,42,stage5_mission_generator,5000.0,1524.0,5.1,843.0710955607474,70.0,4600.0,22.828410001809857,47.39027340934568,7.6948616841335085,0.564812525081237,282.11639221846826,64.25425684872476,380.6147082902319,409.5515351909111,438.48836209159043,467.4251889922697,424.0199486412508,467.4251889922697,380.6147082902319,86.81048070203781,2.8812061281419057,69.27626150027149,14.5,91.0,34.0,31.6,14.288235294117648,420.0,True,True,2400.0,8.0,509.0,0.2913482685717733,76.66666666666667,0.2913482685717733,0.174808961143064,0.11653930742870933,True,False,False,True,python_mission_generator,csv_authoritative,validated_csv,explicit_input,calibrated_csv,python_generated_isa_plus_offset
ENG_0001,510.0,temp_mission_001,NORMAL,CRUISE,42,stage5_mission_generator,5000.0,1524.0,5.1,843.0710955607474,70.0,4600.0,22.828410001809857,47.39027340934568,7.6948616841335085,0.564812525081237,282.11639221846826,64.25425684872476,380.6147082902319,409.5515351909111,438.48836209159043,467.4251889922697,424.0199486412508,467.4251889922697,380.6147082902319,86.81048070203781,2.8812061281419057,69.27626150027149,14.5,91.0,34.0,31.6,14.288235294117648,420.0,True,True,2400.0,8.0,510.0,0.2913482685717733,76.66666666666667,0.2913482685717733,0.174808961143064,0.11653930742870933,True,False,False,True,python_mission_generator,csv_authoritative,validated_csv,explicit_input,calibrated_csv,python_generated_isa_plus_offset
ENG_0001,511.0,temp_mission_001,NORMAL,CRUISE,42,stage5_mission_generator,5000.0,1524.0,5.1,843.0710955607474,70.0,4600.0,22.828410001809857,47.39027340934568,7.6948616841335085,0.564812525081237,282.11639221846826,64.25425684872476,380.6147082902319,409.5515351909111,438.48836209159043,467.4251889922697,424.0199486412508,467.4251889922697,380.6147082902319,86.81048070203781,2.8812061281419057,69.27626150027149,14.5,91.0,34.0,31.6,14.288235294117648,420.0,True,True,2400.0,8.0,511.0,0.2913482685717733,76.66666666666667,0.2913482685717733,0.174808961143064,0.11653930742870933,True,False,False,True,python_mission_generator,csv_authoritative,validated_csv,explicit_input,calibrated_csv,python_generated_isa_plus_offset
ENG_0001,512.0,temp_mission_001,NORMAL,CRUISE,42,stage5_mission_generator,5000.0,1524.0,5.1,843.0710955607474,70.0,4600.0,22.828410001809857,47.39027340934568,7.6948616841335085,0.564812525081237,282.11639221846826,64.25425684872476,380.6147082902319,409.5515351909111,438.48836209159043,467.4251889922697,424.0199486412508,467.4251889922697,380.6147082902319,86.81048070203781,2.8812061281419057,69.27626150027149,14.5,91.0,34.0,31.6,14.288235294117648,420.0,True,True,2400.0,8.0,512.0,0.2913482685717733,76.66666666666667,0.2913482685717733,0.174808961143064,0.11653930742870933,True,False,False,True,python_mission_generator,csv_authoritative,validated_csv,explicit_input,calibrated_csv,python_generated_isa_plus_offset
ENG_0001,513.0,temp_mission_001,NORMAL,CRUISE,42,stage5_mission_generator,5000.0,1524.0,5.1,843.0710955607474,70.0,4600.0,22.828410001809857,47.39027340934568,7.6948616841335085,0.564812525081237,282.11639221846826,64.25425684872476,380.6147082902319,409.5515351909111,438.48836209159043,467.4251889922697,424.0199486412508,467.4251889922697,380.6147082902319,86.81048070203781,2.8812061281419057,69.27626150027149,14.5,91.0,34.0,31.6,14.288235294117648,420.0,True,True,2400.0,8.0,513.0,0.2913482685717733,76.66666666666667,0.2913482685717733,0.174808961143064,0.11653930742870933,True,False,False,True,python_mission_generator,csv_authoritative,validated_csv,explicit_input,calibrated_csv,python_generated_isa_plus_offset
ENG_0001,514.0,temp_mission_001,NORMAL,CRUISE,42,stage5_mission_generator,5000.0,1524.0,5.1,843.0710955607474,70.0,4600.0,22.828410001809857,47.39027340934568,7.6948616841335085,0.564812525081237,282.11639221846826,64.25425684872476,380.6147082902319,409.5515351909111,438.48836209159043,467.4251889922697,424.0199486412508,467.4251889922697,380.6147082902319,86.81048070203781,2.8812061281419057,69.27626150027149,14.5,91.0,34.0,31.6,14.288235294117648,420.0,True,True,2400.0,8.0,514.0,0.2913482685717733,76.66666666666667,0.2913482685717733,0.174808961143064,0.11653930742870933,True,False,False,True,python_mission_generator,csv_authoritative,validated_csv,explicit_input,calibrated_csv,python_generated_isa_plus_offset
ENG_0001,515.0,temp_mission_001,NORMAL,CRUISE,42,stage5_mission_generator,5000.0,1524.0,5.1,843.0710955607474,70.0,4600.0,22.828410001809857,47.39027340934568,7.6948616841335085,0.564812525081237,282.11639221846826,64.25425684872476,380.6147082902319,409.5515351909111,438.48836209159043,467.4251889922697,424.0199486412508,467.4251889922697,380.6147082902319,86.81048070203781,2.8812061281419057,69.27626150027149,14.5,91.0,34.0,31.6,14.288235294117648,420.0,True,True,2400.0,8.0,515.0,0.2913482685717733,76.66666666666667,0.2913482685717733,0.174808961143064,0.11653930742870933,True,False,False,True,python_mission_generator,csv_authoritative,validated_csv,explicit_input,calibrated_csv,python_generated_isa_plus_offset
ENG_0001,516.0,temp_mission_001,NORMAL,CRUISE,42,stage5_mission_generator,5000.0,1524.0,5.1,843.0710955607474,70.0,4600.0,22.828410001809857,47.39027340934568,7.6948616841335085,0.564812525081237,282.11639221846826,64.25425684872476,380.6147082902319,409.5515351909111,438.48836209159043,467.4251889922697,424.0199486412508,467.4251889922697,380.6147082902319,86.81048070203781,2.8812061281419057,69.27626150027149,14.5,91.0,34.0,31.6,14.288235294117648,420.0,True,True,2400.0,8.0,516.0,0.2913482685717733,76.66666666666667,0.2913482685717733,0.174808961143064,0.11653930742870933,True,False,False,True,python_mission_generator,csv_authoritative,validated_csv,explicit_input,calibrated_csv,python_generated_isa_plus_offset
ENG_0001,517.0,temp_mission_001,NORMAL,CRUISE,42,stage5_mission_generator,5000.0,1524.0,5.1,843.0710955607474,70.0,4600.0,22.828410001809857,47.39027340934568,7.6948616841335085,0.564812525081237,282.11639221846826,64.25425684872476,380.6147082902319,409.5515351909111,438.48836209159043,467.4251889922697,424.0199486412508,467.4251889922697,380.6147082902319,86.81048070203781,2.8812061281419057,69.27626150027149,14.5,91.0,34.0,31.6,14.288235294117648,420.0,True,True,2400.0,8.0,517.0,0.2913482685717733,76.66666666666667,0.2913482685717733,0.174808961143064,0.11653930742870933,True,False,False,True,python_mission_generator,csv_authoritative,validated_csv,explicit_input,calibrated_csv,python_generated_isa_plus_offset
ENG_0001,518.0,temp_mission_001,NORMAL,CRUISE,42,stage5_mission_generator,5000.0,1524.0,5.1,843.0710955607474,70.0,4600.0,22.828410001809857,47.39027340934568,7.6948616841335085,0.564812525081237,282.11639221846826,64.25425684872476,380.6147082902319,409.5515351909111,438.48836209159043,467.4251889922697,424.0199486412508,467.4251889922697,380.6147082902319,86.81048070203781,2.8812061281419057,69.27626150027149,14.5,91.0,34.0,31.6,14.288235294117648,420.0,True,True,2400.0,8.0,518.0,0.2913482685717733,76.66666666666667,0.2913482685717733,0.174808961143064,0.11653930742870933,True,False,False,True,python_mission_generator,csv_authoritative,validated_csv,explicit_input,calibrated_csv,python_generated_isa_plus_offset
ENG_0001,519.0,temp_mission_001,NORMAL,CRUISE,42,stage5_mission_generator,5000.0,1524.0,5.1,843.0710955607474,70.0,4600.0,22.828410001809857,47.39027340934568,7.6948616841335085,0.564812525081237,282.11639221846826,64.25425684872476,380.6147082902319,409.5515351909111,438.48836209159043,467.4251889922697,424.0199486412508,467.4251889922697,380.6147082902319,86.81048070203781,2.8812061281419057,69.27626150027149,14.5,91.0,34.0,31.6,14.288235294117648,420.0,True,True,2400.0,8.0,519.0,0.2913482685717733,76.66666666666667,0.2913482685717733,0.174808961143064,0.11653930742870933,True,False,False,True,python_mission_generator,csv_authoritative,validated_csv,explicit_input,calibrated_csv,python_generated_isa_plus_offset
ENG_0001,520.0,temp_mission_001,NORMAL,CRUISE,42,stage5_mission_generator,5000.0,1524.0,5.1,843.0710955607474,70.0,4600.0,22.828410001809857,47.39027340934568,7.6948616841335085,0.564812525081237,282.11639221846826,64.25425684872476,380.6147082902319,409.5515351909111,438.48836209159043,467.4251889922697,424.0199486412508,467.4251889922697,380.6147082902319,86.81048070203781,2.8812061281419057,69.27626150027149,14.5,91.0,34.0,31.6,14.288235294117648,420.0,True,True,2400.0,8.0,520.0,0.2913482685717733,76.66666666666667,0.2913482685717733,0.174808961143064,0.11653930742870933,True,False,False,True,python_mission_generator,csv_authoritative,validated_csv,explicit_input,calibrated_csv,python_generated_isa_plus_offset
ENG_0001,521.0,temp_mission_001,NORMAL,CRUISE,42,stage5_mission_generator,5000.0,1524.0,5.1,843.0710955607474,70.0,4600.0,22.828410001809857,47.39027340934568,7.6948616841335085,0.564812525081237,282.11639221846826,64.25425684872476,380.6147082902319,409.5515351909111,438.48836209159043,467.4251889922697,424.0199486412508,467.4251889922697,380.6147082902319,86.81048070203781,2.8812061281419057,69.27626150027149,14.5,91.0,34.0,31.6,14.288235294117648,420.0,True,True,2400.0,8.0,521.0,0.2913482685717733,76.66666666666667,0.2913482685717733,0.174808961143064,0.11653930742870933,True,False,False,True,python_mission_generator,csv_authoritative,validated_csv,explicit_input,calibrated_csv,python_generated_isa_plus_offset
ENG_0001,522.0,temp_mission_001,NORMAL,CRUISE,42,stage5_mission_generator,5000.0,1524.0,5.1,843.0710955607474,70.0,4600.0,22.828410001809857,47.39027340934568,7.6948616841335085,0.564812525081237,282.11639221846826,64.25425684872476,380.6147082902319,409.5515351909111,438.48836209159043,467.4251889922697,424.0199486412508,467.4251889922697,380.6147082902319,86.81048070203781,2.8812061281419057,69.27626150027149,14.5,91.0,34.0,31.6,14.288235294117648,420.0,True,True,2400.0,8.0,522.0,0.2913482685717733,76.66666666666667,0.2913482685717733,0.174808961143064,0.11653930742870933,True,False,False,True,python_mission_generator,csv_authoritative,validated_csv,explicit_input,calibrated_csv,python_generated_isa_plus_offset
ENG_0001,523.0,temp_mission_001,NORMAL,CRUISE,42,stage5_mission_generator,5000.0,1524.0,5.1,843.0710955607474,70.0,4600.0,22.828410001809857,47.39027340934568,7.6948616841335085,0.564812525081237,282.11639221846826,64.25425684872476,380.6147082902319,409.5515351909111,438.48836209159043,467.4251889922697,424.0199486412508,467.4251889922697,380.6147082902319,86.81048070203781,2.8812061281419057,69.27626150027149,14.5,91.0,34.0,31.6,14.288235294117648,420.0,True,True,2400.0,8.0,523.0,0.2913482685717733,76.66666666666667,0.2913482685717733,0.174808961143064,0.11653930742870933,True,False,False,True,python_mission_generator,csv_authoritative,validated_csv,explicit_input,calibrated_csv,python_generated_isa_plus_offset
ENG_0001,524.0,temp_mission_001,NORMAL,CRUISE,42,stage5_mission_generator,5000.0,1524.0,5.1,843.0710955607474,70.0,4600.0,22.828410001809857,47.39027340934568,7.6948616841335085,0.564812525081237,282.11639221846826,64.25425684872476,380.6147082902319,409.5515351909111,438.48836209159043,467.4251889922697,424.0199486412508,467.4251889922697,380.6147082902319,86.81048070203781,2.8812061281419057,69.27626150027149,14.5,91.0,34.0,31.6,14.288235294117648,420.0,True,True,2400.0,8.0,524.0,0.2913482685717733,76.66666666666667,0.2913482685717733,0.174808961143064,0.11653930742870933,True,False,False,True,python_mission_generator,csv_authoritative,validated_csv,explicit_input,calibrated_csv,python_generated_isa_plus_offset
ENG_0001,525.0,temp_mission_001,NORMAL,CRUISE,42,stage5_mission_generator,5000.0,1524.0,5.1,843.0710955607474,70.0,4600.0,22.828410001809857,47.39027340934568,7.6948616841335085,0.564812525081237,282.11639221846826,64.25425684872476,380.6147082902319,409.5515351909111,438.48836209159043,467.4251889922697,424.0199486412508,467.4251889922697,380.6147082902319,86.81048070203781,2.8812061281419057,69.27626150027149,14.5,91.0,34.0,31.6,14.288235294117648,420.0,True,True,2400.0,8.0,525.0,0.2913482685717733,76.66666666666667,0.2913482685717733,0.174808961143064,0.11653930742870933,True,False,False,True,python_mission_generator,csv_authoritative,validated_csv,explicit_input,calibrated_csv,python_generated_isa_plus_offset
ENG_0001,526.0,temp_mission_001,NORMAL,CRUISE,42,stage5_mission_generator,5000.0,1524.0,5.1,843.0710955607474,70.0,4600.0,22.828410001809857,47.39027340934568,7.6948616841335085,0.564812525081237,282.11639221846826,64.25425684872476,380.6147082902319,409.5515351909111,438.48836209159043,467.4251889922697,424.0199486412508,467.4251889922697,380.6147082902319,86.81048070203781,2.8812061281419057,69.27626150027149,14.5,91.0,34.0,31.6,14.288235294117648,420.0,True,True,2400.0,8.0,526.0,0.2913482685717733,76.66666666666667,0.2913482685717733,0.174808961143064,0.11653930742870933,True,False,False,True,python_mission_generator,csv_authoritative,validated_csv,explicit_input,calibrated_csv,python_generated_isa_plus_offset
ENG_0001,527.0,temp_mission_001,NORMAL,CRUISE,42,stage5_mission_generator,5000.0,1524.0,5.1,843.0710955607474,70.0,4600.0,22.828410001809857,47.39027340934568,7.6948616841335085,0.564812525081237,282.11639221846826,64.25425684872476,380.6147082902319,409.5515351909111,438.48836209159043,467.4251889922697,424.0199486412508,467.4251889922697,380.6147082902319,86.81048070203781,2.8812061281419057,69.27626150027149,14.5,91.0,34.0,31.6,14.288235294117648,420.0,True,True,2400.0,8.0,527.0,0.2913482685717733,76.66666666666667,0.2913482685717733,0.174808961143064,0.11653930742870933,True,False,False,True,python_mission_generator,csv_authoritative,validated_csv,explicit_input,calibrated_csv,python_generated_isa_plus_offset
ENG_0001,528.0,temp_mission_001,NORMAL,CRUISE,42,stage5_mission_generator,5000.0,1524.0,5.1,843.0710955607474,70.0,4600.0,22.828410001809857,47.39027340934568,7.6948616841335085,0.564812525081237,282.11639221846826,64.25425684872476,380.6147082902319,409.5515351909111,438.48836209159043,467.4251889922697,424.0199486412508,467.4251889922697,380.6147082902319,86.81048070203781,2.8812061281419057,69.27626150027149,14.5,91.0,34.0,31.6,14.288235294117648,420.0,True,True,2400.0,8.0,528.0,0.2913482685717733,76.66666666666667,0.2913482685717733,0.174808961143064,0.11653930742870933,True,False,False,True,python_mission_generator,csv_authoritative,validated_csv,explicit_input,calibrated_csv,python_generated_isa_plus_offset
ENG_0001,529.0,temp_mission_001,NORMAL,CRUISE,42,stage5_mission_generator,5000.0,1524.0,5.1,843.0710955607474,70.0,4600.0,22.828410001809857,47.39027340934568,7.6948616841335085,0.564812525081237,282.11639221846826,64.25425684872476,380.6147082902319,409.5515351909111,438.48836209159043,467.4251889922697,424.0199486412508,467.4251889922697,380.6147082902319,86.81048070203781,2.8812061281419057,69.27626150027149,14.5,91.0,34.0,31.6,14.288235294117648,420.0,True,True,2400.0,8.0,529.0,0.2913482685717733,76.66666666666667,0.2913482685717733,0.174808961143064,0.11653930742870933,True,False,False,True,python_mission_generator,csv_authoritative,validated_csv,explicit_input,calibrated_csv,python_generated_isa_plus_offset
ENG_0001,530.0,temp_mission_001,NORMAL,CRUISE,42,stage5_mission_generator,5000.0,1524.0,5.1,843.0710955607474,70.0,4600.0,22.828410001809857,47.39027340934568,7.6948616841335085,0.564812525081237,282.11639221846826,64.25425684872476,380.6147082902319,409.5515351909111,438.48836209159043,467.4251889922697,424.0199486412508,467.4251889922697,380.6147082902319,86.81048070203781,2.8812061281419057,69.27626150027149,14.5,91.0,34.0,31.6,14.288235294117648,420.0,True,True,2400.0,8.0,530.0,0.2913482685717733,76.66666666666667,0.2913482685717733,0.174808961143064,0.11653930742870933,True,False,False,True,python_mission_generator,csv_authoritative,validated_csv,explicit_input,calibrated_csv,python_generated_isa_plus_offset
ENG_0001,531.0,temp_mission_001,NORMAL,CRUISE,42,stage5_mission_generator,5000.0,1524.0,5.1,843.0710955607474,70.0,4600.0,22.828410001809857,47.39027340934568,7.6948616841335085,0.564812525081237,282.11639221846826,64.25425684872476,380.6147082902319,409.5515351909111,438.48836209159043,467.4251889922697,424.0199486412508,467.4251889922697,380.6147082902319,86.81048070203781,2.8812061281419057,69.27626150027149,14.5,91.0,34.0,31.6,14.288235294117648,420.0,True,True,2400.0,8.0,531.0,0.2913482685717733,76.66666666666667,0.2913482685717733,0.174808961143064,0.11653930742870933,True,False,False,True,python_mission_generator,csv_authoritative,validated_csv,explicit_input,calibrated_csv,python_generated_isa_plus_offset
ENG_0001,532.0,temp_mission_001,NORMAL,CRUISE,42,stage5_mission_generator,5000.0,1524.0,5.1,843.0710955607474,70.0,4600.0,22.828410001809857,47.39027340934568,7.6948616841335085,0.564812525081237,282.11639221846826,64.25425684872476,380.6147082902319,409.5515351909111,438.48836209159043,467.4251889922697,424.0199486412508,467.4251889922697,380.6147082902319,86.81048070203781,2.8812061281419057,69.27626150027149,14.5,91.0,34.0,31.6,14.288235294117648,420.0,True,True,2400.0,8.0,532.0,0.2913482685717733,76.66666666666667,0.2913482685717733,0.174808961143064,0.11653930742870933,True,False,False,True,python_mission_generator,csv_authoritative,validated_csv,explicit_input,calibrated_csv,python_generated_isa_plus_offset
ENG_0001,533.0,temp_mission_001,NORMAL,CRUISE,42,stage5_mission_generator,5000.0,1524.0,5.1,843.0710955607474,70.0,4600.0,22.828410001809857,47.39027340934568,7.6948616841335085,0.564812525081237,282.11639221846826,64.25425684872476,380.6147082902319,409.5515351909111,438.48836209159043,467.4251889922697,424.0199486412508,467.4251889922697,380.6147082902319,86.81048070203781,2.8812061281419057,69.27626150027149,14.5,91.0,34.0,31.6,14.288235294117648,420.0,True,True,2400.0,8.0,533.0,0.2913482685717733,76.66666666666667,0.2913482685717733,0.174808961143064,0.11653930742870933,True,False,False,True,python_mission_generator,csv_authoritative,validated_csv,explicit_input,calibrated_csv,python_generated_isa_plus_offset
ENG_0001,534.0,temp_mission_001,NORMAL,CRUISE,42,stage5_mission_generator,5000.0,1524.0,5.1,843.0710955607474,70.0,4600.0,22.828410001809857,47.39027340934568,7.6948616841335085,0.564812525081237,282.11639221846826,64.25425684872476,380.6147082902319,409.5515351909111,438.48836209159043,467.4251889922697,424.0199486412508,467.4251889922697,380.6147082902319,86.81048070203781,2.8812061281419057,69.27626150027149,14.5,91.0,34.0,31.6,14.288235294117648,420.0,True,True,2400.0,8.0,534.0,0.2913482685717733,76.66666666666667,0.2913482685717733,0.174808961143064,0.11653930742870933,True,False,False,True,python_mission_generator,csv_authoritative,validated_csv,explicit_input,calibrated_csv,python_generated_isa_plus_offset
ENG_0001,535.0,temp_mission_001,NORMAL,CRUISE,42,stage5_mission_generator,5000.0,1524.0,5.1,843.0710955607474,70.0,4600.0,22.828410001809857,47.39027340934568,7.6948616841335085,0.564812525081237,282.11639221846826,64.25425684872476,380.6147082902319,409.5515351909111,438.48836209159043,467.4251889922697,424.0199486412508,467.4251889922697,380.6147082902319,86.81048070203781,2.8812061281419057,69.27626150027149,14.5,91.0,34.0,31.6,14.288235294117648,420.0,True,True,2400.0,8.0,535.0,0.2913482685717733,76.66666666666667,0.2913482685717733,0.174808961143064,0.11653930742870933,True,False,False,True,python_mission_generator,csv_authoritative,validated_csv,explicit_input,calibrated_csv,python_generated_isa_plus_offset
ENG_0001,536.0,temp_mission_001,NORMAL,CRUISE,42,stage5_mission_generator,5000.0,1524.0,5.1,843.0710955607474,70.0,4600.0,22.828410001809857,47.39027340934568,7.6948616841335085,0.564812525081237,282.11639221846826,64.25425684872476,380.6147082902319,409.5515351909111,438.48836209159043,467.4251889922697,424.0199486412508,467.4251889922697,380.6147082902319,86.81048070203781,2.8812061281419057,69.27626150027149,14.5,91.0,34.0,31.6,14.288235294117648,420.0,True,True,2400.0,8.0,536.0,0.2913482685717733,76.66666666666667,0.2913482685717733,0.174808961143064,0.11653930742870933,True,False,False,True,python_mission_generator,csv_authoritative,validated_csv,explicit_input,calibrated_csv,python_generated_isa_plus_offset
ENG_0001,537.0,temp_mission_001,NORMAL,CRUISE,42,stage5_mission_generator,5000.0,1524.0,5.1,843.0710955607474,70.0,4600.0,22.828410001809857,47.39027340934568,7.6948616841335085,0.564812525081237,282.11639221846826,64.25425684872476,380.6147082902319,409.5515351909111,438.48836209159043,467.4251889922697,424.0199486412508,467.4251889922697,380.6147082902319,86.81048070203781,2.8812061281419057,69.27626150027149,14.5,91.0,34.0,31.6,14.288235294117648,420.0,True,True,2400.0,8.0,537.0,0.2913482685717733,76.66666666666667,0.2913482685717733,0.174808961143064,0.11653930742870933,True,False,False,True,python_mission_generator,csv_authoritative,validated_csv,explicit_input,calibrated_csv,python_generated_isa_plus_offset
ENG_0001,538.0,temp_mission_001,NORMAL,CRUISE,42,stage5_mission_generator,5000.0,1524.0,5.1,843.0710955607474,70.0,4600.0,22.828410001809857,47.39027340934568,7.6948616841335085,0.564812525081237,282.11639221846826,64.25425684872476,380.6147082902319,409.5515351909111,438.48836209159043,467.4251889922697,424.0199486412508,467.4251889922697,380.6147082902319,86.81048070203781,2.8812061281419057,69.27626150027149,14.5,91.0,34.0,31.6,14.288235294117648,420.0,True,True,2400.0,8.0,538.0,0.2913482685717733,76.66666666666667,0.2913482685717733,0.174808961143064,0.11653930742870933,True,False,False,True,python_mission_generator,csv_authoritative,validated_csv,explicit_input,calibrated_csv,python_generated_isa_plus_offset
ENG_0001,539.0,temp_mission_001,NORMAL,CRUISE,42,stage5_mission_generator,5000.0,1524.0,5.1,843.0710955607474,70.0,4600.0,22.828410001809857,47.39027340934568,7.6948616841335085,0.564812525081237,282.11639221846826,64.25425684872476,380.6147082902319,409.5515351909111,438.48836209159043,467.4251889922697,424.0199486412508,467.4251889922697,380.6147082902319,86.81048070203781,2.8812061281419057,69.27626150027149,14.5,91.0,34.0,31.6,14.288235294117648,420.0,True,True,2400.0,8.0,539.0,0.2913482685717733,76.66666666666667,0.2913482685717733,0.174808961143064,0.11653930742870933,True,False,False,True,python_mission_generator,csv_authoritative,validated_csv,explicit_input,calibrated_csv,python_generated_isa_plus_offset
ENG_0001,540.0,temp_mission_001,NORMAL,CRUISE,42,stage5_mission_generator,5000.0,1524.0,5.1,843.0710955607474,70.0,4600.0,22.828410001809857,47.39027340934568,7.6948616841335085,0.564812525081237,282.11639221846826,64.25425684872476,380.6147082902319,409.5515351909111,438.48836209159043,467.4251889922697,424.0199486412508,467.4251889922697,380.6147082902319,86.81048070203781,2.8812061281419057,69.27626150027149,14.5,91.0,34.0,31.6,14.288235294117648,420.0,True,True,2400.0,8.0,540.0,0.2913482685717733,76.66666666666667,0.2913482685717733,0.174808961143064,0.11653930742870933,True,False,False,True,python_mission_generator,csv_authoritative,validated_csv,explicit_input,calibrated_csv,python_generated_isa_plus_offset
ENG_0001,541.0,temp_mission_001,NORMAL,CRUISE,42,stage5_mission_generator,5000.0,1524.0,5.1,843.0710955607474,70.0,4600.0,22.828410001809857,47.39027340934568,7.6948616841335085,0.564812525081237,282.11639221846826,64.25425684872476,380.6147082902319,409.5515351909111,438.48836209159043,467.4251889922697,424.0199486412508,467.4251889922697,380.6147082902319,86.81048070203781,2.8812061281419057,69.27626150027149,14.5,91.0,34.0,31.6,14.288235294117648,420.0,True,True,2400.0,8.0,541.0,0.2913482685717733,76.66666666666667,0.2913482685717733,0.174808961143064,0.11653930742870933,True,False,False,True,python_mission_generator,csv_authoritative,validated_csv,explicit_input,calibrated_csv,python_generated_isa_plus_offset
ENG_0001,542.0,temp_mission_001,NORMAL,CRUISE,42,stage5_mission_generator,5000.0,1524.0,5.1,843.0710955607474,70.0,4600.0,22.828410001809857,47.39027340934568,7.6948616841335085,0.564812525081237,282.11639221846826,64.25425684872476,380.6147082902319,409.5515351909111,438.48836209159043,467.4251889922697,424.0199486412508,467.4251889922697,380.6147082902319,86.81048070203781,2.8812061281419057,69.27626150027149,14.5,91.0,34.0,31.6,14.288235294117648,420.0,True,True,2400.0,8.0,542.0,0.2913482685717733,76.66666666666667,0.2913482685717733,0.174808961143064,0.11653930742870933,True,False,False,True,python_mission_generator,csv_authoritative,validated_csv,explicit_input,calibrated_csv,python_generated_isa_plus_offset
ENG_0001,543.0,temp_mission_001,NORMAL,CRUISE,42,stage5_mission_generator,5000.0,1524.0,5.1,843.0710955607474,70.0,4600.0,22.828410001809857,47.39027340934568,7.6948616841335085,0.564812525081237,282.11639221846826,64.25425684872476,380.6147082902319,409.5515351909111,438.48836209159043,467.4251889922697,424.0199486412508,467.4251889922697,380.6147082902319,86.81048070203781,2.8812061281419057,69.27626150027149,14.5,91.0,34.0,31.6,14.288235294117648,420.0,True,True,2400.0,8.0,543.0,0.2913482685717733,76.66666666666667,0.2913482685717733,0.174808961143064,0.11653930742870933,True,False,False,True,python_mission_generator,csv_authoritative,validated_csv,explicit_input,calibrated_csv,python_generated_isa_plus_offset
ENG_0001,544.0,temp_mission_001,NORMAL,CRUISE,42,stage5_mission_generator,5000.0,1524.0,5.1,843.0710955607474,70.0,4600.0,22.828410001809857,47.39027340934568,7.6948616841335085,0.564812525081237,282.11639221846826,64.25425684872476,380.6147082902319,409.5515351909111,438.48836209159043,467.4251889922697,424.0199486412508,467.4251889922697,380.6147082902319,86.81048070203781,2.8812061281419057,69.27626150027149,14.5,91.0,34.0,31.6,14.288235294117648,420.0,True,True,2400.0,8.0,544.0,0.2913482685717733,76.66666666666667,0.2913482685717733,0.174808961143064,0.11653930742870933,True,False,False,True,python_mission_generator,csv_authoritative,validated_csv,explicit_input,calibrated_csv,python_generated_isa_plus_offset
ENG_0001,545.0,temp_mission_001,NORMAL,CRUISE,42,stage5_mission_generator,5000.0,1524.0,5.1,843.0710955607474,70.0,4600.0,22.828410001809857,47.39027340934568,7.6948616841335085,0.564812525081237,282.11639221846826,64.25425684872476,380.6147082902319,409.5515351909111,438.48836209159043,467.4251889922697,424.0199486412508,467.4251889922697,380.6147082902319,86.81048070203781,2.8812061281419057,69.27626150027149,14.5,91.0,34.0,31.6,14.288235294117648,420.0,True,True,2400.0,8.0,545.0,0.2913482685717733,76.66666666666667,0.2913482685717733,0.174808961143064,0.11653930742870933,True,False,False,True,python_mission_generator,csv_authoritative,validated_csv,explicit_input,calibrated_csv,python_generated_isa_plus_offset
ENG_0001,546.0,temp_mission_001,NORMAL,CRUISE,42,stage5_mission_generator,5000.0,1524.0,5.1,843.0710955607474,70.0,4600.0,22.828410001809857,47.39027340934568,7.6948616841335085,0.564812525081237,282.11639221846826,64.25425684872476,380.6147082902319,409.5515351909111,438.48836209159043,467.4251889922697,424.0199486412508,467.4251889922697,380.6147082902319,86.81048070203781,2.8812061281419057,69.27626150027149,14.5,91.0,34.0,31.6,14.288235294117648,420.0,True,True,2400.0,8.0,546.0,0.2913482685717733,76.66666666666667,0.2913482685717733,0.174808961143064,0.11653930742870933,True,False,False,True,python_mission_generator,csv_authoritative,validated_csv,explicit_input,calibrated_csv,python_generated_isa_plus_offset
ENG_0001,547.0,temp_mission_001,NORMAL,CRUISE,42,stage5_mission_generator,5000.0,1524.0,5.1,843.0710955607474,70.0,4600.0,22.828410001809857,47.39027340934568,7.6948616841335085,0.564812525081237,282.11639221846826,64.25425684872476,380.6147082902319,409.5515351909111,438.48836209159043,467.4251889922697,424.0199486412508,467.4251889922697,380.6147082902319,86.81048070203781,2.8812061281419057,69.27626150027149,14.5,91.0,34.0,31.6,14.288235294117648,420.0,True,True,2400.0,8.0,547.0,0.2913482685717733,76.66666666666667,0.2913482685717733,0.174808961143064,0.11653930742870933,True,False,False,True,python_mission_generator,csv_authoritative,validated_csv,explicit_input,calibrated_csv,python_generated_isa_plus_offset
ENG_0001,548.0,temp_mission_001,NORMAL,CRUISE,42,stage5_mission_generator,5000.0,1524.0,5.1,843.0710955607474,70.0,4600.0,22.828410001809857,47.39027340934568,7.6948616841335085,0.564812525081237,282.11639221846826,64.25425684872476,380.6147082902319,409.5515351909111,438.48836209159043,467.4251889922697,424.0199486412508,467.4251889922697,380.6147082902319,86.81048070203781,2.8812061281419057,69.27626150027149,14.5,91.0,34.0,31.6,14.288235294117648,420.0,True,True,2400.0,8.0,548.0,0.2913482685717733,76.66666666666667,0.2913482685717733,0.174808961143064,0.11653930742870933,True,False,False,True,python_mission_generator,csv_authoritative,validated_csv,explicit_input,calibrated_csv,python_generated_isa_plus_offset
ENG_0001,549.0,temp_mission_001,NORMAL,CRUISE,42,stage5_mission_generator,5000.0,1524.0,5.1,843.0710955607474,70.0,4600.0,22.828410001809857,47.39027340934568,7.6948616841335085,0.564812525081237,282.11639221846826,64.25425684872476,380.6147082902319,409.5515351909111,438.48836209159043,467.4251889922697,424.0199486412508,467.4251889922697,380.6147082902319,86.81048070203781,2.8812061281419057,69.27626150027149,14.5,91.0,34.0,31.6,14.288235294117648,420.0,True,True,2400.0,8.0,549.0,0.2913482685717733,76.66666666666667,0.2913482685717733,0.174808961143064,0.11653930742870933,True,False,False,True,python_mission_generator,csv_authoritative,validated_csv,explicit_input,calibrated_csv,python_generated_isa_plus_offset
ENG_0001,550.0,temp_mission_001,NORMAL,CRUISE,42,stage5_mission_generator,5000.0,1524.0,5.1,843.0710955607474,70.0,4600.0,22.828410001809857,47.39027340934568,7.6948616841335085,0.564812525081237,282.11639221846826,64.25425684872476,380.6147082902319,409.5515351909111,438.48836209159043,467.4251889922697,424.0199486412508,467.4251889922697,380.6147082902319,86.81048070203781,2.8812061281419057,69.27626150027149,14.5,91.0,34.0,31.6,14.288235294117648,420.0,True,True,2400.0,8.0,550.0,0.2913482685717733,76.66666666666667,0.2913482685717733,0.174808961143064,0.11653930742870933,True,False,False,True,python_mission_generator,csv_authoritative,validated_csv,explicit_input,calibrated_csv,python_generated_isa_plus_offset
ENG_0001,551.0,temp_mission_001,NORMAL,CRUISE,42,stage5_mission_generator,5000.0,1524.0,5.1,843.0710955607474,70.0,4600.0,22.828410001809857,47.39027340934568,7.6948616841335085,0.564812525081237,282.11639221846826,64.25425684872476,380.6147082902319,409.5515351909111,438.48836209159043,467.4251889922697,424.0199486412508,467.4251889922697,380.6147082902319,86.81048070203781,2.8812061281419057,69.27626150027149,14.5,91.0,34.0,31.6,14.288235294117648,420.0,True,True,2400.0,8.0,551.0,0.2913482685717733,76.66666666666667,0.2913482685717733,0.174808961143064,0.11653930742870933,True,False,False,True,python_mission_generator,csv_authoritative,validated_csv,explicit_input,calibrated_csv,python_generated_isa_plus_offset
ENG_0001,552.0,temp_mission_001,NORMAL,CRUISE,42,stage5_mission_generator,5000.0,1524.0,5.1,843.0710955607474,70.0,4600.0,22.828410001809857,47.39027340934568,7.6948616841335085,0.564812525081237,282.11639221846826,64.25425684872476,380.6147082902319,409.5515351909111,438.48836209159043,467.4251889922697,424.0199486412508,467.4251889922697,380.6147082902319,86.81048070203781,2.8812061281419057,69.27626150027149,14.5,91.0,34.0,31.6,14.288235294117648,420.0,True,True,2400.0,8.0,552.0,0.2913482685717733,76.66666666666667,0.2913482685717733,0.174808961143064,0.11653930742870933,True,False,False,True,python_mission_generator,csv_authoritative,validated_csv,explicit_input,calibrated_csv,python_generated_isa_plus_offset
ENG_0001,553.0,temp_mission_001,NORMAL,CRUISE,42,stage5_mission_generator,5000.0,1524.0,5.1,843.0710955607474,70.0,4600.0,22.828410001809857,47.39027340934568,7.6948616841335085,0.564812525081237,282.11639221846826,64.25425684872476,380.6147082902319,409.5515351909111,438.48836209159043,467.4251889922697,424.0199486412508,467.4251889922697,380.6147082902319,86.81048070203781,2.8812061281419057,69.27626150027149,14.5,91.0,34.0,31.6,14.288235294117648,420.0,True,True,2400.0,8.0,553.0,0.2913482685717733,76.66666666666667,0.2913482685717733,0.174808961143064,0.11653930742870933,True,False,False,True,python_mission_generator,csv_authoritative,validated_csv,explicit_input,calibrated_csv,python_generated_isa_plus_offset
ENG_0001,554.0,temp_mission_001,NORMAL,CRUISE,42,stage5_mission_generator,5000.0,1524.0,5.1,843.0710955607474,70.0,4600.0,22.828410001809857,47.39027340934568,7.6948616841335085,0.564812525081237,282.11639221846826,64.25425684872476,380.6147082902319,409.5515351909111,438.48836209159043,467.4251889922697,424.0199486412508,467.4251889922697,380.6147082902319,86.81048070203781,2.8812061281419057,69.27626150027149,14.5,91.0,34.0,31.6,14.288235294117648,420.0,True,True,2400.0,8.0,554.0,0.2913482685717733,76.66666666666667,0.2913482685717733,0.174808961143064,0.11653930742870933,True,False,False,True,python_mission_generator,csv_authoritative,validated_csv,explicit_input,calibrated_csv,python_generated_isa_plus_offset
ENG_0001,555.0,temp_mission_001,NORMAL,CRUISE,42,stage5_mission_generator,5000.0,1524.0,5.1,843.0710955607474,70.0,4600.0,22.828410001809857,47.39027340934568,7.6948616841335085,0.564812525081237,282.11639221846826,64.25425684872476,380.6147082902319,409.5515351909111,438.48836209159043,467.4251889922697,424.0199486412508,467.4251889922697,380.6147082902319,86.81048070203781,2.8812061281419057,69.27626150027149,14.5,91.0,34.0,31.6,14.288235294117648,420.0,True,True,2400.0,8.0,555.0,0.2913482685717733,76.66666666666667,0.2913482685717733,0.174808961143064,0.11653930742870933,True,False,False,True,python_mission_generator,csv_authoritative,validated_csv,explicit_input,calibrated_csv,python_generated_isa_plus_offset
ENG_0001,556.0,temp_mission_001,NORMAL,CRUISE,42,stage5_mission_generator,5000.0,1524.0,5.1,843.0710955607474,70.0,4600.0,22.828410001809857,47.39027340934568,7.6948616841335085,0.564812525081237,282.11639221846826,64.25425684872476,380.6147082902319,409.5515351909111,438.48836209159043,467.4251889922697,424.0199486412508,467.4251889922697,380.6147082902319,86.81048070203781,2.8812061281419057,69.27626150027149,14.5,91.0,34.0,31.6,14.288235294117648,420.0,True,True,2400.0,8.0,556.0,0.2913482685717733,76.66666666666667,0.2913482685717733,0.174808961143064,0.11653930742870933,True,False,False,True,python_mission_generator,csv_authoritative,validated_csv,explicit_input,calibrated_csv,python_generated_isa_plus_offset
ENG_0001,557.0,temp_mission_001,NORMAL,CRUISE,42,stage5_mission_generator,5000.0,1524.0,5.1,843.0710955607474,70.0,4600.0,22.828410001809857,47.39027340934568,7.6948616841335085,0.564812525081237,282.11639221846826,64.25425684872476,380.6147082902319,409.5515351909111,438.48836209159043,467.4251889922697,424.0199486412508,467.4251889922697,380.6147082902319,86.81048070203781,2.8812061281419057,69.27626150027149,14.5,91.0,34.0,31.6,14.288235294117648,420.0,True,True,2400.0,8.0,557.0,0.2913482685717733,76.66666666666667,0.2913482685717733,0.174808961143064,0.11653930742870933,True,False,False,True,python_mission_generator,csv_authoritative,validated_csv,explicit_input,calibrated_csv,python_generated_isa_plus_offset
ENG_0001,558.0,temp_mission_001,NORMAL,CRUISE,42,stage5_mission_generator,5000.0,1524.0,5.1,843.0710955607474,70.0,4600.0,22.828410001809857,47.39027340934568,7.6948616841335085,0.564812525081237,282.11639221846826,64.25425684872476,380.6147082902319,409.5515351909111,438.48836209159043,467.4251889922697,424.0199486412508,467.4251889922697,380.6147082902319,86.81048070203781,2.8812061281419057,69.27626150027149,14.5,91.0,34.0,31.6,14.288235294117648,420.0,True,True,2400.0,8.0,558.0,0.2913482685717733,76.66666666666667,0.2913482685717733,0.174808961143064,0.11653930742870933,True,False,False,True,python_mission_generator,csv_authoritative,validated_csv,explicit_input,calibrated_csv,python_generated_isa_plus_offset
ENG_0001,559.0,temp_mission_001,NORMAL,CRUISE,42,stage5_mission_generator,5000.0,1524.0,5.1,843.0710955607474,70.0,4600.0,22.828410001809857,47.39027340934568,7.6948616841335085,0.564812525081237,282.11639221846826,64.25425684872476,380.6147082902319,409.5515351909111,438.48836209159043,467.4251889922697,424.0199486412508,467.4251889922697,380.6147082902319,86.81048070203781,2.8812061281419057,69.27626150027149,14.5,91.0,34.0,31.6,14.288235294117648,420.0,True,True,2400.0,8.0,559.0,0.2913482685717733,76.66666666666667,0.2913482685717733,0.174808961143064,0.11653930742870933,True,False,False,True,python_mission_generator,csv_authoritative,validated_csv,explicit_input,calibrated_csv,python_generated_isa_plus_offset
ENG_0001,560.0,temp_mission_001,NORMAL,CRUISE,42,stage5_mission_generator,5000.0,1524.0,5.1,843.0710955607474,70.0,4600.0,22.828410001809857,47.39027340934568,7.6948616841335085,0.564812525081237,282.11639221846826,64.25425684872476,380.6147082902319,409.5515351909111,438.48836209159043,467.4251889922697,424.0199486412508,467.4251889922697,380.6147082902319,86.81048070203781,2.8812061281419057,69.27626150027149,14.5,91.0,34.0,31.6,14.288235294117648,420.0,True,True,2400.0,8.0,560.0,0.2913482685717733,76.66666666666667,0.2913482685717733,0.174808961143064,0.11653930742870933,True,False,False,True,python_mission_generator,csv_authoritative,validated_csv,explicit_input,calibrated_csv,python_generated_isa_plus_offset
ENG_0001,561.0,temp_mission_001,NORMAL,CRUISE,42,stage5_mission_generator,5000.0,1524.0,5.1,843.0710955607474,70.0,4600.0,22.828410001809857,47.39027340934568,7.6948616841335085,0.564812525081237,282.11639221846826,64.25425684872476,380.6147082902319,409.5515351909111,438.48836209159043,467.4251889922697,424.0199486412508,467.4251889922697,380.6147082902319,86.81048070203781,2.8812061281419057,69.27626150027149,14.5,91.0,34.0,31.6,14.288235294117648,420.0,True,True,2400.0,8.0,561.0,0.2913482685717733,76.66666666666667,0.2913482685717733,0.174808961143064,0.11653930742870933,True,False,False,True,python_mission_generator,csv_authoritative,validated_csv,explicit_input,calibrated_csv,python_generated_isa_plus_offset
ENG_0001,562.0,temp_mission_001,NORMAL,CRUISE,42,stage5_mission_generator,5000.0,1524.0,5.1,843.0710955607474,70.0,4600.0,22.828410001809857,47.39027340934568,7.6948616841335085,0.564812525081237,282.11639221846826,64.25425684872476,380.6147082902319,409.5515351909111,438.48836209159043,467.4251889922697,424.0199486412508,467.4251889922697,380.6147082902319,86.81048070203781,2.8812061281419057,69.27626150027149,14.5,91.0,34.0,31.6,14.288235294117648,420.0,True,True,2400.0,8.0,562.0,0.2913482685717733,76.66666666666667,0.2913482685717733,0.174808961143064,0.11653930742870933,True,False,False,True,python_mission_generator,csv_authoritative,validated_csv,explicit_input,calibrated_csv,python_generated_isa_plus_offset
ENG_0001,563.0,temp_mission_001,NORMAL,CRUISE,42,stage5_mission_generator,5000.0,1524.0,5.1,843.0710955607474,70.0,4600.0,22.828410001809857,47.39027340934568,7.6948616841335085,0.564812525081237,282.11639221846826,64.25425684872476,380.6147082902319,409.5515351909111,438.48836209159043,467.4251889922697,424.0199486412508,467.4251889922697,380.6147082902319,86.81048070203781,2.8812061281419057,69.27626150027149,14.5,91.0,34.0,31.6,14.288235294117648,420.0,True,True,2400.0,8.0,563.0,0.2913482685717733,76.66666666666667,0.2913482685717733,0.174808961143064,0.11653930742870933,True,False,False,True,python_mission_generator,csv_authoritative,validated_csv,explicit_input,calibrated_csv,python_generated_isa_plus_offset
ENG_0001,564.0,temp_mission_001,NORMAL,CRUISE,42,stage5_mission_generator,5000.0,1524.0,5.1,843.0710955607474,70.0,4600.0,22.828410001809857,47.39027340934568,7.6948616841335085,0.564812525081237,282.11639221846826,64.25425684872476,380.6147082902319,409.5515351909111,438.48836209159043,467.4251889922697,424.0199486412508,467.4251889922697,380.6147082902319,86.81048070203781,2.8812061281419057,69.27626150027149,14.5,91.0,34.0,31.6,14.288235294117648,420.0,True,True,2400.0,8.0,564.0,0.2913482685717733,76.66666666666667,0.2913482685717733,0.174808961143064,0.11653930742870933,True,False,False,True,python_mission_generator,csv_authoritative,validated_csv,explicit_input,calibrated_csv,python_generated_isa_plus_offset
ENG_0001,565.0,temp_mission_001,NORMAL,CRUISE,42,stage5_mission_generator,5000.0,1524.0,5.1,843.0710955607474,70.0,4600.0,22.828410001809857,47.39027340934568,7.6948616841335085,0.564812525081237,282.11639221846826,64.25425684872476,380.6147082902319,409.5515351909111,438.48836209159043,467.4251889922697,424.0199486412508,467.4251889922697,380.6147082902319,86.81048070203781,2.8812061281419057,69.27626150027149,14.5,91.0,34.0,31.6,14.288235294117648,420.0,True,True,2400.0,8.0,565.0,0.2913482685717733,76.66666666666667,0.2913482685717733,0.174808961143064,0.11653930742870933,True,False,False,True,python_mission_generator,csv_authoritative,validated_csv,explicit_input,calibrated_csv,python_generated_isa_plus_offset
ENG_0001,566.0,temp_mission_001,NORMAL,CRUISE,42,stage5_mission_generator,5000.0,1524.0,5.1,843.0710955607474,70.0,4600.0,22.828410001809857,47.39027340934568,7.6948616841335085,0.564812525081237,282.11639221846826,64.25425684872476,380.6147082902319,409.5515351909111,438.48836209159043,467.4251889922697,424.0199486412508,467.4251889922697,380.6147082902319,86.81048070203781,2.8812061281419057,69.27626150027149,14.5,91.0,34.0,31.6,14.288235294117648,420.0,True,True,2400.0,8.0,566.0,0.2913482685717733,76.66666666666667,0.2913482685717733,0.174808961143064,0.11653930742870933,True,False,False,True,python_mission_generator,csv_authoritative,validated_csv,explicit_input,calibrated_csv,python_generated_isa_plus_offset
ENG_0001,567.0,temp_mission_001,NORMAL,CRUISE,42,stage5_mission_generator,5000.0,1524.0,5.1,843.0710955607474,70.0,4600.0,22.828410001809857,47.39027340934568,7.6948616841335085,0.564812525081237,282.11639221846826,64.25425684872476,380.6147082902319,409.5515351909111,438.48836209159043,467.4251889922697,424.0199486412508,467.4251889922697,380.6147082902319,86.81048070203781,2.8812061281419057,69.27626150027149,14.5,91.0,34.0,31.6,14.288235294117648,420.0,True,True,2400.0,8.0,567.0,0.2913482685717733,76.66666666666667,0.2913482685717733,0.174808961143064,0.11653930742870933,True,False,False,True,python_mission_generator,csv_authoritative,validated_csv,explicit_input,calibrated_csv,python_generated_isa_plus_offset
ENG_0001,568.0,temp_mission_001,NORMAL,CRUISE,42,stage5_mission_generator,5000.0,1524.0,5.1,843.0710955607474,70.0,4600.0,22.828410001809857,47.39027340934568,7.6948616841335085,0.564812525081237,282.11639221846826,64.25425684872476,380.6147082902319,409.5515351909111,438.48836209159043,467.4251889922697,424.0199486412508,467.4251889922697,380.6147082902319,86.81048070203781,2.8812061281419057,69.27626150027149,14.5,91.0,34.0,31.6,14.288235294117648,420.0,True,True,2400.0,8.0,568.0,0.2913482685717733,76.66666666666667,0.2913482685717733,0.174808961143064,0.11653930742870933,True,False,False,True,python_mission_generator,csv_authoritative,validated_csv,explicit_input,calibrated_csv,python_generated_isa_plus_offset
ENG_0001,569.0,temp_mission_001,NORMAL,CRUISE,42,stage5_mission_generator,5000.0,1524.0,5.1,843.0710955607474,70.0,4600.0,22.828410001809857,47.39027340934568,7.6948616841335085,0.564812525081237,282.11639221846826,64.25425684872476,380.6147082902319,409.5515351909111,438.48836209159043,467.4251889922697,424.0199486412508,467.4251889922697,380.6147082902319,86.81048070203781,2.8812061281419057,69.27626150027149,14.5,91.0,34.0,31.6,14.288235294117648,420.0,True,True,2400.0,8.0,569.0,0.2913482685717733,76.66666666666667,0.2913482685717733,0.174808961143064,0.11653930742870933,True,False,False,True,python_mission_generator,csv_authoritative,validated_csv,explicit_input,calibrated_csv,python_generated_isa_plus_offset
ENG_0001,570.0,temp_mission_001,NORMAL,CRUISE,42,stage5_mission_generator,5000.0,1524.0,5.1,843.0710955607474,70.0,4600.0,22.828410001809857,47.39027340934568,7.6948616841335085,0.564812525081237,282.11639221846826,64.25425684872476,380.6147082902319,409.5515351909111,438.48836209159043,467.4251889922697,424.0199486412508,467.4251889922697,380.6147082902319,86.81048070203781,2.8812061281419057,69.27626150027149,14.5,91.0,34.0,31.6,14.288235294117648,420.0,True,True,2400.0,8.0,570.0,0.2913482685717733,76.66666666666667,0.2913482685717733,0.174808961143064,0.11653930742870933,True,False,False,True,python_mission_generator,csv_authoritative,validated_csv,explicit_input,calibrated_csv,python_generated_isa_plus_offset
ENG_0001,571.0,temp_mission_001,NORMAL,CRUISE,42,stage5_mission_generator,5000.0,1524.0,5.1,843.0710955607474,70.0,4600.0,22.828410001809857,47.39027340934568,7.6948616841335085,0.564812525081237,282.11639221846826,64.25425684872476,380.6147082902319,409.5515351909111,438.48836209159043,467.4251889922697,424.0199486412508,467.4251889922697,380.6147082902319,86.81048070203781,2.8812061281419057,69.27626150027149,14.5,91.0,34.0,31.6,14.288235294117648,420.0,True,True,2400.0,8.0,571.0,0.2913482685717733,76.66666666666667,0.2913482685717733,0.174808961143064,0.11653930742870933,True,False,False,True,python_mission_generator,csv_authoritative,validated_csv,explicit_input,calibrated_csv,python_generated_isa_plus_offset
ENG_0001,572.0,temp_mission_001,NORMAL,CRUISE,42,stage5_mission_generator,5000.0,1524.0,5.1,843.0710955607474,70.0,4600.0,22.828410001809857,47.39027340934568,7.6948616841335085,0.564812525081237,282.11639221846826,64.25425684872476,380.6147082902319,409.5515351909111,438.48836209159043,467.4251889922697,424.0199486412508,467.4251889922697,380.6147082902319,86.81048070203781,2.8812061281419057,69.27626150027149,14.5,91.0,34.0,31.6,14.288235294117648,420.0,True,True,2400.0,8.0,572.0,0.2913482685717733,76.66666666666667,0.2913482685717733,0.174808961143064,0.11653930742870933,True,False,False,True,python_mission_generator,csv_authoritative,validated_csv,explicit_input,calibrated_csv,python_generated_isa_plus_offset
ENG_0001,573.0,temp_mission_001,NORMAL,CRUISE,42,stage5_mission_generator,5000.0,1524.0,5.1,843.0710955607474,70.0,4600.0,22.828410001809857,47.39027340934568,7.6948616841335085,0.564812525081237,282.11639221846826,64.25425684872476,380.6147082902319,409.5515351909111,438.48836209159043,467.4251889922697,424.0199486412508,467.4251889922697,380.6147082902319,86.81048070203781,2.8812061281419057,69.27626150027149,14.5,91.0,34.0,31.6,14.288235294117648,420.0,True,True,2400.0,8.0,573.0,0.2913482685717733,76.66666666666667,0.2913482685717733,0.174808961143064,0.11653930742870933,True,False,False,True,python_mission_generator,csv_authoritative,validated_csv,explicit_input,calibrated_csv,python_generated_isa_plus_offset
ENG_0001,574.0,temp_mission_001,NORMAL,CRUISE,42,stage5_mission_generator,5000.0,1524.0,5.1,843.0710955607474,70.0,4600.0,22.828410001809857,47.39027340934568,7.6948616841335085,0.564812525081237,282.11639221846826,64.25425684872476,380.6147082902319,409.5515351909111,438.48836209159043,467.4251889922697,424.0199486412508,467.4251889922697,380.6147082902319,86.81048070203781,2.8812061281419057,69.27626150027149,14.5,91.0,34.0,31.6,14.288235294117648,420.0,True,True,2400.0,8.0,574.0,0.2913482685717733,76.66666666666667,0.2913482685717733,0.174808961143064,0.11653930742870933,True,False,False,True,python_mission_generator,csv_authoritative,validated_csv,explicit_input,calibrated_csv,python_generated_isa_plus_offset
ENG_0001,575.0,temp_mission_001,NORMAL,CRUISE,42,stage5_mission_generator,5000.0,1524.0,5.1,843.0710955607474,70.0,4600.0,22.828410001809857,47.39027340934568,7.6948616841335085,0.564812525081237,282.11639221846826,64.25425684872476,380.6147082902319,409.5515351909111,438.48836209159043,467.4251889922697,424.0199486412508,467.4251889922697,380.6147082902319,86.81048070203781,2.8812061281419057,69.27626150027149,14.5,91.0,34.0,31.6,14.288235294117648,420.0,True,True,2400.0,8.0,575.0,0.2913482685717733,76.66666666666667,0.2913482685717733,0.174808961143064,0.11653930742870933,True,False,False,True,python_mission_generator,csv_authoritative,validated_csv,explicit_input,calibrated_csv,python_generated_isa_plus_offset
ENG_0001,576.0,temp_mission_001,NORMAL,CRUISE,42,stage5_mission_generator,5000.0,1524.0,5.1,843.0710955607474,70.0,4600.0,22.828410001809857,47.39027340934568,7.6948616841335085,0.564812525081237,282.11639221846826,64.25425684872476,380.6147082902319,409.5515351909111,438.48836209159043,467.4251889922697,424.0199486412508,467.4251889922697,380.6147082902319,86.81048070203781,2.8812061281419057,69.27626150027149,14.5,91.0,34.0,31.6,14.288235294117648,420.0,True,True,2400.0,8.0,576.0,0.2913482685717733,76.66666666666667,0.2913482685717733,0.174808961143064,0.11653930742870933,True,False,False,True,python_mission_generator,csv_authoritative,validated_csv,explicit_input,calibrated_csv,python_generated_isa_plus_offset
ENG_0001,577.0,temp_mission_001,NORMAL,CRUISE,42,stage5_mission_generator,5000.0,1524.0,5.1,843.0710955607474,70.0,4600.0,22.828410001809857,47.39027340934568,7.6948616841335085,0.564812525081237,282.11639221846826,64.25425684872476,380.6147082902319,409.5515351909111,438.48836209159043,467.4251889922697,424.0199486412508,467.4251889922697,380.6147082902319,86.81048070203781,2.8812061281419057,69.27626150027149,14.5,91.0,34.0,31.6,14.288235294117648,420.0,True,True,2400.0,8.0,577.0,0.2913482685717733,76.66666666666667,0.2913482685717733,0.174808961143064,0.11653930742870933,True,False,False,True,python_mission_generator,csv_authoritative,validated_csv,explicit_input,calibrated_csv,python_generated_isa_plus_offset
ENG_0001,578.0,temp_mission_001,NORMAL,CRUISE,42,stage5_mission_generator,5000.0,1524.0,5.1,843.0710955607474,70.0,4600.0,22.828410001809857,47.39027340934568,7.6948616841335085,0.564812525081237,282.11639221846826,64.25425684872476,380.6147082902319,409.5515351909111,438.48836209159043,467.4251889922697,424.0199486412508,467.4251889922697,380.6147082902319,86.81048070203781,2.8812061281419057,69.27626150027149,14.5,91.0,34.0,31.6,14.288235294117648,420.0,True,True,2400.0,8.0,578.0,0.2913482685717733,76.66666666666667,0.2913482685717733,0.174808961143064,0.11653930742870933,True,False,False,True,python_mission_generator,csv_authoritative,validated_csv,explicit_input,calibrated_csv,python_generated_isa_plus_offset
ENG_0001,579.0,temp_mission_001,NORMAL,CRUISE,42,stage5_mission_generator,5000.0,1524.0,5.1,843.0710955607474,70.0,4600.0,22.828410001809857,47.39027340934568,7.6948616841335085,0.564812525081237,282.11639221846826,64.25425684872476,380.6147082902319,409.5515351909111,438.48836209159043,467.4251889922697,424.0199486412508,467.4251889922697,380.6147082902319,86.81048070203781,2.8812061281419057,69.27626150027149,14.5,91.0,34.0,31.6,14.288235294117648,420.0,True,True,2400.0,8.0,579.0,0.2913482685717733,76.66666666666667,0.2913482685717733,0.174808961143064,0.11653930742870933,True,False,False,True,python_mission_generator,csv_authoritative,validated_csv,explicit_input,calibrated_csv,python_generated_isa_plus_offset
ENG_0001,580.0,temp_mission_001,NORMAL,CRUISE,42,stage5_mission_generator,5000.0,1524.0,5.1,843.0710955607474,70.0,4600.0,22.828410001809857,47.39027340934568,7.6948616841335085,0.564812525081237,282.11639221846826,64.25425684872476,380.6147082902319,409.5515351909111,438.48836209159043,467.4251889922697,424.0199486412508,467.4251889922697,380.6147082902319,86.81048070203781,2.8812061281419057,69.27626150027149,14.5,91.0,34.0,31.6,14.288235294117648,420.0,True,True,2400.0,8.0,580.0,0.2913482685717733,76.66666666666667,0.2913482685717733,0.174808961143064,0.11653930742870933,True,False,False,True,python_mission_generator,csv_authoritative,validated_csv,explicit_input,calibrated_csv,python_generated_isa_plus_offset
ENG_0001,581.0,temp_mission_001,NORMAL,CRUISE,42,stage5_mission_generator,5000.0,1524.0,5.1,843.0710955607474,70.0,4600.0,22.828410001809857,47.39027340934568,7.6948616841335085,0.564812525081237,282.11639221846826,64.25425684872476,380.6147082902319,409.5515351909111,438.48836209159043,467.4251889922697,424.0199486412508,467.4251889922697,380.6147082902319,86.81048070203781,2.8812061281419057,69.27626150027149,14.5,91.0,34.0,31.6,14.288235294117648,420.0,True,True,2400.0,8.0,581.0,0.2913482685717733,76.66666666666667,0.2913482685717733,0.174808961143064,0.11653930742870933,True,False,False,True,python_mission_generator,csv_authoritative,validated_csv,explicit_input,calibrated_csv,python_generated_isa_plus_offset
ENG_0001,582.0,temp_mission_001,NORMAL,CRUISE,42,stage5_mission_generator,5000.0,1524.0,5.1,843.0710955607474,70.0,4600.0,22.828410001809857,47.39027340934568,7.6948616841335085,0.564812525081237,282.11639221846826,64.25425684872476,380.6147082902319,409.5515351909111,438.48836209159043,467.4251889922697,424.0199486412508,467.4251889922697,380.6147082902319,86.81048070203781,2.8812061281419057,69.27626150027149,14.5,91.0,34.0,31.6,14.288235294117648,420.0,True,True,2400.0,8.0,582.0,0.2913482685717733,76.66666666666667,0.2913482685717733,0.174808961143064,0.11653930742870933,True,False,False,True,python_mission_generator,csv_authoritative,validated_csv,explicit_input,calibrated_csv,python_generated_isa_plus_offset
ENG_0001,583.0,temp_mission_001,NORMAL,CRUISE,42,stage5_mission_generator,5000.0,1524.0,5.1,843.0710955607474,70.0,4600.0,22.828410001809857,47.39027340934568,7.6948616841335085,0.564812525081237,282.11639221846826,64.25425684872476,380.6147082902319,409.5515351909111,438.48836209159043,467.4251889922697,424.0199486412508,467.4251889922697,380.6147082902319,86.81048070203781,2.8812061281419057,69.27626150027149,14.5,91.0,34.0,31.6,14.288235294117648,420.0,True,True,2400.0,8.0,583.0,0.2913482685717733,76.66666666666667,0.2913482685717733,0.174808961143064,0.11653930742870933,True,False,False,True,python_mission_generator,csv_authoritative,validated_csv,explicit_input,calibrated_csv,python_generated_isa_plus_offset
ENG_0001,584.0,temp_mission_001,NORMAL,CRUISE,42,stage5_mission_generator,5000.0,1524.0,5.1,843.0710955607474,70.0,4600.0,22.828410001809857,47.39027340934568,7.6948616841335085,0.564812525081237,282.11639221846826,64.25425684872476,380.6147082902319,409.5515351909111,438.48836209159043,467.4251889922697,424.0199486412508,467.4251889922697,380.6147082902319,86.81048070203781,2.8812061281419057,69.27626150027149,14.5,91.0,34.0,31.6,14.288235294117648,420.0,True,True,2400.0,8.0,584.0,0.2913482685717733,76.66666666666667,0.2913482685717733,0.174808961143064,0.11653930742870933,True,False,False,True,python_mission_generator,csv_authoritative,validated_csv,explicit_input,calibrated_csv,python_generated_isa_plus_offset
ENG_0001,585.0,temp_mission_001,NORMAL,CRUISE,42,stage5_mission_generator,5000.0,1524.0,5.1,843.0710955607474,70.0,4600.0,22.828410001809857,47.39027340934568,7.6948616841335085,0.564812525081237,282.11639221846826,64.25425684872476,380.6147082902319,409.5515351909111,438.48836209159043,467.4251889922697,424.0199486412508,467.4251889922697,380.6147082902319,86.81048070203781,2.8812061281419057,69.27626150027149,14.5,91.0,34.0,31.6,14.288235294117648,420.0,True,True,2400.0,8.0,585.0,0.2913482685717733,76.66666666666667,0.2913482685717733,0.174808961143064,0.11653930742870933,True,False,False,True,python_mission_generator,csv_authoritative,validated_csv,explicit_input,calibrated_csv,python_generated_isa_plus_offset
ENG_0001,586.0,temp_mission_001,NORMAL,CRUISE,42,stage5_mission_generator,5000.0,1524.0,5.1,843.0710955607474,70.0,4600.0,22.828410001809857,47.39027340934568,7.6948616841335085,0.564812525081237,282.11639221846826,64.25425684872476,380.6147082902319,409.5515351909111,438.48836209159043,467.4251889922697,424.0199486412508,467.4251889922697,380.6147082902319,86.81048070203781,2.8812061281419057,69.27626150027149,14.5,91.0,34.0,31.6,14.288235294117648,420.0,True,True,2400.0,8.0,586.0,0.2913482685717733,76.66666666666667,0.2913482685717733,0.174808961143064,0.11653930742870933,True,False,False,True,python_mission_generator,csv_authoritative,validated_csv,explicit_input,calibrated_csv,python_generated_isa_plus_offset
ENG_0001,587.0,temp_mission_001,NORMAL,CRUISE,42,stage5_mission_generator,5000.0,1524.0,5.1,843.0710955607474,70.0,4600.0,22.828410001809857,47.39027340934568,7.6948616841335085,0.564812525081237,282.11639221846826,64.25425684872476,380.6147082902319,409.5515351909111,438.48836209159043,467.4251889922697,424.0199486412508,467.4251889922697,380.6147082902319,86.81048070203781,2.8812061281419057,69.27626150027149,14.5,91.0,34.0,31.6,14.288235294117648,420.0,True,True,2400.0,8.0,587.0,0.2913482685717733,76.66666666666667,0.2913482685717733,0.174808961143064,0.11653930742870933,True,False,False,True,python_mission_generator,csv_authoritative,validated_csv,explicit_input,calibrated_csv,python_generated_isa_plus_offset
ENG_0001,588.0,temp_mission_001,NORMAL,CRUISE,42,stage5_mission_generator,5000.0,1524.0,5.1,843.0710955607474,70.0,4600.0,22.828410001809857,47.39027340934568,7.6948616841335085,0.564812525081237,282.11639221846826,64.25425684872476,380.6147082902319,409.5515351909111,438.48836209159043,467.4251889922697,424.0199486412508,467.4251889922697,380.6147082902319,86.81048070203781,2.8812061281419057,69.27626150027149,14.5,91.0,34.0,31.6,14.288235294117648,420.0,True,True,2400.0,8.0,588.0,0.2913482685717733,76.66666666666667,0.2913482685717733,0.174808961143064,0.11653930742870933,True,False,False,True,python_mission_generator,csv_authoritative,validated_csv,explicit_input,calibrated_csv,python_generated_isa_plus_offset
ENG_0001,589.0,temp_mission_001,NORMAL,CRUISE,42,stage5_mission_generator,5000.0,1524.0,5.1,843.0710955607474,70.0,4600.0,22.828410001809857,47.39027340934568,7.6948616841335085,0.564812525081237,282.11639221846826,64.25425684872476,380.6147082902319,409.5515351909111,438.48836209159043,467.4251889922697,424.0199486412508,467.4251889922697,380.6147082902319,86.81048070203781,2.8812061281419057,69.27626150027149,14.5,91.0,34.0,31.6,14.288235294117648,420.0,True,True,2400.0,8.0,589.0,0.2913482685717733,76.66666666666667,0.2913482685717733,0.174808961143064,0.11653930742870933,True,False,False,True,python_mission_generator,csv_authoritative,validated_csv,explicit_input,calibrated_csv,python_generated_isa_plus_offset
ENG_0001,590.0,temp_mission_001,NORMAL,CRUISE,42,stage5_mission_generator,5000.0,1524.0,5.1,843.0710955607474,70.0,4600.0,22.828410001809857,47.39027340934568,7.6948616841335085,0.564812525081237,282.11639221846826,64.25425684872476,380.6147082902319,409.5515351909111,438.48836209159043,467.4251889922697,424.0199486412508,467.4251889922697,380.6147082902319,86.81048070203781,2.8812061281419057,69.27626150027149,14.5,91.0,34.0,31.6,14.288235294117648,420.0,True,True,2400.0,8.0,590.0,0.2913482685717733,76.66666666666667,0.2913482685717733,0.174808961143064,0.11653930742870933,True,False,False,True,python_mission_generator,csv_authoritative,validated_csv,explicit_input,calibrated_csv,python_generated_isa_plus_offset
ENG_0001,591.0,temp_mission_001,NORMAL,CRUISE,42,stage5_mission_generator,5000.0,1524.0,5.1,843.0710955607474,70.0,4600.0,22.828410001809857,47.39027340934568,7.6948616841335085,0.564812525081237,282.11639221846826,64.25425684872476,380.6147082902319,409.5515351909111,438.48836209159043,467.4251889922697,424.0199486412508,467.4251889922697,380.6147082902319,86.81048070203781,2.8812061281419057,69.27626150027149,14.5,91.0,34.0,31.6,14.288235294117648,420.0,True,True,2400.0,8.0,591.0,0.2913482685717733,76.66666666666667,0.2913482685717733,0.174808961143064,0.11653930742870933,True,False,False,True,python_mission_generator,csv_authoritative,validated_csv,explicit_input,calibrated_csv,python_generated_isa_plus_offset
ENG_0001,592.0,temp_mission_001,NORMAL,CRUISE,42,stage5_mission_generator,5000.0,1524.0,5.1,843.0710955607474,70.0,4600.0,22.828410001809857,47.39027340934568,7.6948616841335085,0.564812525081237,282.11639221846826,64.25425684872476,380.6147082902319,409.5515351909111,438.48836209159043,467.4251889922697,424.0199486412508,467.4251889922697,380.6147082902319,86.81048070203781,2.8812061281419057,69.27626150027149,14.5,91.0,34.0,31.6,14.288235294117648,420.0,True,True,2400.0,8.0,592.0,0.2913482685717733,76.66666666666667,0.2913482685717733,0.174808961143064,0.11653930742870933,True,False,False,True,python_mission_generator,csv_authoritative,validated_csv,explicit_input,calibrated_csv,python_generated_isa_plus_offset
ENG_0001,593.0,temp_mission_001,NORMAL,CRUISE,42,stage5_mission_generator,5000.0,1524.0,5.1,843.0710955607474,70.0,4600.0,22.828410001809857,47.39027340934568,7.6948616841335085,0.564812525081237,282.11639221846826,64.25425684872476,380.6147082902319,409.5515351909111,438.48836209159043,467.4251889922697,424.0199486412508,467.4251889922697,380.6147082902319,86.81048070203781,2.8812061281419057,69.27626150027149,14.5,91.0,34.0,31.6,14.288235294117648,420.0,True,True,2400.0,8.0,593.0,0.2913482685717733,76.66666666666667,0.2913482685717733,0.174808961143064,0.11653930742870933,True,False,False,True,python_mission_generator,csv_authoritative,validated_csv,explicit_input,calibrated_csv,python_generated_isa_plus_offset
ENG_0001,594.0,temp_mission_001,NORMAL,CRUISE,42,stage5_mission_generator,5000.0,1524.0,5.1,843.0710955607474,70.0,4600.0,22.828410001809857,47.39027340934568,7.6948616841335085,0.564812525081237,282.11639221846826,64.25425684872476,380.6147082902319,409.5515351909111,438.48836209159043,467.4251889922697,424.0199486412508,467.4251889922697,380.6147082902319,86.81048070203781,2.8812061281419057,69.27626150027149,14.5,91.0,34.0,31.6,14.288235294117648,420.0,True,True,2400.0,8.0,594.0,0.2913482685717733,76.66666666666667,0.2913482685717733,0.174808961143064,0.11653930742870933,True,False,False,True,python_mission_generator,csv_authoritative,validated_csv,explicit_input,calibrated_csv,python_generated_isa_plus_offset
ENG_0001,595.0,temp_mission_001,NORMAL,CRUISE,42,stage5_mission_generator,5000.0,1524.0,5.1,843.0710955607474,70.0,4600.0,22.828410001809857,47.39027340934568,7.6948616841335085,0.564812525081237,282.11639221846826,64.25425684872476,380.6147082902319,409.5515351909111,438.48836209159043,467.4251889922697,424.0199486412508,467.4251889922697,380.6147082902319,86.81048070203781,2.8812061281419057,69.27626150027149,14.5,91.0,34.0,31.6,14.288235294117648,420.0,True,True,2400.0,8.0,595.0,0.2913482685717733,76.66666666666667,0.2913482685717733,0.174808961143064,0.11653930742870933,True,False,False,True,python_mission_generator,csv_authoritative,validated_csv,explicit_input,calibrated_csv,python_generated_isa_plus_offset
ENG_0001,596.0,temp_mission_001,NORMAL,CRUISE,42,stage5_mission_generator,5000.0,1524.0,5.1,843.0710955607474,70.0,4600.0,22.828410001809857,47.39027340934568,7.6948616841335085,0.564812525081237,282.11639221846826,64.25425684872476,380.6147082902319,409.5515351909111,438.48836209159043,467.4251889922697,424.0199486412508,467.4251889922697,380.6147082902319,86.81048070203781,2.8812061281419057,69.27626150027149,14.5,91.0,34.0,31.6,14.288235294117648,420.0,True,True,2400.0,8.0,596.0,0.2913482685717733,76.66666666666667,0.2913482685717733,0.174808961143064,0.11653930742870933,True,False,False,True,python_mission_generator,csv_authoritative,validated_csv,explicit_input,calibrated_csv,python_generated_isa_plus_offset
ENG_0001,597.0,temp_mission_001,NORMAL,CRUISE,42,stage5_mission_generator,5000.0,1524.0,5.1,843.0710955607474,70.0,4600.0,22.828410001809857,47.39027340934568,7.6948616841335085,0.564812525081237,282.11639221846826,64.25425684872476,380.6147082902319,409.5515351909111,438.48836209159043,467.4251889922697,424.0199486412508,467.4251889922697,380.6147082902319,86.81048070203781,2.8812061281419057,69.27626150027149,14.5,91.0,34.0,31.6,14.288235294117648,420.0,True,True,2400.0,8.0,597.0,0.2913482685717733,76.66666666666667,0.2913482685717733,0.174808961143064,0.11653930742870933,True,False,False,True,python_mission_generator,csv_authoritative,validated_csv,explicit_input,calibrated_csv,python_generated_isa_plus_offset
ENG_0001,598.0,temp_mission_001,NORMAL,CRUISE,42,stage5_mission_generator,5000.0,1524.0,5.1,843.0710955607474,70.0,4600.0,22.828410001809857,47.39027340934568,7.6948616841335085,0.564812525081237,282.11639221846826,64.25425684872476,380.6147082902319,409.5515351909111,438.48836209159043,467.4251889922697,424.0199486412508,467.4251889922697,380.6147082902319,86.81048070203781,2.8812061281419057,69.27626150027149,14.5,91.0,34.0,31.6,14.288235294117648,420.0,True,True,2400.0,8.0,598.0,0.2913482685717733,76.66666666666667,0.2913482685717733,0.174808961143064,0.11653930742870933,True,False,False,True,python_mission_generator,csv_authoritative,validated_csv,explicit_input,calibrated_csv,python_generated_isa_plus_offset
ENG_0001,599.0,temp_mission_001,NORMAL,CRUISE,42,stage5_mission_generator,5000.0,1524.0,5.1,843.0710955607474,70.0,4600.0,22.828410001809857,47.39027340934568,7.6948616841335085,0.564812525081237,282.11639221846826,64.25425684872476,380.6147082902319,409.5515351909111,438.48836209159043,467.4251889922697,424.0199486412508,467.4251889922697,380.6147082902319,86.81048070203781,2.8812061281419057,69.27626150027149,14.5,91.0,34.0,31.6,14.288235294117648,420.0,True,True,2400.0,8.0,599.0,0.2913482685717733,76.66666666666667,0.2913482685717733,0.174808961143064,0.11653930742870933,True,False,False,True,python_mission_generator,csv_authoritative,validated_csv,explicit_input,calibrated_csv,python_generated_isa_plus_offset
ENG_0001,600.0,temp_mission_001,NORMAL,CRUISE,42,stage5_mission_generator,5000.0,1524.0,5.1,843.0710955607474,70.0,4600.0,22.828410001809857,47.39027340934568,7.6948616841335085,0.564812525081237,282.11639221846826,64.25425684872476,380.6147082902319,409.5515351909111,438.48836209159043,467.4251889922697,424.0199486412508,467.4251889922697,380.6147082902319,86.81048070203781,2.8812061281419057,69.27626150027149,14.5,91.0,34.0,31.6,14.288235294117648,420.0,True,True,2400.0,8.0,600.0,0.2913482685717733,76.66666666666667,0.2913482685717733,0.174808961143064,0.11653930742870933,True,False,False,True,python_mission_generator,csv_authoritative,validated_csv,explicit_input,calibrated_csv,python_generated_isa_plus_offset
ENG_0001,601.0,temp_mission_001,NORMAL,CRUISE,42,stage5_mission_generator,5000.0,1524.0,5.1,843.0710955607474,70.0,4600.0,22.828410001809857,47.39027340934568,7.6948616841335085,0.564812525081237,282.11639221846826,64.25425684872476,380.6147082902319,409.5515351909111,438.48836209159043,467.4251889922697,424.0199486412508,467.4251889922697,380.6147082902319,86.81048070203781,2.8812061281419057,69.27626150027149,14.5,91.0,34.0,31.6,14.288235294117648,420.0,True,True,2400.0,8.0,601.0,0.2913482685717733,76.66666666666667,0.2913482685717733,0.174808961143064,0.11653930742870933,True,False,False,True,python_mission_generator,csv_authoritative,validated_csv,explicit_input,calibrated_csv,python_generated_isa_plus_offset
ENG_0001,602.0,temp_mission_001,NORMAL,CRUISE,42,stage5_mission_generator,5000.0,1524.0,5.1,843.0710955607474,70.0,4600.0,22.828410001809857,47.39027340934568,7.6948616841335085,0.564812525081237,282.11639221846826,64.25425684872476,380.6147082902319,409.5515351909111,438.48836209159043,467.4251889922697,424.0199486412508,467.4251889922697,380.6147082902319,86.81048070203781,2.8812061281419057,69.27626150027149,14.5,91.0,34.0,31.6,14.288235294117648,420.0,True,True,2400.0,8.0,602.0,0.2913482685717733,76.66666666666667,0.2913482685717733,0.174808961143064,0.11653930742870933,True,False,False,True,python_mission_generator,csv_authoritative,validated_csv,explicit_input,calibrated_csv,python_generated_isa_plus_offset
ENG_0001,603.0,temp_mission_001,NORMAL,CRUISE,42,stage5_mission_generator,5000.0,1524.0,5.1,843.0710955607474,70.0,4600.0,22.828410001809857,47.39027340934568,7.6948616841335085,0.564812525081237,282.11639221846826,64.25425684872476,380.6147082902319,409.5515351909111,438.48836209159043,467.4251889922697,424.0199486412508,467.4251889922697,380.6147082902319,86.81048070203781,2.8812061281419057,69.27626150027149,14.5,91.0,34.0,31.6,14.288235294117648,420.0,True,True,2400.0,8.0,603.0,0.2913482685717733,76.66666666666667,0.2913482685717733,0.174808961143064,0.11653930742870933,True,False,False,True,python_mission_generator,csv_authoritative,validated_csv,explicit_input,calibrated_csv,python_generated_isa_plus_offset
ENG_0001,604.0,temp_mission_001,NORMAL,CRUISE,42,stage5_mission_generator,5000.0,1524.0,5.1,843.0710955607474,70.0,4600.0,22.828410001809857,47.39027340934568,7.6948616841335085,0.564812525081237,282.11639221846826,64.25425684872476,380.6147082902319,409.5515351909111,438.48836209159043,467.4251889922697,424.0199486412508,467.4251889922697,380.6147082902319,86.81048070203781,2.8812061281419057,69.27626150027149,14.5,91.0,34.0,31.6,14.288235294117648,420.0,True,True,2400.0,8.0,604.0,0.2913482685717733,76.66666666666667,0.2913482685717733,0.174808961143064,0.11653930742870933,True,False,False,True,python_mission_generator,csv_authoritative,validated_csv,explicit_input,calibrated_csv,python_generated_isa_plus_offset
ENG_0001,605.0,temp_mission_001,NORMAL,CRUISE,42,stage5_mission_generator,5000.0,1524.0,5.1,843.0710955607474,70.0,4600.0,22.828410001809857,47.39027340934568,7.6948616841335085,0.564812525081237,282.11639221846826,64.25425684872476,380.6147082902319,409.5515351909111,438.48836209159043,467.4251889922697,424.0199486412508,467.4251889922697,380.6147082902319,86.81048070203781,2.8812061281419057,69.27626150027149,14.5,91.0,34.0,31.6,14.288235294117648,420.0,True,True,2400.0,8.0,605.0,0.2913482685717733,76.66666666666667,0.2913482685717733,0.174808961143064,0.11653930742870933,True,False,False,True,python_mission_generator,csv_authoritative,validated_csv,explicit_input,calibrated_csv,python_generated_isa_plus_offset
ENG_0001,606.0,temp_mission_001,NORMAL,CRUISE,42,stage5_mission_generator,5000.0,1524.0,5.1,843.0710955607474,70.0,4600.0,22.828410001809857,47.39027340934568,7.6948616841335085,0.564812525081237,282.11639221846826,64.25425684872476,380.6147082902319,409.5515351909111,438.48836209159043,467.4251889922697,424.0199486412508,467.4251889922697,380.6147082902319,86.81048070203781,2.8812061281419057,69.27626150027149,14.5,91.0,34.0,31.6,14.288235294117648,420.0,True,True,2400.0,8.0,606.0,0.2913482685717733,76.66666666666667,0.2913482685717733,0.174808961143064,0.11653930742870933,True,False,False,True,python_mission_generator,csv_authoritative,validated_csv,explicit_input,calibrated_csv,python_generated_isa_plus_offset
ENG_0001,607.0,temp_mission_001,NORMAL,CRUISE,42,stage5_mission_generator,5000.0,1524.0,5.1,843.0710955607474,70.0,4600.0,22.828410001809857,47.39027340934568,7.6948616841335085,0.564812525081237,282.11639221846826,64.25425684872476,380.6147082902319,409.5515351909111,438.48836209159043,467.4251889922697,424.0199486412508,467.4251889922697,380.6147082902319,86.81048070203781,2.8812061281419057,69.27626150027149,14.5,91.0,34.0,31.6,14.288235294117648,420.0,True,True,2400.0,8.0,607.0,0.2913482685717733,76.66666666666667,0.2913482685717733,0.174808961143064,0.11653930742870933,True,False,False,True,python_mission_generator,csv_authoritative,validated_csv,explicit_input,calibrated_csv,python_generated_isa_plus_offset
ENG_0001,608.0,temp_mission_001,NORMAL,CRUISE,42,stage5_mission_generator,5000.0,1524.0,5.1,843.0710955607474,70.0,4600.0,22.828410001809857,47.39027340934568,7.6948616841335085,0.564812525081237,282.11639221846826,64.25425684872476,380.6147082902319,409.5515351909111,438.48836209159043,467.4251889922697,424.0199486412508,467.4251889922697,380.6147082902319,86.81048070203781,2.8812061281419057,69.27626150027149,14.5,91.0,34.0,31.6,14.288235294117648,420.0,True,True,2400.0,8.0,608.0,0.2913482685717733,76.66666666666667,0.2913482685717733,0.174808961143064,0.11653930742870933,True,False,False,True,python_mission_generator,csv_authoritative,validated_csv,explicit_input,calibrated_csv,python_generated_isa_plus_offset
ENG_0001,609.0,temp_mission_001,NORMAL,CRUISE,42,stage5_mission_generator,5000.0,1524.0,5.1,843.0710955607474,70.0,4600.0,22.828410001809857,47.39027340934568,7.6948616841335085,0.564812525081237,282.11639221846826,64.25425684872476,380.6147082902319,409.5515351909111,438.48836209159043,467.4251889922697,424.0199486412508,467.4251889922697,380.6147082902319,86.81048070203781,2.8812061281419057,69.27626150027149,14.5,91.0,34.0,31.6,14.288235294117648,420.0,True,True,2400.0,8.0,609.0,0.2913482685717733,76.66666666666667,0.2913482685717733,0.174808961143064,0.11653930742870933,True,False,False,True,python_mission_generator,csv_authoritative,validated_csv,explicit_input,calibrated_csv,python_generated_isa_plus_offset
ENG_0001,610.0,temp_mission_001,NORMAL,CRUISE,42,stage5_mission_generator,5000.0,1524.0,5.1,843.0710955607474,70.0,4600.0,22.828410001809857,47.39027340934568,7.6948616841335085,0.564812525081237,282.11639221846826,64.25425684872476,380.6147082902319,409.5515351909111,438.48836209159043,467.4251889922697,424.0199486412508,467.4251889922697,380.6147082902319,86.81048070203781,2.8812061281419057,69.27626150027149,14.5,91.0,34.0,31.6,14.288235294117648,420.0,True,True,2400.0,8.0,610.0,0.2913482685717733,76.66666666666667,0.2913482685717733,0.174808961143064,0.11653930742870933,True,False,False,True,python_mission_generator,csv_authoritative,validated_csv,explicit_input,calibrated_csv,python_generated_isa_plus_offset
ENG_0001,611.0,temp_mission_001,NORMAL,CRUISE,42,stage5_mission_generator,5000.0,1524.0,5.1,843.0710955607474,70.0,4600.0,22.828410001809857,47.39027340934568,7.6948616841335085,0.564812525081237,282.11639221846826,64.25425684872476,380.6147082902319,409.5515351909111,438.48836209159043,467.4251889922697,424.0199486412508,467.4251889922697,380.6147082902319,86.81048070203781,2.8812061281419057,69.27626150027149,14.5,91.0,34.0,31.6,14.288235294117648,420.0,True,True,2400.0,8.0,611.0,0.2913482685717733,76.66666666666667,0.2913482685717733,0.174808961143064,0.11653930742870933,True,False,False,True,python_mission_generator,csv_authoritative,validated_csv,explicit_input,calibrated_csv,python_generated_isa_plus_offset
ENG_0001,612.0,temp_mission_001,NORMAL,CRUISE,42,stage5_mission_generator,5000.0,1524.0,5.1,843.0710955607474,70.0,4600.0,22.828410001809857,47.39027340934568,7.6948616841335085,0.564812525081237,282.11639221846826,64.25425684872476,380.6147082902319,409.5515351909111,438.48836209159043,467.4251889922697,424.0199486412508,467.4251889922697,380.6147082902319,86.81048070203781,2.8812061281419057,69.27626150027149,14.5,91.0,34.0,31.6,14.288235294117648,420.0,True,True,2400.0,8.0,612.0,0.2913482685717733,76.66666666666667,0.2913482685717733,0.174808961143064,0.11653930742870933,True,False,False,True,python_mission_generator,csv_authoritative,validated_csv,explicit_input,calibrated_csv,python_generated_isa_plus_offset
ENG_0001,613.0,temp_mission_001,NORMAL,CRUISE,42,stage5_mission_generator,5000.0,1524.0,5.1,843.0710955607474,70.0,4600.0,22.828410001809857,47.39027340934568,7.6948616841335085,0.564812525081237,282.11639221846826,64.25425684872476,380.6147082902319,409.5515351909111,438.48836209159043,467.4251889922697,424.0199486412508,467.4251889922697,380.6147082902319,86.81048070203781,2.8812061281419057,69.27626150027149,14.5,91.0,34.0,31.6,14.288235294117648,420.0,True,True,2400.0,8.0,613.0,0.2913482685717733,76.66666666666667,0.2913482685717733,0.174808961143064,0.11653930742870933,True,False,False,True,python_mission_generator,csv_authoritative,validated_csv,explicit_input,calibrated_csv,python_generated_isa_plus_offset
ENG_0001,614.0,temp_mission_001,NORMAL,CRUISE,42,stage5_mission_generator,5000.0,1524.0,5.1,843.0710955607474,70.0,4600.0,22.828410001809857,47.39027340934568,7.6948616841335085,0.564812525081237,282.11639221846826,64.25425684872476,380.6147082902319,409.5515351909111,438.48836209159043,467.4251889922697,424.0199486412508,467.4251889922697,380.6147082902319,86.81048070203781,2.8812061281419057,69.27626150027149,14.5,91.0,34.0,31.6,14.288235294117648,420.0,True,True,2400.0,8.0,614.0,0.2913482685717733,76.66666666666667,0.2913482685717733,0.174808961143064,0.11653930742870933,True,False,False,True,python_mission_generator,csv_authoritative,validated_csv,explicit_input,calibrated_csv,python_generated_isa_plus_offset
ENG_0001,615.0,temp_mission_001,NORMAL,CRUISE,42,stage5_mission_generator,5000.0,1524.0,5.1,843.0710955607474,70.0,4600.0,22.828410001809857,47.39027340934568,7.6948616841335085,0.564812525081237,282.11639221846826,64.25425684872476,380.6147082902319,409.5515351909111,438.48836209159043,467.4251889922697,424.0199486412508,467.4251889922697,380.6147082902319,86.81048070203781,2.8812061281419057,69.27626150027149,14.5,91.0,34.0,31.6,14.288235294117648,420.0,True,True,2400.0,8.0,615.0,0.2913482685717733,76.66666666666667,0.2913482685717733,0.174808961143064,0.11653930742870933,True,False,False,True,python_mission_generator,csv_authoritative,validated_csv,explicit_input,calibrated_csv,python_generated_isa_plus_offset
ENG_0001,616.0,temp_mission_001,NORMAL,CRUISE,42,stage5_mission_generator,5000.0,1524.0,5.1,843.0710955607474,70.0,4600.0,22.828410001809857,47.39027340934568,7.6948616841335085,0.564812525081237,282.11639221846826,64.25425684872476,380.6147082902319,409.5515351909111,438.48836209159043,467.4251889922697,424.0199486412508,467.4251889922697,380.6147082902319,86.81048070203781,2.8812061281419057,69.27626150027149,14.5,91.0,34.0,31.6,14.288235294117648,420.0,True,True,2400.0,8.0,616.0,0.2913482685717733,76.66666666666667,0.2913482685717733,0.174808961143064,0.11653930742870933,True,False,False,True,python_mission_generator,csv_authoritative,validated_csv,explicit_input,calibrated_csv,python_generated_isa_plus_offset
ENG_0001,617.0,temp_mission_001,NORMAL,CRUISE,42,stage5_mission_generator,5000.0,1524.0,5.1,843.0710955607474,70.0,4600.0,22.828410001809857,47.39027340934568,7.6948616841335085,0.564812525081237,282.11639221846826,64.25425684872476,380.6147082902319,409.5515351909111,438.48836209159043,467.4251889922697,424.0199486412508,467.4251889922697,380.6147082902319,86.81048070203781,2.8812061281419057,69.27626150027149,14.5,91.0,34.0,31.6,14.288235294117648,420.0,True,True,2400.0,8.0,617.0,0.2913482685717733,76.66666666666667,0.2913482685717733,0.174808961143064,0.11653930742870933,True,False,False,True,python_mission_generator,csv_authoritative,validated_csv,explicit_input,calibrated_csv,python_generated_isa_plus_offset
ENG_0001,618.0,temp_mission_001,NORMAL,CRUISE,42,stage5_mission_generator,5000.0,1524.0,5.1,843.0710955607474,70.0,4600.0,22.828410001809857,47.39027340934568,7.6948616841335085,0.564812525081237,282.11639221846826,64.25425684872476,380.6147082902319,409.5515351909111,438.48836209159043,467.4251889922697,424.0199486412508,467.4251889922697,380.6147082902319,86.81048070203781,2.8812061281419057,69.27626150027149,14.5,91.0,34.0,31.6,14.288235294117648,420.0,True,True,2400.0,8.0,618.0,0.2913482685717733,76.66666666666667,0.2913482685717733,0.174808961143064,0.11653930742870933,True,False,False,True,python_mission_generator,csv_authoritative,validated_csv,explicit_input,calibrated_csv,python_generated_isa_plus_offset
ENG_0001,619.0,temp_mission_001,NORMAL,CRUISE,42,stage5_mission_generator,5000.0,1524.0,5.1,843.0710955607474,70.0,4600.0,22.828410001809857,47.39027340934568,7.6948616841335085,0.564812525081237,282.11639221846826,64.25425684872476,380.6147082902319,409.5515351909111,438.48836209159043,467.4251889922697,424.0199486412508,467.4251889922697,380.6147082902319,86.81048070203781,2.8812061281419057,69.27626150027149,14.5,91.0,34.0,31.6,14.288235294117648,420.0,True,True,2400.0,8.0,619.0,0.2913482685717733,76.66666666666667,0.2913482685717733,0.174808961143064,0.11653930742870933,True,False,False,True,python_mission_generator,csv_authoritative,validated_csv,explicit_input,calibrated_csv,python_generated_isa_plus_offset
ENG_0001,620.0,temp_mission_001,NORMAL,CRUISE,42,stage5_mission_generator,5000.0,1524.0,5.1,843.0710955607474,70.0,4600.0,22.828410001809857,47.39027340934568,7.6948616841335085,0.564812525081237,282.11639221846826,64.25425684872476,380.6147082902319,409.5515351909111,438.48836209159043,467.4251889922697,424.0199486412508,467.4251889922697,380.6147082902319,86.81048070203781,2.8812061281419057,69.27626150027149,14.5,91.0,34.0,31.6,14.288235294117648,420.0,True,True,2400.0,8.0,620.0,0.2913482685717733,76.66666666666667,0.2913482685717733,0.174808961143064,0.11653930742870933,True,False,False,True,python_mission_generator,csv_authoritative,validated_csv,explicit_input,calibrated_csv,python_generated_isa_plus_offset
ENG_0001,621.0,temp_mission_001,NORMAL,CRUISE,42,stage5_mission_generator,5000.0,1524.0,5.1,843.0710955607474,70.0,4600.0,22.828410001809857,47.39027340934568,7.6948616841335085,0.564812525081237,282.11639221846826,64.25425684872476,380.6147082902319,409.5515351909111,438.48836209159043,467.4251889922697,424.0199486412508,467.4251889922697,380.6147082902319,86.81048070203781,2.8812061281419057,69.27626150027149,14.5,91.0,34.0,31.6,14.288235294117648,420.0,True,True,2400.0,8.0,621.0,0.2913482685717733,76.66666666666667,0.2913482685717733,0.174808961143064,0.11653930742870933,True,False,False,True,python_mission_generator,csv_authoritative,validated_csv,explicit_input,calibrated_csv,python_generated_isa_plus_offset
ENG_0001,622.0,temp_mission_001,NORMAL,CRUISE,42,stage5_mission_generator,5000.0,1524.0,5.1,843.0710955607474,70.0,4600.0,22.828410001809857,47.39027340934568,7.6948616841335085,0.564812525081237,282.11639221846826,64.25425684872476,380.6147082902319,409.5515351909111,438.48836209159043,467.4251889922697,424.0199486412508,467.4251889922697,380.6147082902319,86.81048070203781,2.8812061281419057,69.27626150027149,14.5,91.0,34.0,31.6,14.288235294117648,420.0,True,True,2400.0,8.0,622.0,0.2913482685717733,76.66666666666667,0.2913482685717733,0.174808961143064,0.11653930742870933,True,False,False,True,python_mission_generator,csv_authoritative,validated_csv,explicit_input,calibrated_csv,python_generated_isa_plus_offset
ENG_0001,623.0,temp_mission_001,NORMAL,CRUISE,42,stage5_mission_generator,5000.0,1524.0,5.1,843.0710955607474,70.0,4600.0,22.828410001809857,47.39027340934568,7.6948616841335085,0.564812525081237,282.11639221846826,64.25425684872476,380.6147082902319,409.5515351909111,438.48836209159043,467.4251889922697,424.0199486412508,467.4251889922697,380.6147082902319,86.81048070203781,2.8812061281419057,69.27626150027149,14.5,91.0,34.0,31.6,14.288235294117648,420.0,True,True,2400.0,8.0,623.0,0.2913482685717733,76.66666666666667,0.2913482685717733,0.174808961143064,0.11653930742870933,True,False,False,True,python_mission_generator,csv_authoritative,validated_csv,explicit_input,calibrated_csv,python_generated_isa_plus_offset
ENG_0001,624.0,temp_mission_001,NORMAL,CRUISE,42,stage5_mission_generator,5000.0,1524.0,5.1,843.0710955607474,70.0,4600.0,22.828410001809857,47.39027340934568,7.6948616841335085,0.564812525081237,282.11639221846826,64.25425684872476,380.6147082902319,409.5515351909111,438.48836209159043,467.4251889922697,424.0199486412508,467.4251889922697,380.6147082902319,86.81048070203781,2.8812061281419057,69.27626150027149,14.5,91.0,34.0,31.6,14.288235294117648,420.0,True,True,2400.0,8.0,624.0,0.2913482685717733,76.66666666666667,0.2913482685717733,0.174808961143064,0.11653930742870933,True,False,False,True,python_mission_generator,csv_authoritative,validated_csv,explicit_input,calibrated_csv,python_generated_isa_plus_offset
ENG_0001,625.0,temp_mission_001,NORMAL,CRUISE,42,stage5_mission_generator,5000.0,1524.0,5.1,843.0710955607474,70.0,4600.0,22.828410001809857,47.39027340934568,7.6948616841335085,0.564812525081237,282.11639221846826,64.25425684872476,380.6147082902319,409.5515351909111,438.48836209159043,467.4251889922697,424.0199486412508,467.4251889922697,380.6147082902319,86.81048070203781,2.8812061281419057,69.27626150027149,14.5,91.0,34.0,31.6,14.288235294117648,420.0,True,True,2400.0,8.0,625.0,0.2913482685717733,76.66666666666667,0.2913482685717733,0.174808961143064,0.11653930742870933,True,False,False,True,python_mission_generator,csv_authoritative,validated_csv,explicit_input,calibrated_csv,python_generated_isa_plus_offset
ENG_0001,626.0,temp_mission_001,NORMAL,CRUISE,42,stage5_mission_generator,5000.0,1524.0,5.1,843.0710955607474,70.0,4600.0,22.828410001809857,47.39027340934568,7.6948616841335085,0.564812525081237,282.11639221846826,64.25425684872476,380.6147082902319,409.5515351909111,438.48836209159043,467.4251889922697,424.0199486412508,467.4251889922697,380.6147082902319,86.81048070203781,2.8812061281419057,69.27626150027149,14.5,91.0,34.0,31.6,14.288235294117648,420.0,True,True,2400.0,8.0,626.0,0.2913482685717733,76.66666666666667,0.2913482685717733,0.174808961143064,0.11653930742870933,True,False,False,True,python_mission_generator,csv_authoritative,validated_csv,explicit_input,calibrated_csv,python_generated_isa_plus_offset
ENG_0001,627.0,temp_mission_001,NORMAL,CRUISE,42,stage5_mission_generator,5000.0,1524.0,5.1,843.0710955607474,70.0,4600.0,22.828410001809857,47.39027340934568,7.6948616841335085,0.564812525081237,282.11639221846826,64.25425684872476,380.6147082902319,409.5515351909111,438.48836209159043,467.4251889922697,424.0199486412508,467.4251889922697,380.6147082902319,86.81048070203781,2.8812061281419057,69.27626150027149,14.5,91.0,34.0,31.6,14.288235294117648,420.0,True,True,2400.0,8.0,627.0,0.2913482685717733,76.66666666666667,0.2913482685717733,0.174808961143064,0.11653930742870933,True,False,False,True,python_mission_generator,csv_authoritative,validated_csv,explicit_input,calibrated_csv,python_generated_isa_plus_offset
ENG_0001,628.0,temp_mission_001,NORMAL,CRUISE,42,stage5_mission_generator,5000.0,1524.0,5.1,843.0710955607474,70.0,4600.0,22.828410001809857,47.39027340934568,7.6948616841335085,0.564812525081237,282.11639221846826,64.25425684872476,380.6147082902319,409.5515351909111,438.48836209159043,467.4251889922697,424.0199486412508,467.4251889922697,380.6147082902319,86.81048070203781,2.8812061281419057,69.27626150027149,14.5,91.0,34.0,31.6,14.288235294117648,420.0,True,True,2400.0,8.0,628.0,0.2913482685717733,76.66666666666667,0.2913482685717733,0.174808961143064,0.11653930742870933,True,False,False,True,python_mission_generator,csv_authoritative,validated_csv,explicit_input,calibrated_csv,python_generated_isa_plus_offset
ENG_0001,629.0,temp_mission_001,NORMAL,CRUISE,42,stage5_mission_generator,5000.0,1524.0,5.1,843.0710955607474,70.0,4600.0,22.828410001809857,47.39027340934568,7.6948616841335085,0.564812525081237,282.11639221846826,64.25425684872476,380.6147082902319,409.5515351909111,438.48836209159043,467.4251889922697,424.0199486412508,467.4251889922697,380.6147082902319,86.81048070203781,2.8812061281419057,69.27626150027149,14.5,91.0,34.0,31.6,14.288235294117648,420.0,True,True,2400.0,8.0,629.0,0.2913482685717733,76.66666666666667,0.2913482685717733,0.174808961143064,0.11653930742870933,True,False,False,True,python_mission_generator,csv_authoritative,validated_csv,explicit_input,calibrated_csv,python_generated_isa_plus_offset
ENG_0001,630.0,temp_mission_001,NORMAL,CRUISE,42,stage5_mission_generator,5000.0,1524.0,5.1,843.0710955607474,70.0,4600.0,22.828410001809857,47.39027340934568,7.6948616841335085,0.564812525081237,282.11639221846826,64.25425684872476,380.6147082902319,409.5515351909111,438.48836209159043,467.4251889922697,424.0199486412508,467.4251889922697,380.6147082902319,86.81048070203781,2.8812061281419057,69.27626150027149,14.5,91.0,34.0,31.6,14.288235294117648,420.0,True,True,2400.0,8.0,630.0,0.2913482685717733,76.66666666666667,0.2913482685717733,0.174808961143064,0.11653930742870933,True,False,False,True,python_mission_generator,csv_authoritative,validated_csv,explicit_input,calibrated_csv,python_generated_isa_plus_offset
ENG_0001,631.0,temp_mission_001,NORMAL,CRUISE,42,stage5_mission_generator,5000.0,1524.0,5.1,843.0710955607474,70.0,4600.0,22.828410001809857,47.39027340934568,7.6948616841335085,0.564812525081237,282.11639221846826,64.25425684872476,380.6147082902319,409.5515351909111,438.48836209159043,467.4251889922697,424.0199486412508,467.4251889922697,380.6147082902319,86.81048070203781,2.8812061281419057,69.27626150027149,14.5,91.0,34.0,31.6,14.288235294117648,420.0,True,True,2400.0,8.0,631.0,0.2913482685717733,76.66666666666667,0.2913482685717733,0.174808961143064,0.11653930742870933,True,False,False,True,python_mission_generator,csv_authoritative,validated_csv,explicit_input,calibrated_csv,python_generated_isa_plus_offset
ENG_0001,632.0,temp_mission_001,NORMAL,CRUISE,42,stage5_mission_generator,5000.0,1524.0,5.1,843.0710955607474,70.0,4600.0,22.828410001809857,47.39027340934568,7.6948616841335085,0.564812525081237,282.11639221846826,64.25425684872476,380.6147082902319,409.5515351909111,438.48836209159043,467.4251889922697,424.0199486412508,467.4251889922697,380.6147082902319,86.81048070203781,2.8812061281419057,69.27626150027149,14.5,91.0,34.0,31.6,14.288235294117648,420.0,True,True,2400.0,8.0,632.0,0.2913482685717733,76.66666666666667,0.2913482685717733,0.174808961143064,0.11653930742870933,True,False,False,True,python_mission_generator,csv_authoritative,validated_csv,explicit_input,calibrated_csv,python_generated_isa_plus_offset
ENG_0001,633.0,temp_mission_001,NORMAL,CRUISE,42,stage5_mission_generator,5000.0,1524.0,5.1,843.0710955607474,70.0,4600.0,22.828410001809857,47.39027340934568,7.6948616841335085,0.564812525081237,282.11639221846826,64.25425684872476,380.6147082902319,409.5515351909111,438.48836209159043,467.4251889922697,424.0199486412508,467.4251889922697,380.6147082902319,86.81048070203781,2.8812061281419057,69.27626150027149,14.5,91.0,34.0,31.6,14.288235294117648,420.0,True,True,2400.0,8.0,633.0,0.2913482685717733,76.66666666666667,0.2913482685717733,0.174808961143064,0.11653930742870933,True,False,False,True,python_mission_generator,csv_authoritative,validated_csv,explicit_input,calibrated_csv,python_generated_isa_plus_offset
ENG_0001,634.0,temp_mission_001,NORMAL,CRUISE,42,stage5_mission_generator,5000.0,1524.0,5.1,843.0710955607474,70.0,4600.0,22.828410001809857,47.39027340934568,7.6948616841335085,0.564812525081237,282.11639221846826,64.25425684872476,380.6147082902319,409.5515351909111,438.48836209159043,467.4251889922697,424.0199486412508,467.4251889922697,380.6147082902319,86.81048070203781,2.8812061281419057,69.27626150027149,14.5,91.0,34.0,31.6,14.288235294117648,420.0,True,True,2400.0,8.0,634.0,0.2913482685717733,76.66666666666667,0.2913482685717733,0.174808961143064,0.11653930742870933,True,False,False,True,python_mission_generator,csv_authoritative,validated_csv,explicit_input,calibrated_csv,python_generated_isa_plus_offset
ENG_0001,635.0,temp_mission_001,NORMAL,CRUISE,42,stage5_mission_generator,5000.0,1524.0,5.1,843.0710955607474,70.0,4600.0,22.828410001809857,47.39027340934568,7.6948616841335085,0.564812525081237,282.11639221846826,64.25425684872476,380.6147082902319,409.5515351909111,438.48836209159043,467.4251889922697,424.0199486412508,467.4251889922697,380.6147082902319,86.81048070203781,2.8812061281419057,69.27626150027149,14.5,91.0,34.0,31.6,14.288235294117648,420.0,True,True,2400.0,8.0,635.0,0.2913482685717733,76.66666666666667,0.2913482685717733,0.174808961143064,0.11653930742870933,True,False,False,True,python_mission_generator,csv_authoritative,validated_csv,explicit_input,calibrated_csv,python_generated_isa_plus_offset
ENG_0001,636.0,temp_mission_001,NORMAL,CRUISE,42,stage5_mission_generator,5000.0,1524.0,5.1,843.0710955607474,70.0,4600.0,22.828410001809857,47.39027340934568,7.6948616841335085,0.564812525081237,282.11639221846826,64.25425684872476,380.6147082902319,409.5515351909111,438.48836209159043,467.4251889922697,424.0199486412508,467.4251889922697,380.6147082902319,86.81048070203781,2.8812061281419057,69.27626150027149,14.5,91.0,34.0,31.6,14.288235294117648,420.0,True,True,2400.0,8.0,636.0,0.2913482685717733,76.66666666666667,0.2913482685717733,0.174808961143064,0.11653930742870933,True,False,False,True,python_mission_generator,csv_authoritative,validated_csv,explicit_input,calibrated_csv,python_generated_isa_plus_offset
ENG_0001,637.0,temp_mission_001,NORMAL,CRUISE,42,stage5_mission_generator,5000.0,1524.0,5.1,843.0710955607474,70.0,4600.0,22.828410001809857,47.39027340934568,7.6948616841335085,0.564812525081237,282.11639221846826,64.25425684872476,380.6147082902319,409.5515351909111,438.48836209159043,467.4251889922697,424.0199486412508,467.4251889922697,380.6147082902319,86.81048070203781,2.8812061281419057,69.27626150027149,14.5,91.0,34.0,31.6,14.288235294117648,420.0,True,True,2400.0,8.0,637.0,0.2913482685717733,76.66666666666667,0.2913482685717733,0.174808961143064,0.11653930742870933,True,False,False,True,python_mission_generator,csv_authoritative,validated_csv,explicit_input,calibrated_csv,python_generated_isa_plus_offset
ENG_0001,638.0,temp_mission_001,NORMAL,CRUISE,42,stage5_mission_generator,5000.0,1524.0,5.1,843.0710955607474,70.0,4600.0,22.828410001809857,47.39027340934568,7.6948616841335085,0.564812525081237,282.11639221846826,64.25425684872476,380.6147082902319,409.5515351909111,438.48836209159043,467.4251889922697,424.0199486412508,467.4251889922697,380.6147082902319,86.81048070203781,2.8812061281419057,69.27626150027149,14.5,91.0,34.0,31.6,14.288235294117648,420.0,True,True,2400.0,8.0,638.0,0.2913482685717733,76.66666666666667,0.2913482685717733,0.174808961143064,0.11653930742870933,True,False,False,True,python_mission_generator,csv_authoritative,validated_csv,explicit_input,calibrated_csv,python_generated_isa_plus_offset
ENG_0001,639.0,temp_mission_001,NORMAL,CRUISE,42,stage5_mission_generator,5000.0,1524.0,5.1,843.0710955607474,70.0,4600.0,22.828410001809857,47.39027340934568,7.6948616841335085,0.564812525081237,282.11639221846826,64.25425684872476,380.6147082902319,409.5515351909111,438.48836209159043,467.4251889922697,424.0199486412508,467.4251889922697,380.6147082902319,86.81048070203781,2.8812061281419057,69.27626150027149,14.5,91.0,34.0,31.6,14.288235294117648,420.0,True,True,2400.0,8.0,639.0,0.2913482685717733,76.66666666666667,0.2913482685717733,0.174808961143064,0.11653930742870933,True,False,False,True,python_mission_generator,csv_authoritative,validated_csv,explicit_input,calibrated_csv,python_generated_isa_plus_offset
ENG_0001,640.0,temp_mission_001,NORMAL,CRUISE,42,stage5_mission_generator,5000.0,1524.0,5.1,843.0710955607474,70.0,4600.0,22.828410001809857,47.39027340934568,7.6948616841335085,0.564812525081237,282.11639221846826,64.25425684872476,380.6147082902319,409.5515351909111,438.48836209159043,467.4251889922697,424.0199486412508,467.4251889922697,380.6147082902319,86.81048070203781,2.8812061281419057,69.27626150027149,14.5,91.0,34.0,31.6,14.288235294117648,420.0,True,True,2400.0,8.0,640.0,0.2913482685717733,76.66666666666667,0.2913482685717733,0.174808961143064,0.11653930742870933,True,False,False,True,python_mission_generator,csv_authoritative,validated_csv,explicit_input,calibrated_csv,python_generated_isa_plus_offset
ENG_0001,641.0,temp_mission_001,NORMAL,CRUISE,42,stage5_mission_generator,5000.0,1524.0,5.1,843.0710955607474,70.0,4600.0,22.828410001809857,47.39027340934568,7.6948616841335085,0.564812525081237,282.11639221846826,64.25425684872476,380.6147082902319,409.5515351909111,438.48836209159043,467.4251889922697,424.0199486412508,467.4251889922697,380.6147082902319,86.81048070203781,2.8812061281419057,69.27626150027149,14.5,91.0,34.0,31.6,14.288235294117648,420.0,True,True,2400.0,8.0,641.0,0.2913482685717733,76.66666666666667,0.2913482685717733,0.174808961143064,0.11653930742870933,True,False,False,True,python_mission_generator,csv_authoritative,validated_csv,explicit_input,calibrated_csv,python_generated_isa_plus_offset
ENG_0001,642.0,temp_mission_001,NORMAL,CRUISE,42,stage5_mission_generator,5000.0,1524.0,5.1,843.0710955607474,70.0,4600.0,22.828410001809857,47.39027340934568,7.6948616841335085,0.564812525081237,282.11639221846826,64.25425684872476,380.6147082902319,409.5515351909111,438.48836209159043,467.4251889922697,424.0199486412508,467.4251889922697,380.6147082902319,86.81048070203781,2.8812061281419057,69.27626150027149,14.5,91.0,34.0,31.6,14.288235294117648,420.0,True,True,2400.0,8.0,642.0,0.2913482685717733,76.66666666666667,0.2913482685717733,0.174808961143064,0.11653930742870933,True,False,False,True,python_mission_generator,csv_authoritative,validated_csv,explicit_input,calibrated_csv,python_generated_isa_plus_offset
ENG_0001,643.0,temp_mission_001,NORMAL,CRUISE,42,stage5_mission_generator,5000.0,1524.0,5.1,843.0710955607474,70.0,4600.0,22.828410001809857,47.39027340934568,7.6948616841335085,0.564812525081237,282.11639221846826,64.25425684872476,380.6147082902319,409.5515351909111,438.48836209159043,467.4251889922697,424.0199486412508,467.4251889922697,380.6147082902319,86.81048070203781,2.8812061281419057,69.27626150027149,14.5,91.0,34.0,31.6,14.288235294117648,420.0,True,True,2400.0,8.0,643.0,0.2913482685717733,76.66666666666667,0.2913482685717733,0.174808961143064,0.11653930742870933,True,False,False,True,python_mission_generator,csv_authoritative,validated_csv,explicit_input,calibrated_csv,python_generated_isa_plus_offset
ENG_0001,644.0,temp_mission_001,NORMAL,CRUISE,42,stage5_mission_generator,5000.0,1524.0,5.1,843.0710955607474,70.0,4600.0,22.828410001809857,47.39027340934568,7.6948616841335085,0.564812525081237,282.11639221846826,64.25425684872476,380.6147082902319,409.5515351909111,438.48836209159043,467.4251889922697,424.0199486412508,467.4251889922697,380.6147082902319,86.81048070203781,2.8812061281419057,69.27626150027149,14.5,91.0,34.0,31.6,14.288235294117648,420.0,True,True,2400.0,8.0,644.0,0.2913482685717733,76.66666666666667,0.2913482685717733,0.174808961143064,0.11653930742870933,True,False,False,True,python_mission_generator,csv_authoritative,validated_csv,explicit_input,calibrated_csv,python_generated_isa_plus_offset
ENG_0001,645.0,temp_mission_001,NORMAL,CRUISE,42,stage5_mission_generator,5000.0,1524.0,5.1,843.0710955607474,70.0,4600.0,22.828410001809857,47.39027340934568,7.6948616841335085,0.564812525081237,282.11639221846826,64.25425684872476,380.6147082902319,409.5515351909111,438.48836209159043,467.4251889922697,424.0199486412508,467.4251889922697,380.6147082902319,86.81048070203781,2.8812061281419057,69.27626150027149,14.5,91.0,34.0,31.6,14.288235294117648,420.0,True,True,2400.0,8.0,645.0,0.2913482685717733,76.66666666666667,0.2913482685717733,0.174808961143064,0.11653930742870933,True,False,False,True,python_mission_generator,csv_authoritative,validated_csv,explicit_input,calibrated_csv,python_generated_isa_plus_offset
ENG_0001,646.0,temp_mission_001,NORMAL,CRUISE,42,stage5_mission_generator,5000.0,1524.0,5.1,843.0710955607474,70.0,4600.0,22.828410001809857,47.39027340934568,7.6948616841335085,0.564812525081237,282.11639221846826,64.25425684872476,380.6147082902319,409.5515351909111,438.48836209159043,467.4251889922697,424.0199486412508,467.4251889922697,380.6147082902319,86.81048070203781,2.8812061281419057,69.27626150027149,14.5,91.0,34.0,31.6,14.288235294117648,420.0,True,True,2400.0,8.0,646.0,0.2913482685717733,76.66666666666667,0.2913482685717733,0.174808961143064,0.11653930742870933,True,False,False,True,python_mission_generator,csv_authoritative,validated_csv,explicit_input,calibrated_csv,python_generated_isa_plus_offset
ENG_0001,647.0,temp_mission_001,NORMAL,CRUISE,42,stage5_mission_generator,5000.0,1524.0,5.1,843.0710955607474,70.0,4600.0,22.828410001809857,47.39027340934568,7.6948616841335085,0.564812525081237,282.11639221846826,64.25425684872476,380.6147082902319,409.5515351909111,438.48836209159043,467.4251889922697,424.0199486412508,467.4251889922697,380.6147082902319,86.81048070203781,2.8812061281419057,69.27626150027149,14.5,91.0,34.0,31.6,14.288235294117648,420.0,True,True,2400.0,8.0,647.0,0.2913482685717733,76.66666666666667,0.2913482685717733,0.174808961143064,0.11653930742870933,True,False,False,True,python_mission_generator,csv_authoritative,validated_csv,explicit_input,calibrated_csv,python_generated_isa_plus_offset
ENG_0001,648.0,temp_mission_001,NORMAL,CRUISE,42,stage5_mission_generator,5000.0,1524.0,5.1,843.0710955607474,70.0,4600.0,22.828410001809857,47.39027340934568,7.6948616841335085,0.564812525081237,282.11639221846826,64.25425684872476,380.6147082902319,409.5515351909111,438.48836209159043,467.4251889922697,424.0199486412508,467.4251889922697,380.6147082902319,86.81048070203781,2.8812061281419057,69.27626150027149,14.5,91.0,34.0,31.6,14.288235294117648,420.0,True,True,2400.0,8.0,648.0,0.2913482685717733,76.66666666666667,0.2913482685717733,0.174808961143064,0.11653930742870933,True,False,False,True,python_mission_generator,csv_authoritative,validated_csv,explicit_input,calibrated_csv,python_generated_isa_plus_offset
ENG_0001,649.0,temp_mission_001,NORMAL,CRUISE,42,stage5_mission_generator,5000.0,1524.0,5.1,843.0710955607474,70.0,4600.0,22.828410001809857,47.39027340934568,7.6948616841335085,0.564812525081237,282.11639221846826,64.25425684872476,380.6147082902319,409.5515351909111,438.48836209159043,467.4251889922697,424.0199486412508,467.4251889922697,380.6147082902319,86.81048070203781,2.8812061281419057,69.27626150027149,14.5,91.0,34.0,31.6,14.288235294117648,420.0,True,True,2400.0,8.0,649.0,0.2913482685717733,76.66666666666667,0.2913482685717733,0.174808961143064,0.11653930742870933,True,False,False,True,python_mission_generator,csv_authoritative,validated_csv,explicit_input,calibrated_csv,python_generated_isa_plus_offset
ENG_0001,650.0,temp_mission_001,NORMAL,CRUISE,42,stage5_mission_generator,5000.0,1524.0,5.1,843.0710955607474,70.0,4600.0,22.828410001809857,47.39027340934568,7.6948616841335085,0.564812525081237,282.11639221846826,64.25425684872476,380.6147082902319,409.5515351909111,438.48836209159043,467.4251889922697,424.0199486412508,467.4251889922697,380.6147082902319,86.81048070203781,2.8812061281419057,69.27626150027149,14.5,91.0,34.0,31.6,14.288235294117648,420.0,True,True,2400.0,8.0,650.0,0.2913482685717733,76.66666666666667,0.2913482685717733,0.174808961143064,0.11653930742870933,True,False,False,True,python_mission_generator,csv_authoritative,validated_csv,explicit_input,calibrated_csv,python_generated_isa_plus_offset
ENG_0001,651.0,temp_mission_001,NORMAL,CRUISE,42,stage5_mission_generator,5000.0,1524.0,5.1,843.0710955607474,70.0,4600.0,22.828410001809857,47.39027340934568,7.6948616841335085,0.564812525081237,282.11639221846826,64.25425684872476,380.6147082902319,409.5515351909111,438.48836209159043,467.4251889922697,424.0199486412508,467.4251889922697,380.6147082902319,86.81048070203781,2.8812061281419057,69.27626150027149,14.5,91.0,34.0,31.6,14.288235294117648,420.0,True,True,2400.0,8.0,651.0,0.2913482685717733,76.66666666666667,0.2913482685717733,0.174808961143064,0.11653930742870933,True,False,False,True,python_mission_generator,csv_authoritative,validated_csv,explicit_input,calibrated_csv,python_generated_isa_plus_offset
ENG_0001,652.0,temp_mission_001,NORMAL,CRUISE,42,stage5_mission_generator,5000.0,1524.0,5.1,843.0710955607474,70.0,4600.0,22.828410001809857,47.39027340934568,7.6948616841335085,0.564812525081237,282.11639221846826,64.25425684872476,380.6147082902319,409.5515351909111,438.48836209159043,467.4251889922697,424.0199486412508,467.4251889922697,380.6147082902319,86.81048070203781,2.8812061281419057,69.27626150027149,14.5,91.0,34.0,31.6,14.288235294117648,420.0,True,True,2400.0,8.0,652.0,0.2913482685717733,76.66666666666667,0.2913482685717733,0.174808961143064,0.11653930742870933,True,False,False,True,python_mission_generator,csv_authoritative,validated_csv,explicit_input,calibrated_csv,python_generated_isa_plus_offset
ENG_0001,653.0,temp_mission_001,NORMAL,CRUISE,42,stage5_mission_generator,5000.0,1524.0,5.1,843.0710955607474,70.0,4600.0,22.828410001809857,47.39027340934568,7.6948616841335085,0.564812525081237,282.11639221846826,64.25425684872476,380.6147082902319,409.5515351909111,438.48836209159043,467.4251889922697,424.0199486412508,467.4251889922697,380.6147082902319,86.81048070203781,2.8812061281419057,69.27626150027149,14.5,91.0,34.0,31.6,14.288235294117648,420.0,True,True,2400.0,8.0,653.0,0.2913482685717733,76.66666666666667,0.2913482685717733,0.174808961143064,0.11653930742870933,True,False,False,True,python_mission_generator,csv_authoritative,validated_csv,explicit_input,calibrated_csv,python_generated_isa_plus_offset
ENG_0001,654.0,temp_mission_001,NORMAL,CRUISE,42,stage5_mission_generator,5000.0,1524.0,5.1,843.0710955607474,70.0,4600.0,22.828410001809857,47.39027340934568,7.6948616841335085,0.564812525081237,282.11639221846826,64.25425684872476,380.6147082902319,409.5515351909111,438.48836209159043,467.4251889922697,424.0199486412508,467.4251889922697,380.6147082902319,86.81048070203781,2.8812061281419057,69.27626150027149,14.5,91.0,34.0,31.6,14.288235294117648,420.0,True,True,2400.0,8.0,654.0,0.2913482685717733,76.66666666666667,0.2913482685717733,0.174808961143064,0.11653930742870933,True,False,False,True,python_mission_generator,csv_authoritative,validated_csv,explicit_input,calibrated_csv,python_generated_isa_plus_offset
ENG_0001,655.0,temp_mission_001,NORMAL,CRUISE,42,stage5_mission_generator,5000.0,1524.0,5.1,843.0710955607474,70.0,4600.0,22.828410001809857,47.39027340934568,7.6948616841335085,0.564812525081237,282.11639221846826,64.25425684872476,380.6147082902319,409.5515351909111,438.48836209159043,467.4251889922697,424.0199486412508,467.4251889922697,380.6147082902319,86.81048070203781,2.8812061281419057,69.27626150027149,14.5,91.0,34.0,31.6,14.288235294117648,420.0,True,True,2400.0,8.0,655.0,0.2913482685717733,76.66666666666667,0.2913482685717733,0.174808961143064,0.11653930742870933,True,False,False,True,python_mission_generator,csv_authoritative,validated_csv,explicit_input,calibrated_csv,python_generated_isa_plus_offset
ENG_0001,656.0,temp_mission_001,NORMAL,CRUISE,42,stage5_mission_generator,5000.0,1524.0,5.1,843.0710955607474,70.0,4600.0,22.828410001809857,47.39027340934568,7.6948616841335085,0.564812525081237,282.11639221846826,64.25425684872476,380.6147082902319,409.5515351909111,438.48836209159043,467.4251889922697,424.0199486412508,467.4251889922697,380.6147082902319,86.81048070203781,2.8812061281419057,69.27626150027149,14.5,91.0,34.0,31.6,14.288235294117648,420.0,True,True,2400.0,8.0,656.0,0.2913482685717733,76.66666666666667,0.2913482685717733,0.174808961143064,0.11653930742870933,True,False,False,True,python_mission_generator,csv_authoritative,validated_csv,explicit_input,calibrated_csv,python_generated_isa_plus_offset
ENG_0001,657.0,temp_mission_001,NORMAL,CRUISE,42,stage5_mission_generator,5000.0,1524.0,5.1,843.0710955607474,70.0,4600.0,22.828410001809857,47.39027340934568,7.6948616841335085,0.564812525081237,282.11639221846826,64.25425684872476,380.6147082902319,409.5515351909111,438.48836209159043,467.4251889922697,424.0199486412508,467.4251889922697,380.6147082902319,86.81048070203781,2.8812061281419057,69.27626150027149,14.5,91.0,34.0,31.6,14.288235294117648,420.0,True,True,2400.0,8.0,657.0,0.2913482685717733,76.66666666666667,0.2913482685717733,0.174808961143064,0.11653930742870933,True,False,False,True,python_mission_generator,csv_authoritative,validated_csv,explicit_input,calibrated_csv,python_generated_isa_plus_offset
ENG_0001,658.0,temp_mission_001,NORMAL,CRUISE,42,stage5_mission_generator,5000.0,1524.0,5.1,843.0710955607474,70.0,4600.0,22.828410001809857,47.39027340934568,7.6948616841335085,0.564812525081237,282.11639221846826,64.25425684872476,380.6147082902319,409.5515351909111,438.48836209159043,467.4251889922697,424.0199486412508,467.4251889922697,380.6147082902319,86.81048070203781,2.8812061281419057,69.27626150027149,14.5,91.0,34.0,31.6,14.288235294117648,420.0,True,True,2400.0,8.0,658.0,0.2913482685717733,76.66666666666667,0.2913482685717733,0.174808961143064,0.11653930742870933,True,False,False,True,python_mission_generator,csv_authoritative,validated_csv,explicit_input,calibrated_csv,python_generated_isa_plus_offset
ENG_0001,659.0,temp_mission_001,NORMAL,CRUISE,42,stage5_mission_generator,5000.0,1524.0,5.1,843.0710955607474,70.0,4600.0,22.828410001809857,47.39027340934568,7.6948616841335085,0.564812525081237,282.11639221846826,64.25425684872476,380.6147082902319,409.5515351909111,438.48836209159043,467.4251889922697,424.0199486412508,467.4251889922697,380.6147082902319,86.81048070203781,2.8812061281419057,69.27626150027149,14.5,91.0,34.0,31.6,14.288235294117648,420.0,True,True,2400.0,8.0,659.0,0.2913482685717733,76.66666666666667,0.2913482685717733,0.174808961143064,0.11653930742870933,True,False,False,True,python_mission_generator,csv_authoritative,validated_csv,explicit_input,calibrated_csv,python_generated_isa_plus_offset
ENG_0001,660.0,temp_mission_001,NORMAL,CRUISE,42,stage5_mission_generator,5000.0,1524.0,5.1,843.0710955607474,70.0,4600.0,22.828410001809857,47.39027340934568,7.6948616841335085,0.564812525081237,282.11639221846826,64.25425684872476,380.6147082902319,409.5515351909111,438.48836209159043,467.4251889922697,424.0199486412508,467.4251889922697,380.6147082902319,86.81048070203781,2.8812061281419057,69.27626150027149,14.5,91.0,34.0,31.6,14.288235294117648,420.0,True,True,2400.0,8.0,660.0,0.2913482685717733,76.66666666666667,0.2913482685717733,0.174808961143064,0.11653930742870933,True,False,False,True,python_mission_generator,csv_authoritative,validated_csv,explicit_input,calibrated_csv,python_generated_isa_plus_offset
ENG_0001,661.0,temp_mission_001,NORMAL,CRUISE,42,stage5_mission_generator,5000.0,1524.0,5.1,843.0710955607474,70.0,4600.0,22.828410001809857,47.39027340934568,7.6948616841335085,0.564812525081237,282.11639221846826,64.25425684872476,380.6147082902319,409.5515351909111,438.48836209159043,467.4251889922697,424.0199486412508,467.4251889922697,380.6147082902319,86.81048070203781,2.8812061281419057,69.27626150027149,14.5,91.0,34.0,31.6,14.288235294117648,420.0,True,True,2400.0,8.0,661.0,0.2913482685717733,76.66666666666667,0.2913482685717733,0.174808961143064,0.11653930742870933,True,False,False,True,python_mission_generator,csv_authoritative,validated_csv,explicit_input,calibrated_csv,python_generated_isa_plus_offset
ENG_0001,662.0,temp_mission_001,NORMAL,CRUISE,42,stage5_mission_generator,5000.0,1524.0,5.1,843.0710955607474,70.0,4600.0,22.828410001809857,47.39027340934568,7.6948616841335085,0.564812525081237,282.11639221846826,64.25425684872476,380.6147082902319,409.5515351909111,438.48836209159043,467.4251889922697,424.0199486412508,467.4251889922697,380.6147082902319,86.81048070203781,2.8812061281419057,69.27626150027149,14.5,91.0,34.0,31.6,14.288235294117648,420.0,True,True,2400.0,8.0,662.0,0.2913482685717733,76.66666666666667,0.2913482685717733,0.174808961143064,0.11653930742870933,True,False,False,True,python_mission_generator,csv_authoritative,validated_csv,explicit_input,calibrated_csv,python_generated_isa_plus_offset
ENG_0001,663.0,temp_mission_001,NORMAL,CRUISE,42,stage5_mission_generator,5000.0,1524.0,5.1,843.0710955607474,70.0,4600.0,22.828410001809857,47.39027340934568,7.6948616841335085,0.564812525081237,282.11639221846826,64.25425684872476,380.6147082902319,409.5515351909111,438.48836209159043,467.4251889922697,424.0199486412508,467.4251889922697,380.6147082902319,86.81048070203781,2.8812061281419057,69.27626150027149,14.5,91.0,34.0,31.6,14.288235294117648,420.0,True,True,2400.0,8.0,663.0,0.2913482685717733,76.66666666666667,0.2913482685717733,0.174808961143064,0.11653930742870933,True,False,False,True,python_mission_generator,csv_authoritative,validated_csv,explicit_input,calibrated_csv,python_generated_isa_plus_offset
ENG_0001,664.0,temp_mission_001,NORMAL,CRUISE,42,stage5_mission_generator,5000.0,1524.0,5.1,843.0710955607474,70.0,4600.0,22.828410001809857,47.39027340934568,7.6948616841335085,0.564812525081237,282.11639221846826,64.25425684872476,380.6147082902319,409.5515351909111,438.48836209159043,467.4251889922697,424.0199486412508,467.4251889922697,380.6147082902319,86.81048070203781,2.8812061281419057,69.27626150027149,14.5,91.0,34.0,31.6,14.288235294117648,420.0,True,True,2400.0,8.0,664.0,0.2913482685717733,76.66666666666667,0.2913482685717733,0.174808961143064,0.11653930742870933,True,False,False,True,python_mission_generator,csv_authoritative,validated_csv,explicit_input,calibrated_csv,python_generated_isa_plus_offset
ENG_0001,665.0,temp_mission_001,NORMAL,CRUISE,42,stage5_mission_generator,5000.0,1524.0,5.1,843.0710955607474,70.0,4600.0,22.828410001809857,47.39027340934568,7.6948616841335085,0.564812525081237,282.11639221846826,64.25425684872476,380.6147082902319,409.5515351909111,438.48836209159043,467.4251889922697,424.0199486412508,467.4251889922697,380.6147082902319,86.81048070203781,2.8812061281419057,69.27626150027149,14.5,91.0,34.0,31.6,14.288235294117648,420.0,True,True,2400.0,8.0,665.0,0.2913482685717733,76.66666666666667,0.2913482685717733,0.174808961143064,0.11653930742870933,True,False,False,True,python_mission_generator,csv_authoritative,validated_csv,explicit_input,calibrated_csv,python_generated_isa_plus_offset
ENG_0001,666.0,temp_mission_001,NORMAL,CRUISE,42,stage5_mission_generator,5000.0,1524.0,5.1,843.0710955607474,70.0,4600.0,22.828410001809857,47.39027340934568,7.6948616841335085,0.564812525081237,282.11639221846826,64.25425684872476,380.6147082902319,409.5515351909111,438.48836209159043,467.4251889922697,424.0199486412508,467.4251889922697,380.6147082902319,86.81048070203781,2.8812061281419057,69.27626150027149,14.5,91.0,34.0,31.6,14.288235294117648,420.0,True,True,2400.0,8.0,666.0,0.2913482685717733,76.66666666666667,0.2913482685717733,0.174808961143064,0.11653930742870933,True,False,False,True,python_mission_generator,csv_authoritative,validated_csv,explicit_input,calibrated_csv,python_generated_isa_plus_offset
ENG_0001,667.0,temp_mission_001,NORMAL,CRUISE,42,stage5_mission_generator,5000.0,1524.0,5.1,843.0710955607474,70.0,4600.0,22.828410001809857,47.39027340934568,7.6948616841335085,0.564812525081237,282.11639221846826,64.25425684872476,380.6147082902319,409.5515351909111,438.48836209159043,467.4251889922697,424.0199486412508,467.4251889922697,380.6147082902319,86.81048070203781,2.8812061281419057,69.27626150027149,14.5,91.0,34.0,31.6,14.288235294117648,420.0,True,True,2400.0,8.0,667.0,0.2913482685717733,76.66666666666667,0.2913482685717733,0.174808961143064,0.11653930742870933,True,False,False,True,python_mission_generator,csv_authoritative,validated_csv,explicit_input,calibrated_csv,python_generated_isa_plus_offset
ENG_0001,668.0,temp_mission_001,NORMAL,CRUISE,42,stage5_mission_generator,5000.0,1524.0,5.1,843.0710955607474,70.0,4600.0,22.828410001809857,47.39027340934568,7.6948616841335085,0.564812525081237,282.11639221846826,64.25425684872476,380.6147082902319,409.5515351909111,438.48836209159043,467.4251889922697,424.0199486412508,467.4251889922697,380.6147082902319,86.81048070203781,2.8812061281419057,69.27626150027149,14.5,91.0,34.0,31.6,14.288235294117648,420.0,True,True,2400.0,8.0,668.0,0.2913482685717733,76.66666666666667,0.2913482685717733,0.174808961143064,0.11653930742870933,True,False,False,True,python_mission_generator,csv_authoritative,validated_csv,explicit_input,calibrated_csv,python_generated_isa_plus_offset
ENG_0001,669.0,temp_mission_001,NORMAL,DESCENT,42,stage5_mission_generator,4999.999999889758,1523.9999999663985,5.100000000218278,843.0710955642255,69.99999999970235,4599.9999999647225,22.828410001756776,47.390273409598926,7.694861684100997,0.5648125250838764,282.11639221867404,64.25425684871281,380.61470828950326,409.55153519017654,438.4883620908498,467.4251889915231,424.0199486405132,467.4251889915231,380.61470828950326,86.81048070201985,2.8812061281228805,69.2762615002293,14.5,91.0,33.99999999964722,31.599999999611946,14.288235294111422,420.0,True,True,2400.0,8.0,669.0,0.2913482685701757,76.66666666607871,0.2913482685701757,0.17480896114210542,0.11653930742807028,True,False,False,True,python_mission_generator,csv_authoritative,validated_csv,explicit_input,calibrated_csv,python_generated_isa_plus_offset
ENG_0001,670.0,temp_mission_001,NORMAL,DESCENT,42,stage5_mission_generator,4999.997793272193,1523.9993273893645,5.1000043693210575,843.0711651857558,69.99999404183492,4599.999293847101,22.828408939235764,47.39027847846467,7.6948610333299765,0.5648125779148835,282.1163963377852,64.25425660925728,380.6146937057744,409.55152048665445,438.48834726753455,467.4251740484146,424.0199338770945,467.4251740484146,380.6146937057744,86.81048034264018,2.8812057473204487,69.27626065591704,14.5,91.0,33.99999293847101,31.599992232318115,14.28823516950243,420.0,True,True,2400.0,8.0,670.0,0.2913482365924978,76.66665489745169,0.2913482365924978,0.17480894195549868,0.11653929463699914,True,False,False,True,python_mission_generator,csv_authoritative,validated_csv,explicit_input,calibrated_csv,python_generated_isa_plus_offset
ENG_0001,671.0,temp_mission_001,NORMAL,DESCENT,42,stage5_mission_generator,4999.983387510416,1523.994936513175,5.100032892729375,843.0716197055818,69.99995514627813,4599.9946840033335,22.828402002635226,47.39031157026902,7.694856784812958,0.5648129228187369,282.116423229139,64.25425504598729,380.6145984968321,409.55142449564977,438.4882504944674,467.4250764932851,424.0198374950586,467.4250764932851,380.6145984968321,86.81047799645296,2.881203261276105,69.27625514387853,14.5,91.0,33.99994684003334,31.59994152403667,14.288234356000588,420.0,True,True,2400.0,8.0,671.0,0.291348027828271,76.66657806672222,0.291348027828271,0.1748088166969626,0.11653921113130841,True,False,False,True,python_mission_generator,csv_authoritative,validated_csv,explicit_input,calibrated_csv,python_generated_isa_plus_offset
ENG_0001,672.0,temp_mission_001,NORMAL,DESCENT,42,stage5_mission_generator,4999.945258755423,1523.983314868653,5.100108387664262,843.072822716512,69.99985219863964,4599.982482801735,22.828383643040894,47.39039915702295,7.694845539960585,0.5648138357003135,282.1164944043992,64.25425090836936,380.61434650054827,409.5511704294257,438.48799435830324,467.4248182871807,424.0195823938645,467.4248182871807,380.61434650054827,86.81047178663243,2.8811966812856014,69.27624055477382,14.5,91.0,33.99982482801735,31.599807310819088,14.288232202847365,420.0,True,True,2400.0,8.0,672.0,0.2913474752771335,76.66637471336226,0.2913474752771335,0.1748084851662801,0.1165389901108534,True,False,False,True,python_mission_generator,csv_authoritative,validated_csv,explicit_input,calibrated_csv,python_generated_isa_plus_offset
ENG_0001,673.0,temp_mission_001,NORMAL,DESCENT,42,stage5_mission_generator,4999.872123171859,1523.9610231427828,5.100253196119718,843.0751302414934,69.99965473256403,4599.959079414995,22.828348427108832,47.39056716035647,7.6948239709678266,0.5648155867180652,282.1166309271937,64.25424297191552,380.6138631410661,409.5506830995468,438.4875030580276,467.4243230165083,424.0190930787872,467.4243230165083,380.6138631410661,86.81045987544223,2.881184060064545,69.27621257109887,14.5,91.0,33.99959079414995,31.59954987356495,14.28822807283794,420.0,True,True,2400.0,8.0,673.0,0.2913464154169337,76.66598465691659,0.2913464154169337,0.1748078492501602,0.11653856616677348,True,False,False,True,python_mission_generator,csv_authoritative,validated_csv,explicit_input,calibrated_csv,python_generated_isa_plus_offset
ENG_0001,674.0,temp_mission_001,NORMAL,DESCENT,42,stage5_mission_generator,4999.752935278027,1523.9246946727426,5.100489188149508,843.0788907891055,69.99933292525067,4599.920939288969,22.82829103626612,47.39084095637216,7.694788820324407,0.5648184403237615,282.11685341621416,64.25423003800331,380.61307541782855,409.5498889058171,438.4867023938056,467.4235158817942,424.01829564981136,467.4235158817942,380.61307541782855,86.81044046396562,2.8811634914619315,69.27616696655022,14.5,91.0,33.99920939288969,31.599130332178657,14.288221342227466,420.0,True,True,2400.0,8.0,674.0,0.29134468817967335,76.66534898814947,0.29134468817967335,0.174806812907804,0.11653787527186935,True,False,False,True,python_mission_generator,csv_authoritative,validated_csv,explicit_input,calibrated_csv,python_generated_isa_plus_offset
ENG_0001,675.0,temp_mission_001,NORMAL,DESCENT,42,stage5_mission_generator,4999.576886285894,1523.8710349399405,5.10083776515393,843.0844454101093,69.99885759297192,4599.864603611486,22.8282062659116,47.39124538085746,7.694736900325257,0.5648226553022351,282.11718204831385,64.25421093369553,380.61191189460845,409.54871582522003,438.48551975583166,467.42232368644324,424.01711779052584,467.42232368644324,380.61191189460845,86.81041179183478,2.8811331101736704,69.27609960538989,14.5,91.0,33.99864603611486,31.598510639726346,14.288211400637321,420.0,True,True,2400.0,8.0,675.0,0.2913421369274524,76.66441006019143,0.2913421369274524,0.17480528215647145,0.11653685477098097,True,False,False,True,python_mission_generator,csv_authoritative,validated_csv,explicit_input,calibrated_csv,python_generated_isa_plus_offset
ENG_0001,676.0,temp_mission_001,NORMAL,DESCENT,42,stage5_mission_generator,4999.333402441104,1523.7968210640486,5.101319863166614,843.0921277550016,69.99820018659098,4599.786688781153,22.82808902461646,47.39180473482707,7.694665092580936,0.5648284848111232,282.1176365616069,64.25418451156013,380.61030268853636,409.5470934008565,438.4838841131766,467.42067482549675,424.01548875701656,467.42067482549675,380.61030268853636,86.81037213696038,2.8810910914561196,69.27600644181018,14.5,91.0,33.99786688781153,31.597653576592684,14.28819765096138,420.0,True,True,2400.0,8.0,676.0,0.2913386084284122,76.6631114796859,0.2913386084284122,0.17480316505704732,0.11653544337136489,True,False,False,True,python_mission_generator,csv_authoritative,validated_csv,explicit_input,calibrated_csv,python_generated_isa_plus_offset
ENG_0001,677.0,temp_mission_001,NORMAL,DESCENT,42,stage5_mission_generator,4999.012143362982,1523.698901297037,5.101955956141294,843.1022641324638,69.99733278708005,4599.683885876154,22.82793433332504,47.3925427903681,7.694570347528089,0.564836176420614,282.11823625856687,64.25414964949002,380.60817945913,409.5449527308839,438.48172600263774,467.41849927439165,424.0133393667608,467.41849927439165,380.60817945913,86.81031981526166,2.881035650839615,69.27588351929862,14.5,91.0,33.99683885876154,31.596522744637696,14.288179509272263,420.0,True,True,2400.0,8.0,677.0,0.2913339528326793,76.6613980979359,0.2913339528326793,0.17480037169960758,0.11653358113307173,True,False,False,True,python_mission_generator,csv_authoritative,validated_csv,explicit_input,calibrated_csv,python_generated_isa_plus_offset
ENG_0001,678.0,temp_mission_001,NORMAL,DESCENT,42,stage5_mission_generator,4998.603000384545,1523.5741945172094,5.102766059238601,843.1151735686318,69.99622810103827,4599.552960123055,22.827737324555404,47.393482796760544,7.694449683939869,0.5648459721531869,282.11900000912544,64.25410525052305,380.60547539732323,409.54222645745506,438.47897751758694,467.41572857771877,424.010601987521,467.41572857771877,380.60547539732323,86.81025318039553,2.8809650438419987,69.27572697000268,14.5,91.0,33.995529601230544,31.5950825613536,14.288156404727598,420.0,True,True,2400.0,8.0,678.0,0.2913280236483099,76.65921600205091,0.2913280236483099,0.17479681418898593,0.11653120945932396,True,False,False,True,python_mission_generator,csv_authoritative,validated_csv,explicit_input,calibrated_csv,python_generated_isa_plus_offset
ENG_0001,679.0,temp_mission_001,NORMAL,DESCENT,42,stage5_mission_generator,4998.096094892509,1523.4196897232368,5.103769732112832,843.1311678671177,69.99485945620978,4599.390750365603,22.82749324160015,47.3946474868486,7.694300188436389,0.5648581085233595,282.1199462537712,64.25405024266179,380.6021252144949,409.5388487556571,438.47557229681934,467.41229583798156,424.0072105262382,467.41229583798156,380.6021252144949,86.81017062348667,2.880877565682152,69.27553301409465,14.5,91.0,33.99390750365603,31.593298254021633,14.288127779476284,420.0,True,True,2400.0,8.0,679.0,0.29132067771723313,76.65651250609338,0.29132067771723313,0.17479240663033987,0.11652827108689326,True,False,False,True,python_mission_generator,csv_authoritative,validated_csv,explicit_input,calibrated_csv,python_generated_isa_plus_offset
ENG_0001,680.0,temp_mission_001,NORMAL,DESCENT,42,stage5_mission_generator,4997.481776667301,1523.2324455281935,5.104986082198742,843.1505516696938,69.99320079700172,4599.194168533537,22.827197437726955,47.39605908363685,7.69411901499515,0.5648728165774286,282.12109300664827,64.2539835786934,380.59806513149823,409.53475532245045,438.4714455134027,467.40813570435495,424.0031004179266,467.40813570435495,380.59806513149823,86.81007057285672,2.8807715509935257,69.27529795913658,14.5,91.0,33.99194168533537,31.591135853868906,14.288093088564741,420.0,True,True,2400.0,8.0,680.0,0.2913117751911953,76.65323614222561,0.2913117751911953,0.17478706511471717,0.11652471007647812,True,False,False,True,python_mission_generator,csv_authoritative,validated_csv,explicit_input,calibrated_csv,python_generated_isa_plus_offset
ENG_0001,681.0,temp_mission_001,NORMAL,DESCENT,42,stage5_mission_generator,4996.75062222306,1523.0095896535888,5.106433767998341,843.1736225175779,69.99122668000227,4598.96019911138,22.82684537537942,47.397739307089225,7.693903384461486,0.5648903219332158,282.1224578586551,64.25390423600949,380.59323286768887,409.5298833656071,438.4665338635253,467.4031843614435,423.9982086145662,467.4031843614435,380.59323286768887,86.80995149375462,2.880645373537667,69.27501819944494,14.5,91.0,33.989601991113794,31.588562190225176,14.288051799843185,420.0,True,True,2400.0,8.0,681.0,0.2913011795077034,76.64933665185633,0.2913011795077034,0.17478070770462203,0.11652047180308137,True,False,False,True,python_mission_generator,csv_authoritative,validated_csv,explicit_input,calibrated_csv,python_generated_isa_plus_offset
ENG_0001,682.0,temp_mission_001,NORMAL,DESCENT,42,stage5_mission_generator,4995.893433147654,1522.748318423405,5.108131002367644,843.200670913243,69.98891226949867,4598.685898607249,22.826432625377617,47.399709381106774,7.693650584059004,0.5649108448198096,282.12405798054317,64.253811216426,380.587567629955,409.52417159265013,438.46077555534526,467.3973795180404,423.9924735739977,467.3973795180404,380.587567629955,86.80981188808539,2.8804974459177553,69.27469021545568,14.5,91.0,33.98685898607249,31.58554488467974,14.288003393871868,420.0,True,True,2400.0,8.0,682.0,0.2912887573659696,76.64476497678749,0.2912887573659696,0.17477325441958175,0.11651550294638785,True,False,False,True,python_mission_generator,csv_authoritative,validated_csv,explicit_input,calibrated_csv,python_generated_isa_plus_offset
ENG_0001,683.0,temp_mission_001,NORMAL,DESCENT,42,stage5_mission_generator,4994.901234442682,1522.4458962581296,5.11009555580349,843.2319803826945,69.98623333299524,4598.368395021658,22.825954866118884,47.401990040663705,7.693357966900019,0.5649346001173106,282.1259101260157,64.25370354600308,380.5810101017454,409.5175601997923,438.4541102978391,467.390660395886,423.9858352488157,467.390660395886,380.5810101017454,86.80965029414062,2.8803262192921277,69.27431057308884,14.5,91.0,33.98368395021658,31.58205234523824,14.287947363827351,420.0,True,True,2400.0,8.0,683.0,0.29127437870285444,76.63947325036096,0.29127437870285444,0.17476462722171265,0.11650975148114179,True,False,False,True,python_mission_generator,csv_authoritative,validated_csv,explicit_input,calibrated_csv,python_generated_isa_plus_offset
ENG_0001,684.0,temp_mission_001,NORMAL,DESCENT,42,stage5_mission_generator,4993.765272863484,1522.09965516879,5.112344759730302,843.2678275381287,69.9831662367314,4598.004887316315,22.825407882778443,47.40460153908039,7.693022951495994,0.5649617973965735,282.12803063482653,64.25358027486492,380.573502432099,409.5099908608748,438.44647928965054,467.3829677184263,423.97823507526266,467.3829677184263,380.573502432099,86.80946528632728,2.880130183087814,69.27387592311361,14.5,91.0,33.98004887316315,31.578053760479467,14.287883215408762,420.0,True,True,2400.0,8.0,684.0,0.29125791666881107,76.63341478860525,0.29125791666881107,0.17475475000128662,0.11650316666752443,True,False,False,True,python_mission_generator,csv_authoritative,validated_csv,explicit_input,calibrated_csv,python_generated_isa_plus_offset
ENG_0001,685.0,temp_mission_001,NORMAL,DESCENT,42,stage5_mission_generator,4992.4770152591545,1521.7069942509904,5.114895509786873,843.308482140943,69.97968794119971,4597.59264488293,22.82478756651012,47.40756365541409,7.692643021267975,0.564992640958952,282.1304354358783,64.25344047701961,380.56498822467324,409.50140671630595,438.43782520793866,467.37424369957137,423.9696159621223,467.37424369957137,380.56498822467324,86.80925547489812,2.8799078647140623,69.27338300051296,14.5,91.0,33.9759264488293,31.573519093712225,14.287810466744046,420.0,True,True,2400.0,8.0,685.0,0.291239247603829,76.62654408138216,0.291239247603829,0.1747435485622974,0.11649569904153162,True,False,False,True,python_mission_generator,csv_authoritative,validated_csv,explicit_input,calibrated_csv,python_generated_isa_plus_offset
ENG_0001,686.0,temp_mission_001,NORMAL,DESCENT,42,stage5_mission_generator,4991.028146912542,1521.2653791789428,5.117764269113167,843.3542071650022,69.97577599666387,4597.129007012013,22.824089913647043,47.410895701948334,7.692215724057041,0.5650273298760421,282.1331400503221,64.25328325017901,380.55541252677403,409.491752362001,438.42809219722807,467.36443203245506,423.95992227961455,467.36443203245506,380.55541252677403,86.80901950568102,2.879657829275873,69.2728286238487,14.5,91.0,33.97129007012013,31.568419077132145,14.287728648296238,420.0,True,True,2400.0,8.0,686.0,0.2912182510133781,76.61881678353355,0.2912182510133781,0.17473095060802687,0.11648730040535125,True,False,False,True,python_mission_generator,csv_authoritative,validated_csv,explicit_input,calibrated_csv,python_generated_isa_plus_offset
ENG_0001,687.0,temp_mission_001,NORMAL,DESCENT,42,stage5_mission_generator,4989.410569880265,1520.7723416995048,5.120967071637075,843.4052588601359,69.97140853867671,4596.611382361684,22.823311024902257,47.41461653176311,7.691738671634724,0.5650660580294249,282.13615959465517,64.25310771557864,380.54472181838344,409.4809738383195,438.4172258582556,467.3534778781917,423.9490998482876,467.3534778781917,380.54472181838344,86.80875605980827,2.8793786792875284,69.27220969462617,14.5,91.0,33.966113823616844,31.562725205978527,14.28763730276971,420.0,True,True,2400.0,8.0,687.0,0.2911948095443524,76.61018970602807,0.2911948095443524,0.17471688572661143,0.11647792381774097,True,False,False,True,python_mission_generator,csv_authoritative,validated_csv,explicit_input,calibrated_csv,python_generated_isa_plus_offset
ENG_0001,688.0,temp_mission_001,NORMAL,DESCENT,42,stage5_mission_generator,4987.616401332716,1520.225479126212,5.124519525361222,843.461886815785,69.96656428359833,4596.037248426469,22.82244710456954,47.41874454636944,7.6912095392134745,0.5651090141504117,282.1395087838203,64.25291301779751,380.5328640011899,409.46901861900557,438.4051732368212,467.34132785463686,423.9370959279134,467.34132785463686,380.5328640011899,86.80846385344694,2.8790690543861213,69.2715231966591,14.5,91.0,33.96037248426469,31.556409732691158,14.287535985016437,420.0,True,True,2400.0,8.0,688.0,0.2911688089610139,76.60062080710782,0.2911688089610139,0.1747012853766083,0.11646752358440556,True,False,False,True,python_mission_generator,csv_authoritative,validated_csv,explicit_input,calibrated_csv,python_generated_isa_plus_offset
ENG_0001,689.0,temp_mission_001,NORMAL,DESCENT,42,stage5_mission_generator,4985.6379718940725,1519.6224538333133,5.128436815649737,843.5243340247698,69.96122252411399,4595.404151006103,22.821494459723983,47.423297703391285,7.690626064957071,0.5651563818597869,282.1432019343044,64.25269832457799,380.5197883876162,409.4558356001255,438.3918828126348,467.3279300251441,423.92385920638014,467.3279300251441,380.5197883876162,86.80814163752791,2.8787276310450887,69.27076619543452,14.5,91.0,33.95404151006103,31.549445661067136,14.287424261942254,420.0,True,True,2400.0,8.0,689.0,0.29114013812093636,76.59006918343506,0.29114013812093636,0.17468408287256182,0.11645605524837455,True,False,False,True,python_mission_generator,csv_authoritative,validated_csv,explicit_input,calibrated_csv,python_generated_isa_plus_offset
ENG_0001,690.0,temp_mission_001,NORMAL,DESCENT,42,stage5_mission_generator,4983.467823982303,1518.960992749806,5.13273370851504,843.5928369471051,69.95536312475222,4594.709703674337,22.820449499422725,47.42829352428036,7.689986049491082,0.5652083397075517,282.1472529672371,64.2524628266457,380.505445689849,409.44137508900764,438.3773044881663,467.31323388732494,423.909339788587,467.31323388732494,380.505445689849,86.80778819747593,2.8783531222877383,69.26993583747752,14.5,91.0,33.94709703674337,31.54180674041771,14.287301712413118,420.0,True,True,2400.0,8.0,690.0,0.2911086889509495,76.57849506123895,0.2911086889509495,0.1746652133705697,0.1164434755803798,True,False,False,True,python_mission_generator,csv_authoritative,validated_csv,explicit_input,calibrated_csv,python_generated_isa_plus_offset
ENG_0001,691.0,temp_mission_001,NORMAL,DESCENT,42,stage5_mission_generator,4981.098710149179,1518.23888685347,5.137424553904626,843.6676255738365,69.94896651740278,4593.951587247738,22.819308733905594,47.433749102048814,7.689287355413285,0.5652650612126668,282.15167541148946,64.25220573752931,380.48978800886783,409.42558879318074,438.3613895774937,467.2971903618066,423.8934891853372,467.2971903618066,380.48978800886783,86.80740235293877,2.8779442774007826,69.26902934971613,14.5,91.0,33.93951587247738,31.533467459725117,14.287167927161365,420.0,True,True,2400.0,8.0,691.0,0.2910743564230826,76.5658597874623,0.2910743564230826,0.17464461385384955,0.11642974256923305,True,False,False,True,python_mission_generator,csv_authoritative,validated_csv,explicit_input,calibrated_csv,python_generated_isa_plus_offset
ENG_0001,692.0,temp_mission_001,NORMAL,DESCENT,42,stage5_mission_generator,4978.52359142028,1517.4539906649015,5.142523288987844,843.7489234908338,69.94201369683475,4593.127549254489,22.818068773795883,47.43968110900666,7.688527906804126,0.5653267149027983,282.1564824067729,64.25192629338046,380.47276882347353,409.40842980931274,438.3440907951519,467.2797517809911,423.8762603022323,467.2797517809911,380.47276882347353,86.80698295751756,2.877499881647866,69.26804403884624,14.5,91.0,33.93127549254489,31.52440304179938,14.287022508691969,420.0,True,True,2400.0,8.0,692.0,0.2910370385305084,76.55212582090816,0.2910370385305084,0.17462222311830503,0.11641481541220336,True,False,False,True,python_mission_generator,csv_authoritative,validated_csv,explicit_input,calibrated_csv,python_generated_isa_plus_offset
ENG_0001,693.0,temp_mission_001,NORMAL,DESCENT,42,stage5_mission_generator,4975.735635635002,1516.6042217415486,5.148043441442697,843.8369479425145,69.93448621621451,4592.2354034032005,22.81672632930098,47.446105804490394,7.687705688737147,0.5653934643540595,282.1616867067378,64.2516237527936,380.4543429793182,409.38985261215015,438.32536224498205,467.260871877814,423.8576074285661,467.260871877814,380.4543429793182,86.8065288984958,2.877018755983099,69.26697729069626,14.5,91.0,33.922354034032004,31.514589437435205,14.2868650711888,420.0,True,True,2400.0,8.0,693.0,0.2909966362634871,76.53725672338668,0.2909966362634871,0.17459798175809224,0.11639865450539484,True,False,False,True,python_mission_generator,csv_authoritative,validated_csv,explicit_input,calibrated_csv,python_generated_isa_plus_offset
ENG_0001,694.0,temp_mission_001,NORMAL,DESCENT,42,stage5_mission_generator,4972.728215786568,1515.687560171746,5.153998132742595,843.9319098954361,69.92636618262374,4591.273029051702,22.81527820941301,47.453039042570914,7.686818746789417,0.5654654682307544,282.167300682072,64.2512973966259,380.4344666779329,409.369813043456,438.3051594089791,467.2405057745022,423.83748622621755,467.2405057745022,380.4344666779329,86.8060390965693,2.8764997567645856,69.2658265695921,14.5,91.0,33.91273029051702,31.50400331956872,14.286695240420888,420.0,True,True,2400.0,8.0,694.0,0.29095305358531004,76.5212171508617,0.29095305358531004,0.17457183215118602,0.11638122143412402,True,False,False,True,python_mission_generator,csv_authoritative,validated_csv,explicit_input,calibrated_csv,python_generated_isa_plus_offset
ENG_0001,695.0,temp_mission_001,NORMAL,DESCENT,42,stage5_mission_generator,4969.494908362038,1514.7020480687493,5.160400081443164,844.0340141017386,69.9176362525775,4590.238370675852,22.813721321109625,47.46049627972968,7.685865186551985,0.565542880325123,282.1733363236,64.25094652781698,380.4130974657576,409.34826830094954,438.28343913614157,467.21860997133354,423.81585371854555,467.21860997133354,380.4130974657576,86.80551250557596,2.875941775467953,69.26458941772201,14.5,91.0,33.90238370675852,31.492622077434373,14.28651265364868,420.0,True,True,2400.0,8.0,695.0,0.29090619740824375,76.50397284459753,0.29090619740824375,0.17454371844494623,0.1163624789632975,True,False,False,True,python_mission_generator,csv_authoritative,validated_csv,explicit_input,calibrated_csv,python_generated_isa_plus_offset
ENG_0001,696.0,temp_mission_001,NORMAL,DESCENT,42,stage5_mission_generator,4966.0294916823095,1513.645789064768,5.167261606469026,844.1434591623869,69.90827962754224,4589.129437338339,22.812052668554646,47.468492582491436,7.6848431731403215,0.5656258495970836,282.1798052453813,64.25057047120896,380.3901942231698,409.32517692724485,438.26015963131994,467.195142335395,423.7926682792824,467.195142335395,380.3901942231698,86.80494811222525,2.8753437383998857,69.2632634545014,14.5,91.0,33.89129437338339,31.480423810721728,14.286316959530295,420.0,True,True,2400.0,8.0,696.0,0.2908559775694738,76.48549062230565,0.2908559775694738,0.17451358654168428,0.11634239102778952,True,False,False,True,python_mission_generator,csv_authoritative,validated_csv,explicit_input,calibrated_csv,python_generated_isa_plus_offset
ENG_0001,697.0,temp_mission_001,NORMAL,DESCENT,42,stage5_mission_generator,4962.325944242137,1512.5169478050034,5.17459463040057,844.260437590179,69.89828004945377,4587.944302157483,22.810269352298715,47.47704263500397,7.68375093070473,0.5657145202139766,282.1867186878091,64.25016857336614,380.3657171535135,409.3004987987893,438.23528044406515,467.17006208934095,423.76788962142723,467.17006208934095,380.3657171535135,86.80434493582743,2.8747046064116533,69.26184637593757,14.5,91.0,33.879443021574836,31.467387323732318,14.28610781802779,420.0,True,True,2400.0,8.0,697.0,0.29080230680704844,76.46573836929139,0.29080230680704844,0.17448138408422906,0.11632092272281938,True,False,False,True,python_mission_generator,csv_authoritative,validated_csv,explicit_input,calibrated_csv,python_generated_isa_plus_offset
ENG_0001,698.0,temp_mission_001,NORMAL,DESCENT,42,stage5_mission_generator,4958.37844305013,1511.3137494416796,5.182410682760743,844.3851358724869,69.88762179623535,4586.681101776042,22.808368568480006,47.48616074655532,7.682586741940819,0.565809031590308,282.1940875207093,64.24974020239502,380.33962777212827,409.274195114803,438.20876245747763,467.14332980015234,423.7414787861403,467.14332980015234,380.33962777212827,86.80370202802408,2.8740233746126407,69.26033595399475,14.5,91.0,33.86681101776042,31.453492119536463,14.28588490031342,420.0,True,True,2400.0,8.0,698.0,0.2907451007358228,76.4446850296007,0.2907451007358228,0.1744470604414937,0.11629804029432914,True,False,False,True,python_mission_generator,csv_authoritative,validated_csv,explicit_input,calibrated_csv,python_generated_isa_plus_offset
ENG_0001,699.0,temp_mission_001,NORMAL,DESCENT,42,stage5_mission_generator,4954.18136196877,1510.034479128081,5.190720903301836,844.5177345337057,69.87628967731568,4585.338035830006,22.806347608024996,47.49586085901958,7.681348947599926,0.5659095184274948,282.20192224643904,64.24928474776402,380.3118888953781,409.2462283862172,438.18056787705626,467.11490736789534,423.7133981316367,467.11490736789534,380.3118888953781,86.80301847251724,2.87329907208388,69.25873003595886,14.5,91.0,33.853380358300065,31.43871839413007,14.285647888675884,420.0,True,True,2400.0,8.0,699.0,0.29068427782340267,76.42230059716677,0.29068427782340267,0.1744105666940416,0.11627371112936108,True,False,False,True,python_mission_generator,csv_authoritative,validated_csv,explicit_input,calibrated_csv,python_generated_isa_plus_offset
ENG_0001,700.0,temp_mission_001,NORMAL,DESCENT,42,stage5_mission_generator,4949.729270054413,1508.6774815125852,5.1995360452922625,844.6584081973683,69.86426902914691,4583.913366417412,22.804203855848982,47.506156554222244,7.680035945999549,0.5660161107536055,282.2102330029854,64.24880162012349,380.28246462968036,409.2165624246133,438.1506602195462,467.0847580144791,423.68361132207974,467.0847580144791,380.28246462968036,86.80229338479876,2.87253076159158,69.25702654380223,14.5,91.0,33.83913366417412,31.423047030591533,14.285396476426602,420.0,True,True,2400.0,8.0,700.0,0.29061975936608814,76.39855610695687,0.29061975936608814,0.17437185561965288,0.11624790374643526,True,False,False,True,python_mission_generator,csv_authoritative,validated_csv,explicit_input,calibrated_csv,python_generated_isa_plus_offset
ENG_0001,701.0,temp_mission_001,NORMAL,DESCENT,42,stage5_mission_generator,4945.0169298973005,1507.2411602326972,5.208866478803346,844.8073256479046,69.85154571072272,4582.405417567136,22.801934790056958,47.5170610612188,7.678646192533807,0.5661289339631068,282.2190295670642,64.24829025112544,380.2513203605349,409.18516233116185,438.1190043017887,467.05284627241565,423.6520833164753,467.05284627241565,380.2513203605349,86.80152591188073,2.871717539300656,69.25522347354865,14.5,91.0,33.824054175671364,31.4064595932385,14.285130367805966,420.0,True,True,2400.0,8.0,701.0,0.2905514694648177,76.37342362611894,0.2905514694648177,0.1743308816788906,0.11622058778592709,True,False,False,True,python_mission_generator,csv_authoritative,validated_csv,explicit_input,calibrated_csv,python_generated_isa_plus_offset
ENG_0001,702.0,temp_mission_001,NORMAL,DESCENT,42,stage5_mission_generator,4940.039295961567,1505.7239774090858,5.218722193996095,844.9646498920265,69.83810609909624,4580.812574707702,22.79953798114412,47.52858726347747,7.677178199183843,0.5662481088566049,282.2283213572187,64.24775009324344,380.21842274155296,409.1519944855611,438.08556622956917,467.0191379735773,423.61878035756513,467.0191379735773,380.21842274155296,86.80071523202434,2.870858534488262,69.25331889463808,14.5,91.0,33.80812574707702,31.38893832178472,14.284849277889595,420.0,True,True,2400.0,8.0,702.0,0.29047933500111217,76.34687624512837,0.29047933500111217,0.17428760100066729,0.11619173400044487,True,False,False,True,python_mission_generator,csv_authoritative,validated_csv,explicit_input,calibrated_csv,python_generated_isa_plus_offset
ENG_0001,703.0,temp_mission_001,NORMAL,DESCENT,42,stage5_mission_generator,4934.7915129252515,1504.1244531396167,5.229112804408002,845.1305382196904,69.82393708489818,4579.133284136081,22.797011091196715,47.54074770596126,7.675630534028304,0.566373751680591,282.2381174369183,64.2471806195926,380.1837396834862,409.1170265349762,438.05031338646626,466.9836002379563,423.58366996072124,466.9836002379563,380.1837396834862,86.79986055447011,2.8699529092573193,69.25131094929152,14.5,91.0,33.79133284136081,31.37046612549689,14.284552932494602,420.0,True,True,2400.0,8.0,703.0,0.29040328561301826,76.31888806893468,0.29040328561301826,0.17424197136781094,0.11616131424520731,True,False,False,True,python_mission_generator,csv_authoritative,validated_csv,explicit_input,calibrated_csv,python_generated_isa_plus_offset
ENG_0001,704.0,temp_mission_001,NORMAL,DESCENT,42,stage5_mission_generator,4929.2689140203,1502.4411649933875,5.240047550239806,845.3051422646441,69.80902606785482,4577.366052486496,22.794351873092644,47.55355460210138,7.674001820753756,0.5665059741671837,282.2484265176572,64.24658132374923,380.1472403432552,409.08022738297757,438.0132144227,466.9462014624224,423.5467209028388,466.9462014624224,380.1472403432552,86.79896111916719,2.8689998582500484,69.24919785187579,14.5,91.0,33.773660524864965,31.35102657735146,14.284241068085853,420.0,True,True,2400.0,8.0,704.0,0.2903232536710529,76.28943420810828,0.2903232536710529,0.17419395220263173,0.11612930146842115,True,False,False,True,python_mission_generator,csv_authoritative,validated_csv,explicit_input,calibrated_csv,python_generated_isa_plus_offset
ENG_0001,705.0,temp_mission_001,NORMAL,DESCENT,42,stage5_mission_generator,4923.467019372578,1500.672747504762,5.251535301642296,845.4886080645158,69.79336095230596,4575.509446199225,22.79155816970213,47.56701984065741,7.6722907381651195,0.5666448835738733,282.2592569620533,64.24595171957085,380.1088951129795,409.0415671784805,437.9742392439815,466.9069113094825,423.507903211231,466.9069113094825,380.1088951129795,86.798016196503,2.8679986083614977,69.24697788826857,14.5,91.0,33.75509446199225,31.330603908191474,14.283913431682215,420.0,True,True,2400.0,8.0,705.0,0.29023917425414647,76.25849076998708,0.29023917425414647,0.17414350455248787,0.11609566970165859,True,False,False,True,python_mission_generator,csv_authoritative,validated_csv,explicit_input,calibrated_csv,python_generated_isa_plus_offset
ENG_0001,706.0,temp_mission_001,NORMAL,DESCENT,42,stage5_mission_generator,4917.381534341879,1498.8178916674049,5.26358456200308,845.6810761204271,69.77693014272307,4573.562090989401,22.788627913088487,47.58115499245834,7.670496019696124,0.5667905827232648,282.2706167869468,64.24529134101601,380.0686756090053,409.00101730468305,437.93335900036084,466.8657006960386,423.46718815252194,466.8657006960386,380.0686756090053,86.79702508703326,2.8669484184530765,69.24464941522298,14.5,91.0,33.73562090989402,31.309183000883415,14.283569780762836,420.0,True,True,2400.0,8.0,706.0,0.29015098512558757,76.22603484982336,0.29015098512558757,0.17409059107535255,0.11606039405023504,True,False,False,True,python_mission_generator,csv_authoritative,validated_csv,explicit_input,calibrated_csv,python_generated_isa_plus_offset
ENG_0001,707.0,temp_mission_001,NORMAL,DESCENT,42,stage5_mission_generator,4911.008347861933,1496.8753444283172,5.276203471233373,845.8826814561266,69.75972253922721,4571.522671315818,22.785559123708733,47.59597131701967,7.668616452919732,0.5669431700428222,282.2825136664988,64.24459974196415,380.0265546609355,408.9585503680059,437.8905460750763,466.8225417821467,423.4245482215411,466.8225417821467,380.0265546609355,86.79598712121117,2.865848579066082,69.24221085973265,14.5,91.0,33.71522671315818,31.286749384474,14.28320988317338,420.0,True,True,2400.0,8.0,707.0,0.29005862670896587,76.1920445219303,0.29005862670896587,0.17403517602537952,0.11602345068358635,True,False,False,True,python_mission_generator,csv_authoritative,validated_csv,explicit_input,calibrated_csv,python_generated_isa_plus_offset
ENG_0001,708.0,temp_mission_001,NORMAL,DESCENT,42,stage5_mission_generator,4904.343530780411,1494.8439081818694,5.289399809054785,846.0935536766071,69.74172753310711,4569.389929849732,22.782349909614325,47.611479769031966,7.666650879058596,0.5671027396046123,282.2949549352901,64.24387649603545,379.98250630065763,408.91414018703006,437.8457740734025,466.7774079597749,423.37995713021627,466.7774079597749,379.98250630065763,86.79490165911727,2.864698412135233,69.2396607183964,14.5,91.0,33.693899298497314,31.26328922834705,14.282833517032305,420.0,True,True,2400.0,8.0,708.0,0.28996204206411685,76.15649883082887,0.28996204206411685,0.17397722523847012,0.11598481682564675,True,False,False,True,python_mission_generator,csv_authoritative,validated_csv,explicit_input,calibrated_csv,python_generated_isa_plus_offset
ENG_0001,709.0,temp_mission_001,NORMAL,DESCENT,42,stage5_mission_generator,4897.38333419894,1492.7224402638371,5.3031809982860985,846.3138170262039,69.72293500233714,4567.162666943661,22.778998465651803,47.62769100471681,7.664598192495471,0.5672693811650469,282.30794759142043,64.24312119641074,379.93650575137406,408.86776178143714,437.7990178115002,466.7302738415633,423.3333897964687,466.7302738415633,379.93650575137406,86.79376809018925,2.8634972707021973,69.23699755678312,14.5,91.0,33.671626669436606,31.238789336380272,14.282440470637116,420.0,True,True,2400.0,8.0,709.0,0.2898611768630651,76.11937778239435,0.2898611768630651,0.17391670611783908,0.11594447074522606,True,False,False,True,python_mission_generator,csv_authoritative,validated_csv,explicit_input,calibrated_csv,python_generated_isa_plus_offset
ENG_0001,710.0,temp_mission_001,NORMAL,DESCENT,42,stage5_mission_generator,4890.124187813105,1490.5098524454345,5.317554108130052,846.5435904461558,69.70333530709539,4564.839740100194,22.775503072663543,47.64461538804637,7.662457340283679,0.5674431802046287,282.321498299606,64.2423334556513,379.8885294166297,408.8193913609467,437.75025330526375,466.6811152495808,423.28482233310524,466.6811152495808,379.8885294166297,86.79258583295109,2.8622445386291253,69.23422000879673,14.5,91.0,33.64839740100194,31.213237141102134,14.282030542370622,420.0,True,True,2400.0,8.0,710.0,0.2897559793659685,76.08066233500323,0.2897559793659685,0.17385358761958108,0.11590239174638739,True,False,False,True,python_mission_generator,csv_authoritative,validated_csv,explicit_input,calibrated_csv,python_generated_isa_plus_offset
ENG_0001,711.0,temp_mission_001,NORMAL,DESCENT,42,stage5_mission_generator,4882.562698252462,1488.2051104273505,5.332525857460125,846.7829876316238,69.68291928528164,4562.420063440788,22.771862096688352,47.66226299682271,7.660227321657529,0.5676242179676929,282.33561339427956,64.24151290551877,379.83855486934203,408.7690063142565,437.6994577591709,466.6299092040854,423.2342320367137,466.6299092040854,379.83855486934203,86.79135433474335,2.8609396303121772,69.23132677604082,14.5,91.0,33.62420063440788,31.186620697848667,14.281603540607199,420.0,True,True,2400.0,8.0,711.0,0.2896464003970618,76.0403343906798,0.2896464003970618,0.17378784023823707,0.11585856015882473,True,False,False,True,python_mission_generator,csv_authoritative,validated_csv,explicit_input,calibrated_csv,python_generated_isa_plus_offset
ENG_0001,712.0,temp_mission_001,NORMAL,DESCENT,42,stage5_mission_generator,4874.6956474205435,1485.8072333337818,5.348102618107323,847.0321170881376,69.66167824803547,4559.902607174574,22.768073988162282,47.68064362861469,7.657907187542773,0.5678125715021523,282.35029888268804,64.240659196795,379.78656084082934,408.71658519798007,437.6466095551308,466.5766339122815,423.18159737655543,466.5766339122815,379.78656084082934,86.79007307145218,2.859581990395056,69.22831662718369,14.5,91.0,33.59902607174574,31.15892867892031,14.281159283619042,420.0,True,True,2400.0,8.0,712.0,0.28953239332060104,75.9983767862429,0.28953239332060104,0.17371943599236062,0.11581295732824043,True,False,False,True,python_mission_generator,csv_authoritative,validated_csv,explicit_input,calibrated_csv,python_generated_isa_plus_offset
ENG_0001,713.0,temp_mission_001,NORMAL,DESCENT,42,stage5_mission_generator,4866.51999083487,1483.3152932064686,5.3642904181469575,847.2910821874817,69.63960397525415,4557.286397067159,22.764137281119176,47.699766806548034,7.655496040067022,0.5680083136992391,282.36556044799204,64.23977199910183,379.73252720984027,408.6621077255868,437.5916882413334,466.5212687570799,423.1268979834601,466.5212687570799,379.73252720984027,86.78874154723962,2.858171093482537,69.22518839732302,14.5,91.0,33.57286397067159,31.130150367738747,14.28069759948244,420.0,True,True,2400.0,8.0,713.0,0.2894139140168068,75.95477328445264,0.2894139140168068,0.17364834841008406,0.11576556560672271,True,False,False,True,python_mission_generator,csv_authoritative,validated_csv,explicit_input,calibrated_csv,python_generated_isa_plus_offset
ENG_0001,714.0,temp_mission_001,NORMAL,DESCENT,42,stage5_mission_generator,4858.032855966955,1480.728414498728,5.3810949451854295,847.5599812229989,69.61668871111078,4554.570513909425,22.760050592391476,47.71964178494782,7.6529930320702135,0.5682115133332518,282.38140345236394,64.23885100072118,379.6764349915819,408.60555475633953,437.53467452109714,466.46379428585476,423.07011463871834,466.46379428585476,379.6764349915819,86.78735929427285,2.8567064438539975,69.22194098735086,14.5,91.0,33.54570513909425,31.100275653003678,14.280218325984016,420.0,True,True,2400.0,8.0,714.0,0.2892909208578082,75.90950856515708,0.2892909208578082,0.17357455251468493,0.1157163683431233,True,False,False,True,python_mission_generator,csv_authoritative,validated_csv,explicit_input,calibrated_csv,python_generated_isa_plus_offset
ENG_0001,715.0,temp_mission_001,NORMAL,DESCENT,42,stage5_mission_generator,4849.231540582315,1478.0457735694895,5.3985215496470165,847.8389074643052,69.59292515957225,4551.754092986341,22.755812620810815,47.74027755482942,7.650397366615022,0.5684222351012947,282.39783294008714,64.23789590841464,379.61826632675,408.5469082842345,437.475550241719,466.4041921992035,423.01122926297677,466.4041921992035,379.61826632675,86.7859258724535,2.8551875751769478,69.21857336331837,14.5,91.0,33.51754092986341,31.06929502284975,14.279721310527002,420.0,True,True,2400.0,8.0,715.0,0.28916337468358744,75.86256821643902,0.28916337468358744,0.17349802481015245,0.11566534987343498,True,False,False,True,python_mission_generator,csv_authoritative,validated_csv,explicit_input,calibrated_csv,python_generated_isa_plus_offset
ENG_0001,716.0,temp_mission_001,NORMAL,DESCENT,42,stage5_mission_generator,4840.113511080478,1475.2665981773298,5.416575248060653,848.1279492114174,69.5683064799173,4548.836323545753,22.751422146408803,47.76168284923731,7.647708296497316,0.5686405396630254,282.4148536406544,64.23690644724351,379.55800447055685,408.4861514269396,437.4142983833224,466.34244533970514,422.950224905131,466.34244533970514,379.55800447055685,86.78444086914828,2.8536140502205622,69.2150845558007,14.5,91.0,33.48836323545753,31.03719955900328,14.279206410037485,420.0,True,True,2400.0,8.0,716.0,0.2890312387779225,75.81393872576254,0.2890312387779225,0.17341874326675347,0.11561249551116899,True,False,False,True,python_mission_generator,csv_authoritative,validated_csv,explicit_input,calibrated_csv,python_generated_isa_plus_offset
ENG_0001,717.0,temp_mission_001,NORMAL,DESCENT,42,stage5_mission_generator,4830.676400834993,1472.390166974506,5.435260726346714,848.4271898482763,69.54282628225448,4545.816448267197,22.746878029617605,47.783866148428515,7.644925123756592,0.5688664836803952,282.43246997186685,64.23588236038859,379.4956337817607,408.4232684147333,437.3509030477058,466.27853768067837,422.88708573121954,466.27853768067837,379.4956337817607,86.78290389891765,2.851985460569207,69.21147365926183,14.5,91.0,33.458164482671975,31.00398093093917,14.278673490870682,420.0,True,True,2400.0,8.0,717.0,0.288894478844332,75.76360747111995,0.288894478844332,0.1733366873065992,0.11555779153773281,True,False,False,True,python_mission_generator,csv_authoritative,validated_csv,explicit_input,calibrated_csv,python_generated_isa_plus_offset
ENG_0001,718.0,temp_mission_001,NORMAL,DESCENT,42,stage5_mission_generator,4820.9180085334365,1469.4158090009914,5.4545823431037945,848.7367078956731,69.51647862304027,4542.6937627307,22.74217921047074,47.80683568490059,7.642047199186409,0.5691001198573956,282.4506860429324,64.23482340897006,379.431139711695,408.35824457944364,437.2853494471923,466.21245431494094,422.82179701331796,466.21245431494094,379.431139711695,86.78131460324596,2.8503014263359763,69.20773983141939,14.5,91.0,33.426937627307,30.969631390037698,14.278122428717182,420.0,True,True,2400.0,8.0,718.0,0.2887530629820188,75.71156271217833,0.2887530629820188,0.17325183778921127,0.11550122519280753,True,False,False,True,python_mission_generator,csv_authoritative,validated_csv,explicit_input,calibrated_csv,python_generated_isa_plus_offset
ENG_0001,719.0,temp_mission_001,NORMAL,DESCENT,42,stage5_mission_generator,4810.836296517421,1466.34290317851,5.474544132895506,849.056577063568,69.48925800059703,4539.467614885574,22.7373247078037,47.830599448261445,7.639073921844841,0.5693414969797999,282.46950565756464,64.23372937186737,379.36450879329675,408.29106634338706,437.2176238934774,466.14418144356773,422.75434511843224,466.14418144356773,379.36450879329675,86.77967265027098,2.848561595876215,69.20388229260956,14.5,91.0,33.394676148855744,30.934143763741318,14.277553108509219,420.0,True,True,2400.0,8.0,719.0,0.28860696166181343,75.65779358142623,0.28860696166181343,0.17316417699708805,0.11544278466472538,True,False,False,True,python_mission_generator,csv_authoritative,validated_csv,explicit_input,calibrated_csv,python_generated_isa_plus_offset
ENG_0001,720.0,temp_mission_001,NORMAL,DESCENT,42,stage5_mission_generator,4800.429389122605,1463.1708778045702,5.49514980953724,849.386866302798,69.46115935063104,4536.137404519233,22.73231361845464,47.855165189940514,7.636004738564892,0.5695906599549073,282.48893231708166,64.23260004553906,379.29572863013584,408.22172120830703,437.1477137864782,466.0737063646494,422.6847174973926,466.0737063646494,379.29572863013584,86.77797773451357,2.8467656455010557,69.19990032515184,14.5,91.0,33.361374045192335,30.897511449711565,14.276965424326924,420.0,True,True,2400.0,8.0,720.0,0.2884561477021188,75.60229007532055,0.2884561477021188,0.1730736886212713,0.11538245908084753,True,False,False,True,python_mission_generator,csv_authoritative,validated_csv,explicit_input,calibrated_csv,python_generated_isa_plus_offset
ENG_0001,721.0,temp_mission_001,NORMAL,DESCENT,42,stage5_mission_generator,4789.6955710187,1459.8992100465,5.5164027693829745,849.7276398561888,69.43217804175049,4532.702582725984,22.72714511646507,47.880540427740385,7.632839143464953,0.5698476498512873,282.5089692235046,64.23143524384263,379.22478788544413,408.1501977443133,437.0756076031824,466.00101746205155,422.61290267374784,466.00101746205155,379.22478788544413,86.77622957660742,2.8449132791909446,69.19579327271396,14.5,91.0,33.32702582725984,30.859728409985824,14.276359279304586,420.0,True,True,2400.0,8.0,721.0,0.28830059624485316,75.54504304543306,0.28830059624485316,0.1729803577469119,0.11532023849794126,True,False,False,True,python_mission_generator,csv_authoritative,validated_csv,explicit_input,calibrated_csv,python_generated_isa_plus_offset
ENG_0001,722.0,temp_mission_001,NORMAL,DESCENT,42,stage5_mission_generator,4778.633285549481,1456.527425435482,5.538306094612027,850.0789573090437,69.4023098709836,4529.162651375834,22.721818452280598,47.90673245022765,7.629576677459244,0.5701125039385231,282.52961928265654,64.23023479785442,379.1516762711442,408.0764855788204,437.0012948864965,465.9261041941727,422.53889023265845,465.9261041941727,379.1516762711442,86.7744279230285,2.843004228309175,69.19156053967664,14.5,91.0,33.29162651375834,30.820789165134173,14.275734585536911,420.0,True,True,2400.0,8.0,722.0,0.2881402847313945,75.48604418959722,0.2881402847313945,0.1728841708388367,0.11525611389255781,True,False,False,True,python_mission_generator,csv_authoritative,validated_csv,explicit_input,calibrated_csv,python_generated_isa_plus_offset
ENG_0001,723.0,temp_mission_001,NORMAL,DESCENT,42,stage5_mission_generator,4767.241133072791,1453.0550973605868,5.560862556515874,850.4408736390358,69.37155105929654,4525.517162583294,22.716332951951525,47.93374832096241,7.626216927768234,0.5703852557269538,282.5508851072608,64.2289985556895,379.0763845368782,408.00057538548646,436.92476623409465,465.8489570827029,422.46267080979055,465.8489570827029,379.0763845368782,86.77257254582469,2.8410382513154167,69.18720159049852,14.5,91.0,33.255171625832936,30.780688788416228,14.275091263985287,420.0,True,True,2400.0,8.0,723.0,0.2879751928785247,75.4252860430549,0.2879751928785247,0.1727851157271148,0.11519007715140989,True,False,False,True,python_mission_generator,csv_authoritative,validated_csv,explicit_input,calibrated_csv,python_generated_isa_plus_offset
ENG_0001,724.0,temp_mission_001,NORMAL,DESCENT,42,stage5_mission_generator,4755.517869300554,1449.4818465628089,5.5840746187849035,850.8134392654918,69.33989824711149,4521.765718176177,22.710688016333606,47.961594882566224,7.622759527429099,0.5706659350074205,282.57276902004025,64.2277263823214,378.99890445903753,407.9224588731527,436.8460132872679,465.7695677013831,422.3842360802103,465.7695677013831,378.99890445903753,86.77066324234556,2.839015133479244,69.18271594908093,14.5,91.0,33.21765718176177,30.73942289993795,14.27442924438403,420.0,True,True,2400.0,8.0,724.0,0.28780530265437243,75.36276196960294,0.28780530265437243,0.17268318159262344,0.11512212106174897,True,False,False,True,python_mission_generator,csv_authoritative,validated_csv,explicit_input,calibrated_csv,python_generated_isa_plus_offset
ENG_0001,725.0,temp_mission_001,NORMAL,DESCENT,42,stage5_mission_generator,4743.462403638779,1445.8073406290998,5.607944440795219,851.1967000980753,69.3073484898247,4517.907969164409,22.704883120288713,47.990278760627646,7.6192041548061455,0.5709545678910081,282.5952730568156,64.22641815940221,378.9192288297904,407.8421287747812,436.7650287197719,465.6879286647627,422.30357874727656,465.6879286647627,378.9192288297904,86.76869983497227,2.836934686593671,69.17810319813279,14.5,91.0,33.17907969164409,30.696987660808503,14.27374846514666,420.0,True,True,2400.0,8.0,725.0,0.28763059825435816,75.29846615274015,0.28763059825435816,0.1725783589526149,0.11505223930174327,True,False,False,True,python_mission_generator,csv_authoritative,validated_csv,explicit_input,calibrated_csv,python_generated_isa_plus_offset
ENG_0001,726.0,temp_mission_001,NORMAL,DESCENT,42,stage5_mission_generator,4731.073797527572,1442.0312934864041,5.632473880895407,851.5906975848679,69.27389925332444,4513.943615208823,22.698917811885504,48.01980636744555,7.615550533101263,0.5712511768487893,282.61839896960436,64.22507378508219,378.8373514461126,407.75957883639484,436.681806226677,465.6040336169592,422.2206925315359,465.6040336169592,378.8373514461126,86.7666821708466,2.8347967486886785,69.17336297853538,14.5,91.0,33.13943615208823,30.65337976729705,14.273048873272145,420.0,True,True,2400.0,8.0,726.0,0.2874510660771371,75.23239358681371,0.2874510660771371,0.17247063964628226,0.11498042643085485,True,False,False,True,python_mission_generator,csv_authoritative,validated_csv,explicit_input,calibrated_csv,python_generated_isa_plus_offset
ENG_0001,727.0,temp_mission_001,NORMAL,DESCENT,42,stage5_mission_generator,4718.351262781145,1438.153464895693,5.6576644996933325,851.9954687598607,69.2395484095091,4509.872404089966,22.692791711600172,48.05018390560983,7.611798429864354,0.5715557807515692,282.64214822971945,64.22369317382979,378.7532670988152,407.6748038060155,436.5963405132159,465.51787722041627,422.1355721596157,465.51787722041627,378.7532670988152,86.7646101216011,2.8326011837447442,69.16849498870728,14.5,91.0,33.09872404089966,30.608596444989626,14.272330424251171,420.0,True,True,2400.0,8.0,727.0,0.2872666947005438,75.1645400681661,0.2872666947005438,0.17236001682032626,0.11490667788021752,True,False,False,True,python_mission_generator,csv_authoritative,validated_csv,explicit_input,calibrated_csv,python_generated_isa_plus_offset
ENG_0001,728.0,temp_mission_001,NORMAL,DESCENT,42,stage5_mission_generator,4705.294159927818,1434.1736599459991,5.683517563342921,852.411046289856,69.20429423180511,4505.6941311769015,22.68650451151702,48.081417371419306,7.60794765650377,0.5718683949096273,282.66652203086784,64.22227625625146,378.66697156157335,407.58779942260287,436.50862728363245,465.429455144662,422.04821335311766,465.429455144662,378.66697156157335,86.76248358308862,2.830347881406375,69.16349898396915,14.5,91.0,33.056941311769016,30.562635442945915,14.271593081972394,420.0,True,True,2400.0,8.0,728.0,0.2870774748575352,75.09490218628169,0.2870774748575352,0.17224648491452113,0.11483098994301409,True,False,False,True,python_mission_generator,csv_authoritative,validated_csv,explicit_input,calibrated_csv,python_generated_isa_plus_offset
ENG_0001,729.0,temp_mission_001,NORMAL,DESCENT,42,stage5_mission_generator,4691.9019965500365,1430.091728548451,5.710034046830927,852.8374585207875,69.1681353906851,4501.408638896011,22.68005597452928,48.11351255813765,7.60399806779676,0.5721890311124626,282.6915212922494,64.22082297891153,378.57846157995675,407.49856240499395,436.4186632300312,465.3387640550684,421.9586128175126,465.3387640550684,378.57846157995675,86.76030247511164,2.828036756695637,69.15837477590853,14.5,91.0,33.01408638896011,30.515495027856126,14.270836818628709,420.0,True,True,2400.0,8.0,729.0,0.2868833994121356,75.02347731493352,0.2868833994121356,0.17213003964728135,0.11475335976485423,True,False,False,True,python_mission_generator,csv_authoritative,validated_csv,explicit_input,calibrated_csv,python_generated_isa_plus_offset
ENG_0001,730.0,temp_mission_001,NORMAL,DESCENT,42,stage5_mission_generator,4678.174425624372,1425.9075649303086,5.737214637263744,853.274729523458,69.1310709491858,4497.015816199799,22.663588599395453,48.12554326539626,7.597920316415769,0.572595286447342,282.71237196757534,64.21766841616359,378.46365917939085,407.3814938670469,436.299328554703,465.21716324235905,421.84041121087495,465.21716324235905,378.46365917939085,86.7535040629682,2.8256314450126614,69.15164363162312,14.5,91.0,32.970158161997986,30.467173978197785,14.270061614623494,420.0,True,True,2400.0,8.0,730.0,0.28668258574792344,74.95026360332999,0.28668258574792344,0.17200955144875404,0.11467303429916938,True,False,False,True,python_mission_generator,csv_authoritative,validated_csv,explicit_input,calibrated_csv,python_generated_isa_plus_offset
ENG_0001,731.0,temp_mission_001,NORMAL,DESCENT,42,stage5_mission_generator,4664.1112438615355,1421.621107128996,5.765059737154159,853.7228791387209,69.09310035842614,4492.515598035691,22.641951868729016,48.12776026063388,7.590712684023826,0.5730489938960897,282.7314234754255,64.21363163234594,378.33440769478125,407.2491853766907,436.16396305860025,465.0787407405097,421.7065742176455,465.0787407405097,378.33440769478125,86.74433304572847,2.8231497723546766,69.14403291040398,14.5,91.0,32.92515598035691,30.417671578392603,14.269267458476886,420.0,True,True,2400.0,8.0,731.0,0.28647595464850684,74.87525996726153,0.28647595464850684,0.1718855727891041,0.11459038185940273,True,False,False,True,python_mission_generator,csv_authoritative,validated_csv,explicit_input,calibrated_csv,python_generated_isa_plus_offset
ENG_0001,732.0,temp_mission_001,NORMAL,DESCENT,42,stage5_mission_generator,4649.712390046385,1417.2323364861381,5.793569467708158,854.1819230220966,69.05422345312523,4487.907964814843,22.61979869406643,48.13003477961649,7.583333013696363,0.5735135308223366,282.75092972096223,64.20949849511896,378.202071125172,407.11371883410675,436.0253665430415,464.9370142519763,421.56954268857413,464.9370142519763,378.202071125172,86.7349431268043,2.820608865010805,69.13624052998037,14.5,91.0,32.879079648148426,30.36698761296327,14.268454346732032,420.0,True,True,2400.0,8.0,732.0,0.286264391501252,74.79846608024738,0.286264391501252,0.1717586349007512,0.1145057566005008,True,False,False,True,python_mission_generator,csv_authoritative,validated_csv,explicit_input,calibrated_csv,python_generated_isa_plus_offset
ENG_0001,733.0,temp_mission_001,NORMAL,DESCENT,42,stage5_mission_generator,4634.9779433779295,1412.741277141593,5.822743672111699,854.6518726878292,69.0144404471204,4483.192941880938,22.597129197258333,48.13236715064451,7.575781346024289,0.5739888946709586,282.7708905968938,64.20526902721645,378.0666501984631,406.9750949844109,435.8835397703587,464.7919845563065,421.4293173773848,464.7919845563065,378.0666501984631,86.7253343578434,2.818008736956976,69.12826653321326,14.5,91.0,32.83192941880938,30.315122360690314,14.267622283861343,420.0,True,True,2400.0,8.0,733.0,0.2860478974698343,74.71988236468229,0.2860478974698343,0.17162873848190055,0.11441915898793371,True,False,False,True,python_mission_generator,csv_authoritative,validated_csv,explicit_input,calibrated_csv,python_generated_isa_plus_offset
ENG_0001,734.0,temp_mission_001,NORMAL,DESCENT,42,stage5_mission_generator,4619.908121809346,1408.1479955274888,5.852581918817494,855.1327355524213,68.97375192888524,4478.3705989789905,22.573943713633827,48.134757689622305,7.56805779271251,0.5744750784103334,282.79130580795754,64.20094329120101,377.9281469178123,406.8333158781389,435.73848483846547,464.64365379879206,421.2859003583022,464.64365379879206,377.9281469178123,86.71550688097977,2.8153494266545027,69.1201110380547,14.5,91.0,32.78370598978991,30.262076588768895,14.266771282172764,420.0,True,True,2400.0,8.0,734.0,0.2858264757566515,74.63950998298317,0.2858264757566515,0.1714958854539909,0.1143305903026606,True,False,False,True,python_mission_generator,csv_authoritative,validated_csv,explicit_input,calibrated_csv,python_generated_isa_plus_offset
ENG_0001,735.0,temp_mission_001,NORMAL,DESCENT,42,stage5_mission_generator,4604.50328038798,1403.4525998622564,5.883083504831799,855.6245149776205,68.93215885704754,4473.441049724153,22.550242789446514,48.137206700208,7.560162535729141,0.5749720705858963,282.8121748731676,64.19652138898769,377.78656454637843,406.68838485562844,435.5902051648785,464.4920254741285,421.1392950102535,464.4920254741285,377.78656454637843,86.7054609277501,2.81263099675715,69.11177423664941,14.5,91.0,32.734410497241534,30.207851546965685,14.265901361716027,420.0,True,True,2400.0,8.0,735.0,0.2856001315784339,74.55735082873589,0.2856001315784339,0.17136007894706032,0.11424005263137356,True,False,False,True,python_mission_generator,csv_authoritative,validated_csv,explicit_input,calibrated_csv,python_generated_isa_plus_offset
ENG_0001,736.0,temp_mission_001,NORMAL,DESCENT,42,stage5_mission_generator,4588.763909595357,1398.655239644665,5.914247459001192,856.1272103128941,68.88966255590746,4468.404451070514,22.52602717932057,48.13971447395299,7.552095826454753,0.5754798553736947,282.83349712806483,64.19200346136739,377.6419075920651,406.5403065314024,435.4387054707397,464.337104410077,420.98950600107105,464.337104410077,377.6419075920651,86.69519681801194,2.8098535338182042,69.10325639443649,14.5,91.0,32.68404451070514,30.152448961775658,14.265012550188914,420.0,True,True,2400.0,8.0,736.0,0.28536887214185325,74.4734075178419,0.28536887214185325,0.17122132328511194,0.1141475488567413,True,False,False,True,python_mission_generator,csv_authoritative,validated_csv,explicit_input,calibrated_csv,python_generated_isa_plus_offset
ENG_0001,737.0,temp_mission_001,NORMAL,DESCENT,42,stage5_mission_generator,4572.690633687192,1393.756105147856,5.946072545299362,856.6408169373925,68.84626471095542,4463.261002779901,22.501297843696744,48.142281290430866,7.543857984831568,0.5759984126339431,282.85527172696476,64.18738968753037,377.49418179226353,406.38908677855056,435.28399176483765,464.1788967511247,420.8365392716941,464.1788967511247,377.49418179226353,86.68471495886115,2.807017147997539,69.09455784925102,14.5,91.0,32.63261002779901,30.095871030578913,14.264104882843512,420.0,True,True,2400.0,8.0,737.0,0.28513270661913304,74.38768337966502,0.28513270661913304,0.17107962397147983,0.11405308264765322,True,False,False,True,python_mission_generator,csv_authoritative,validated_csv,explicit_input,calibrated_csv,python_generated_isa_plus_offset
ENG_0001,738.0,temp_mission_001,NORMAL,DESCENT,42,stage5_mission_generator,4556.284209033395,1388.7554269133789,5.978557266113878,857.1653263014199,68.80196736439017,4458.010946890687,22.476055946278358,48.14490741735591,7.535449398512703,0.5765277179645768,282.8774976452069,64.18268028458976,377.34339409859643,406.23473271311263,435.1260713276288,464.017409942145,420.6804020203707,464.017409942145,377.34339409859643,86.67401584354855,2.8041219727686864,69.08567901042572,14.5,91.0,32.58010946890687,30.038120415797554,14.263178402392475,420.0,True,True,2400.0,8.0,738.0,0.28489164612365775,74.3001824481781,0.28489164612365775,0.17093498767419466,0.11395665844946311,True,False,False,True,python_mission_generator,csv_authoritative,validated_csv,explicit_input,calibrated_csv,python_generated_isa_plus_offset
ENG_0001,739.0,temp_mission_001,NORMAL,DESCENT,42,stage5_mission_generator,4539.545522458084,1383.653475245224,6.011699865532995,857.7007259674137,68.75677291063683,4452.654567186587,22.450302851477513,48.14759311069178,7.526870522011398,0.577067742754809,282.9001736814034,64.17787550710517,377.1895526616613,406.0772526784609,434.96495269526054,463.85265271206015,420.52110268686073,463.85265271206015,377.1895526616613,86.66310005039884,2.801168164625901,69.07662035789262,14.5,91.0,32.52654567186587,29.979200239052457,14.26223315891528,420.0,True,True,2400.0,8.0,739.0,0.2846457036855826,74.21090945310978,0.2846457036855826,0.17078742221134957,0.11385828147423305,True,False,False,True,python_mission_generator,csv_authoritative,validated_csv,explicit_input,calibrated_csv,python_generated_isa_plus_offset
ENG_0001,740.0,temp_mission_001,NORMAL,DESCENT,42,stage5_mission_generator,4522.475589579587,1378.4505597038583,6.045498332632418,858.2469996504609,68.71068409186489,4447.192188665468,22.42404012186094,48.150338614749074,7.518121875850224,0.5776184542386824,282.9232984596876,64.172975646606,377.0326668157738,405.9166562296826,434.8006456435914,463.6846350575002,420.358650936637,463.6846350575002,377.0326668157738,86.65196824172642,2.7981559027912324,69.06738244128465,14.5,91.0,32.471921886654684,29.91911407532015,14.261269209764494,420.0,True,True,2400.0,8.0,740.0,0.2843948942274434,74.11986981109114,0.2843948942274434,0.17063693653646603,0.11375795769097737,True,False,False,True,python_mission_generator,csv_authoritative,validated_csv,explicit_input,calibrated_csv,python_generated_isa_plus_offset
ENG_0001,741.0,temp_mission_001,NORMAL,DESCENT,42,stage5_mission_generator,4505.075553150457,1373.1470286002595,6.079950404762094,858.8041272583486,68.66370399350623,4441.624177008146,22.397269515596125,48.15314416227349,7.509204045710317,0.5781798155486271,282.9468704319634,64.16798103111512,376.8727470637111,405.75295411796253,434.63316117221393,463.5133682264654,420.19305764508823,463.5133682264654,376.8727470637111,86.64062116275431,2.795085388921588,69.05796587903731,14.5,91.0,32.41624177008146,29.857865947089607,14.260286619472026,420.0,True,True,2400.0,8.0,741.0,0.28413923453976586,74.02706961680244,0.28413923453976586,0.17048354072385952,0.11365569381590634,True,False,False,True,python_mission_generator,csv_authoritative,validated_csv,explicit_input,calibrated_csv,python_generated_isa_plus_offset
ENG_0001,742.0,temp_mission_001,NORMAL,DESCENT,42,stage5_mission_generator,4487.346681397477,1367.743268489951,6.115053570832995,859.3720849311748,68.61583603977319,4435.950938047193,22.369992983897397,48.15600997452346,7.500117681580611,0.5787517857690131,282.9708878801535,64.1628920246723,376.7098050614551,405.58615827496527,434.4625114884755,463.3388647019857,420.0243348817204,463.3388647019857,376.7098050614551,86.62905964053061,2.7919568468158062,69.04837135749038,14.5,91.0,32.35950938047193,29.79546031851912,14.259285459655388,420.0,True,True,2400.0,8.0,742.0,0.28387874325667556,73.93251563411988,0.28387874325667556,0.17032724595400534,0.11355149730267022,True,False,False,True,python_mission_generator,csv_authoritative,validated_csv,explicit_input,calibrated_csv,python_generated_isa_plus_offset
ENG_0001,743.0,temp_mission_001,NORMAL,DESCENT,42,stage5_mission_generator,4469.290366361668,1362.2397036670366,6.1508050746038965,859.9508450805295,68.56708398917651,4430.172917235734,22.342212668471873,48.15893626133763,7.490863496907045,0.5793343199897063,282.99534891844854,64.1577090268577,376.54385360293634,405.4162817972186,434.28870999150075,463.161138185783,419.85249589435966,463.161138185783,376.54385360293634,86.61728458284665,2.7887705221217214,69.03859962998945,14.5,91.0,32.301729172357334,29.73190208959307,14.258265808923953,420.0,True,True,2400.0,8.0,743.0,0.2836134408315074,73.83621528726222,0.2836134408315074,0.17016806449890445,0.11344537633260297,True,False,False,True,python_mission_generator,csv_authoritative,validated_csv,explicit_input,calibrated_csv,python_generated_isa_plus_offset
ENG_0001,744.0,temp_mission_001,NORMAL,DESCENT,42,stage5_mission_generator,4450.908122238298,1356.6367956582335,6.187201917968169,860.5403764282619,68.5174519300434,4424.290599116255,22.313930898965552,48.161923221192495,7.481442267741798,0.5799273693596226,283.02025149555567,64.15243247231544,376.37490660477687,405.2433389304948,434.1117712562128,462.98020358193077,419.6775550933538,462.98020358193077,376.37490660477687,86.6052969771539,2.7855266820432316,69.0286515159876,14.5,91.0,32.24290599116255,29.667196590278806,14.257227752785221,420.0,True,True,2400.0,8.0,744.0,0.2833433495124154,73.7381766519376,0.2833433495124154,0.17000600970744925,0.11333733980496617,True,False,False,True,python_mission_generator,csv_authoritative,validated_csv,explicit_input,calibrated_csv,python_generated_isa_plus_offset
ENG_0001,745.0,temp_mission_001,NORMAL,DESCENT,42,stage5_mission_generator,4432.201583716892,1350.9350427169088,6.224240864240555,861.1406440448419,68.4669442760356,4418.304506789405,22.28515019040935,48.164971041250084,7.471854831892513,0.5805308811402834,283.04559339694754,64.14706283027704,376.20297909103397,405.0673450541945,433.9317110173551,462.79607698051564,419.4995280357748,462.79607698051564,376.20297909103397,86.59309788948167,2.782225615047369,69.01852790014712,14.5,91.0,32.18304506789406,29.60134957468346,14.256171383551072,420.0,True,True,2400.0,8.0,745.0,0.2830684933179822,73.63840844649009,0.2830684933179822,0.1698410959907893,0.11322739732719288,True,False,False,True,python_mission_generator,csv_authoritative,validated_csv,explicit_input,calibrated_csv,python_generated_isa_plus_offset
ENG_0001,746.0,temp_mission_001,NORMAL,DESCENT,42,stage5_mission_generator,4413.172504321239,1345.1349793171137,6.261918441443946,861.7516093873459,68.41556576166734,4412.215201382796,22.255873240665156,48.1680798973956,7.462102088071523,0.5811447987593694,283.0713722471112,64.14160060408494,376.02808717794335,404.8883166657284,433.74854615351336,462.6087756412984,419.31843140962087,462.6087756412984,376.02808717794335,86.58068846335505,2.7788676305713653,69.00822973144109,14.5,91.0,32.122152013827964,29.534367215210757,14.255096800244022,420.0,True,True,2400.0,8.0,746.0,0.28278889801282875,73.5369200230466,0.28278889801282875,0.16967333880769725,0.1131155592051315,True,False,False,True,python_mission_generator,csv_authoritative,validated_csv,explicit_input,calibrated_csv,python_generated_isa_plus_offset
ENG_0001,747.0,temp_mission_001,NORMAL,DESCENT,42,stage5_mission_generator,4393.822754749399,1339.2371756476168,6.300230945596191,862.3732303370662,68.36332143782337,4406.023281519808,22.226102927871842,48.17124995426535,7.45218499504507,0.5817690618642768,283.0975855117965,64.13604633071604,375.8502480586629,404.7062713649,433.5622946711371,462.4183179773742,419.13428301801855,462.4183179773742,375.8502480586629,86.56806991871133,2.7754530587297217,68.99775802225498,14.5,91.0,32.06023281519808,29.466256096717885,14.254004108503496,420.0,True,True,2400.0,8.0,747.0,0.2825045910832241,73.43372135866346,0.2825045910832241,0.16950275464993447,0.11300183643328965,True,False,False,True,python_mission_generator,csv_authoritative,validated_csv,explicit_input,calibrated_csv,python_generated_isa_plus_offset
ENG_0001,748.0,temp_mission_001,NORMAL,DESCENT,42,stage5_mission_generator,4374.154321213715,1333.2422371059404,6.3391744439968445,863.0054612367728,68.31021666727703,4399.729382788389,22.19584230789132,48.174481365264874,7.442104570782533,0.5824036063756703,283.12423050026536,64.13040058030519,375.66947998801544,404.52122783828827,433.37297568856116,462.224723538834,418.9471017634247,462.224723538834,375.66947998801544,86.55524355081855,2.771982250021276,68.98711384748843,14.494243649722534,90.91365474583802,31.997293827883887,29.397023210672273,14.252893420492068,418.99263870144347,True,True,2400.0,8.0,748.0,0.28221560171269494,73.32882304647315,0.28221560171269494,0.16932936102761695,0.11288624068507798,True,False,False,True,python_mission_generator,csv_authoritative,validated_csv,explicit_input,calibrated_csv,python_generated_isa_plus_offset
ENG_0001,749.0,temp_mission_001,NORMAL,DESCENT,42,stage5_mission_generator,4354.169303780818,1327.1508037923934,6.37874477851398,863.6482529276402,68.2562571202082,4393.334177209862,22.165094611754554,48.17777427257741,7.43186189160565,0.583048364541039,283.1513043675402,64.12466395566865,375.4858022672327,404.33320584363014,433.1806094200276,462.02801299642505,418.7569076318289,462.02801299642505,375.4858022672327,86.54221072919233,2.768455575036271,68.97629834365674,14.488325083442938,90.82487625164407,31.93334177209862,29.32667594930848,14.25176485480174,417.9568896025141,True,True,2400.0,8.0,749.0,0.28192196075763515,73.22223628683103,0.28192196075763515,0.16915317645458108,0.11276878430305406,True,False,False,True,python_mission_generator,csv_authoritative,validated_csv,explicit_input,calibrated_csv,python_generated_isa_plus_offset
ENG_0001,750.0,temp_mission_001,NORMAL,DESCENT,42,stage5_mission_generator,4333.869914711639,1320.9635500041074,6.418937568870955,864.3015527858494,68.20144876972142,4386.838372707724,22.13386324310769,48.18112880716293,7.421458091337756,0.5837032649882515,283.178804116653,64.1188370918277,375.29923522869854,404.14222619420303,432.9852171597076,461.8282081252121,418.5637216769553,461.8282081252121,375.29923522869854,86.52897289651355,2.7648734241634214,68.96531270799265,14.482314344803028,90.73471517204541,31.868383727077244,29.255222099784966,14.250618536360188,416.9050103405298,True,True,2400.0,8.0,750.0,0.28162370072291576,73.11397287846208,0.28162370072291576,0.16897422043374946,0.11264948028916631,True,False,False,True,python_mission_generator,csv_authoritative,validated_csv,explicit_input,calibrated_csv,python_generated_isa_plus_offset
ENG_0001,751.0,temp_mission_001,NORMAL,DESCENT,42,stage5_mission_generator,4313.258476801411,1314.6811837290702,6.459748215933207,864.9653047588946,68.14579788736381,4380.242712576452,22.102151775657983,48.18454508874729,7.410894360452983,0.5843682327791097,283.20672660089394,64.11292065553201,375.10980022069236,403.9483107432076,432.78682126572284,461.6253317882381,418.36756600446523,461.6253317882381,375.10980022069236,86.51553156754574,2.7612362072969843,68.95415819754787,14.476212164921904,90.64318247382857,31.802427125764517,29.182669838340967,14.24945459633702,415.83712886133344,True,True,2400.0,8.0,751.0,0.28132085573749427,73.00404520960753,0.28132085573749427,0.16879251344249654,0.11252834229499771,True,False,False,True,python_mission_generator,csv_authoritative,validated_csv,explicit_input,calibrated_csv,python_generated_isa_plus_offset
ENG_0001,752.0,temp_mission_001,NORMAL,DESCENT,42,stage5_mission_generator,4292.337421719688,1308.304446140161,6.501171904995019,865.6394494016024,68.08931103864316,4373.5479749503,22.069963950619908,48.188023225802276,7.4001719452255035,0.5850431894629038,283.23506852606033,64.10691534478326,374.91751959213235,403.7514823681499,432.5854451441674,461.41940792018494,418.16846375615864,461.41940792018494,374.91751959213235,86.50188832805259,2.757544353543823,68.94283612829477,14.470019307375939,90.55028961063908,31.735479749503,29.109027724453302,14.248273172050054,414.7533787907892,True,True,2400.0,8.0,752.0,0.2810134615300245,72.89246624917168,0.2810134615300245,0.1686080769180147,0.1124053846120098,True,False,False,True,python_mission_generator,csv_authoritative,validated_csv,explicit_input,calibrated_csv,python_generated_isa_plus_offset
ENG_0001,753.0,temp_mission_001,NORMAL,DESCENT,42,stage5_mission_generator,4271.109288350342,1301.8341110891843,6.543203609066323,866.3239239118814,68.03199507854592,4366.75497227211,22.037303674161162,48.191563315516106,7.38929214687875,0.5857280531299673,283.2638264527053,64.10082188835857,374.722416677319,403.55176495522414,432.3811132331293,461.21046151103445,417.96643909417674,461.21046151103445,374.722416677319,86.48804483371543,2.7537983109304807,68.93134787422811,14.463736567664846,90.4560485149727,31.6675497227211,29.034304694993207,14.24707440687155,413.65389934134816,True,True,2400.0,8.0,753.0,0.2807015554044661,72.7792495378685,0.2807015554044661,0.16842093324267968,0.11228062216178646,True,False,False,True,python_mission_generator,csv_authoritative,validated_csv,explicit_input,calibrated_csv,python_generated_isa_plus_offset
ENG_0001,754.0,temp_mission_001,NORMAL,DESCENT,42,stage5_mission_generator,4249.576721131577,1295.2709846009047,6.585838092159477,867.018662166228,67.97385714705526,4359.864550762105,22.00417501484876,48.19516544375485,7.378256320734641,0.5864227384652325,283.2929967983868,64.09464104533406,374.5245157806787,403.3491833836956,432.1738509867125,460.99851858972943,417.76151718520407,460.99851858972943,374.5245157806787,86.47400280905072,2.749998546110243,68.91969486646656,14.45736477267727,90.36047159015905,31.59864550762105,28.958510058383155,14.24585845013449,412.5388352185223,True,True,2400.0,8.0,754.0,0.2803851762156945,72.66440917936842,0.2803851762156945,0.16823110572941669,0.11215407048627779,True,False,False,True,python_mission_generator,csv_authoritative,validated_csv,explicit_input,calibrated_csv,python_generated_isa_plus_offset
ENG_0001,755.0,temp_mission_001,NORMAL,DESCENT,42,stage5_mission_generator,4227.74246839594,1288.6159043670825,6.629069912576039,867.7235947549983,67.91490466466904,4352.877589886701,21.970582201095024,48.198829685014445,7.367065875362805,0.5871271568017838,283.322575839916,64.08837360460832,374.32384216150655,403.1437635102824,431.9636848590583,460.7836062078341,417.55372418467033,460.7836062078341,374.32384216150655,86.45976404632756,2.7461455440702096,68.90787859235435,14.45090478015586,90.2635717023379,31.528775898867007,28.881653488753706,14.244625457038829,411.40833652727537,True,True,2400.0,8.0,755.0,0.2800643643451101,72.54795983144501,0.2800643643451101,0.16803861860706606,0.11202574573804405,True,False,False,True,python_mission_generator,csv_authoritative,validated_csv,explicit_input,calibrated_csv,python_generated_isa_plus_offset
ENG_0001,756.0,temp_mission_001,NORMAL,DESCENT,42,stage5_mission_generator,4205.609380710323,1281.8697392405065,6.672893426193559,868.4386490174637,67.85514532791787,4345.795001827303,21.936529618603636,48.20255610236369,7.355722271729796,0.5878412161744135,283.3525597156067,64.08202038442595,374.12042201871077,402.9355321535391,431.7506422883675,460.5657524231958,417.3430872209533,460.5657524231958,374.12042201871077,86.44533040448505,2.742239807838361,68.89590059456303,14.444357478161939,90.16536217242908,31.45795001827303,28.803745020100337,14.24337558855776,410.26255867833925,True,True,2400.0,8.0,756.0,0.2797391616762484,72.42991669712173,0.2797391616762484,0.16784349700574905,0.11189566467049937,True,False,False,True,python_mission_generator,csv_authoritative,validated_csv,explicit_input,calibrated_csv,python_generated_isa_plus_offset
ENG_0001,757.0,temp_mission_001,NORMAL,DESCENT,42,stage5_mission_generator,4183.180409215979,1275.0333887290305,6.717302789752361,869.1637490766767,67.79458710488315,4338.617730949113,21.90202180781571,48.20634474737841,7.3442270223483375,0.5885648213731762,283.38294442752334,64.07558223190101,373.9142824755547,402.72451707823797,431.53475168092115,460.3449862836044,417.12963437957956,460.3449862836044,373.9142824755547,86.43070380804966,2.7382818581906267,68.88376247019299,14.437723784539784,90.06585676809678,31.38617730949113,28.724795040440245,14.242109011343961,409.10166229446236,True,True,2400.0,8.0,757.0,0.27940961157038924,72.31029551581855,0.27940961157038924,0.16764576694223354,0.1117638446281557,True,False,False,True,python_mission_generator,csv_authoritative,validated_csv,explicit_input,calibrated_csv,python_generated_isa_plus_offset
ENG_0001,758.0,temp_mission_001,NORMAL,DESCENT,42,stage5_mission_generator,4160.458603968522,1268.1077824896056,6.762291964142328,869.8988158741583,67.733238230715,4331.346753269927,21.867063461355755,48.21019566006636,7.332581690426526,0.5892978739969433,283.4137258437308,64.06906002254061,373.7054515644017,402.5107469797527,431.3160423951037,460.1213378104547,416.9133946874282,460.1213378104547,373.7054515644017,86.41588624605299,2.7342722333579528,68.8714658698752,14.431004646380572,89.96506969570859,31.31346753269927,28.644814285969197,14.240825897635869,407.92581311660007,True,True,2400.0,8.0,758.0,0.27907575884216684,72.18911255449878,0.27907575884216684,0.1674454553053001,0.11163030353686675,True,False,False,True,python_mission_generator,csv_authoritative,validated_csv,explicit_input,calibrated_csv,python_generated_isa_plus_offset
ENG_0001,759.0,temp_mission_001,NORMAL,DESCENT,42,stage5_mission_generator,4137.4471122779405,1261.0938798223162,6.807854717689677,870.6437672044276,67.67110720315044,4323.983075928941,21.831659421477834,48.21410886878383,7.320787889017072,0.5900402725069592,283.44489970054224,64.06245465976828,373.4939582114572,402.2942514684403,431.09454472542336,459.89483798240644,416.6943980969318,459.89483798240644,373.4939582114572,86.40087977094925,2.73021148873337,68.85901249687274,14.424201039486027,89.86301559229041,31.239830759289408,28.563813835218347,14.23952642516393,406.73518191005473,True,True,2400.0,8.0,759.0,0.27873764973517906,72.06638459881567,0.27873764973517906,0.16724258984110743,0.11149505989407163,True,False,False,True,python_mission_generator,csv_authoritative,validated_csv,explicit_input,calibrated_csv,python_generated_isa_plus_offset
ENG_0001,760.0,temp_mission_001,NORMAL,DESCENT,42,stage5_mission_generator,4114.149177048608,1253.992669164416,6.853984629443756,871.398517749394,67.60820277803124,4316.527736655555,21.795814677511476,48.21808439014293,7.308847280166514,0.5907919122803935,283.4764616047685,64.05576707444764,373.2798322215133,402.075061054024,430.8702898865347,459.6655187190454,416.47267547027934,459.6655187190454,373.2798322215133,86.3856864975321,2.726100196579063,68.8464041061826,14.417313967831848,89.75970951747773,31.165277366555546,28.4818051032111,14.238210777056862,405.52994437057345,True,True,2400.0,8.0,760.0,0.2783953318975974,71.94212894425924,0.2783953318975974,0.16703719913855844,0.11135813275903897,True,False,False,True,python_mission_generator,csv_authoritative,validated_csv,explicit_input,calibrated_csv,python_generated_isa_plus_offset
ENG_0001,761.0,temp_mission_001,NORMAL,DESCENT,42,stage5_mission_generator,4090.5681351192866,1246.8051675843585,6.900675092463812,872.1629791126237,67.54453396482208,4308.981803238172,21.759534363307832,48.22212222891089,7.296761574064451,0.5915526856638988,283.50840703596657,64.04899822440582,373.0631042626909,401.85320712997526,430.6433099972597,459.43341286454404,416.24825856361747,459.43341286454404,373.0631042626909,86.37030860185314,2.721938945733437,68.83364250363721,14.410344463030919,89.65516694546379,31.089818032381718,28.39879983561989,14.236879141747913,404.31028103041086,True,True,2400.0,8.0,761.0,0.2780488543577764,71.81636338730286,0.2780488543577764,0.16682931261466583,0.11121954174311055,True,False,False,True,python_mission_generator,csv_authoritative,validated_csv,explicit_input,calibrated_csv,python_generated_isa_plus_offset
ENG_0001,762.0,temp_mission_001,NORMAL,DESCENT,42,stage5_mission_generator,4066.707415603136,1239.5324202758359,6.947919317105791,872.9370598535138,67.48011002212847,4301.346372993004,21.72282375468563,48.226222377900385,7.284532528192759,0.5923224820271631,283.54073134868895,64.04214909395691,372.84380585118447,401.6287219578973,430.4136380646102,459.19855417132305,416.02118001125376,459.19855417132305,372.84380585118447,86.35474832013858,2.7177283413181854,68.82072954500605,14.403293583796387,89.54940375694581,31.013463729930038,28.31481010292304,14.235531712881118,403.0763771643676,True,True,2400.0,8.0,762.0,0.2776982674998634,71.68910621655006,0.2776982674998634,0.16661896049991806,0.11107930699994538,True,False,False,True,python_mission_generator,csv_authoritative,validated_csv,explicit_input,calibrated_csv,python_generated_isa_plus_offset
ENG_0001,763.0,temp_mission_001,NORMAL,DESCENT,42,stage5_mission_generator,4042.570538227725,1232.1755000518108,6.995710334309104,873.7206655213778,67.41494045321485,4293.622572232872,21.68568826687726,48.23038481785177,7.272161946474819,0.5931011878164653,283.5734297747316,64.03522069342559,372.6219693360043,401.40163865190664,430.18130796780895,458.96097728371126,415.7914733098578,458.96097728371126,372.6219693360043,86.33900794770693,2.7134690044453604,68.80766713509747,14.396162415404632,89.44243623106948,30.936225722328718,28.22984829456159,14.234168689217565,401.8284226958105,True,True,2400.0,8.0,763.0,0.27734362303940824,71.56037620388119,0.27734362303940824,0.16640617382364495,0.1109374492157633,True,False,False,True,python_mission_generator,csv_authoritative,validated_csv,explicit_input,calibrated_csv,python_generated_isa_plus_offset
ENG_0001,764.0,temp_mission_001,NORMAL,DESCENT,42,stage5_mission_generator,4018.1611116750382,1224.7355068385516,7.044040998883425,874.5136986894705,67.34903500152261,4285.811555736012,21.648133451974832,48.23460951730701,7.259651678424755,0.5938886866082307,283.6064974253835,64.02821405867054,372.3976278837207,401.17199116301623,429.9463544423117,458.72071772160723,415.55917280266397,458.72071772160723,372.3976278837207,86.32308983788653,2.7091615719244366,68.79445722686016,14.388952069158192,89.33428103737288,30.858115557360126,28.143927113096137,14.23279027454165,400.56661210268373,True,True,2400.0,8.0,764.0,0.2769849739989729,71.4301925956002,0.2769849739989729,0.16619098439938376,0.11079398959958918,True,False,False,True,python_mission_generator,csv_authoritative,validated_csv,explicit_input,calibrated_csv,python_generated_isa_plus_offset
ENG_0001,765.0,temp_mission_001,NORMAL,DESCENT,42,stage5_mission_generator,3993.482831921484,1217.2135671696683,7.092903992795462,875.3160589889654,67.282403646188,4277.914506214875,21.61016499637613,48.23889643247522,7.247003618296626,0.5946848591625847,283.6399292936749,64.021130250608,372.1708154632066,400.9398142635177,429.7088130638287,458.47781186413977,415.3243136636732,458.47781186413977,372.1708154632066,86.30699640093314,2.7048066959693844,68.78110182048485,14.381663681848678,89.22495522773019,30.779145062148746,28.05705956836362,14.23139667756733,399.2911443235187,True,True,2400.0,8.0,765.0,0.276622374683741,71.29857510358124,0.276622374683741,0.1659734248102446,0.11064894987349641,True,False,False,True,python_mission_generator,csv_authoritative,validated_csv,explicit_input,calibrated_csv,python_generated_isa_plus_offset
ENG_0001,766.0,temp_mission_001,NORMAL,DESCENT,42,stage5_mission_generator,3968.539480577904,1209.6108336801453,7.1422918284557495,876.1276431429146,67.21505659756033,4269.932633784929,21.571788718230767,48.243245507090634,7.234219704233685,0.5954895834769086,283.67372025662667,64.01397035473522,371.9415668303818,400.7051435313642,429.46872023234647,458.2322969333288,415.0869318818553,458.2322969333288,371.9415668303818,86.29073010294701,2.700405043905734,68.76760296250599,14.374298415219727,89.1144762282959,30.69932633784929,27.96925897163422,14.2299881118444,398.00222266345224,True,True,2400.0,8.0,766.0,0.2762558806571277,71.16554389641549,0.2762558806571277,0.16575352839427662,0.11050235226285109,True,False,False,True,python_mission_generator,csv_authoritative,validated_csv,explicit_input,calibrated_csv,python_generated_isa_plus_offset
ENG_0001,767.0,temp_mission_001,NORMAL,DESCENT,42,stage5_mission_generator,3943.3349232295795,1201.928484600376,7.1921968520054325,876.9483450001966,67.14700429271987,4261.8671754334655,21.535345377228875,48.25288813880372,7.222126078122276,0.5963321179601692,283.70714841601637,64.00737633424751,371.7147270432005,400.47330835785306,429.23188967250564,457.9904709871582,414.85259901517935,457.9904709871582,371.7147270432005,86.27574394395765,2.6959782224033058,68.7543129667548,14.366857455430049,89.00286183145073,30.618671754334656,27.88053892976812,14.22856479566473,396.7000547002587,True,True,2400.0,8.0,767.0,0.2758859934425496,71.03111959055776,0.2758859934425496,0.16553159606552975,0.11035439737701985,True,False,False,True,python_mission_generator,csv_authoritative,validated_csv,explicit_input,calibrated_csv,python_generated_isa_plus_offset
ENG_0001,768.0,temp_mission_001,NORMAL,DESCENT,42,stage5_mission_generator,3917.8731077762436,1194.167723250199,7.242611246603038,877.7780555694745,67.07825739099586,4253.719394488398,21.484314493474113,48.230753373262935,7.206081938685594,0.5968630761347075,283.74237427029607,63.99608398818032,371.45516316165924,400.2053897585549,428.95561635545056,457.7058429523462,414.5805030570027,457.7058429523462,371.45516316165924,86.25067979068695,2.691342359297889,68.73875498667488,14.35934201251661,88.89013018774915,30.537193944883985,27.79091333937238,14.227126951968541,395.38485219040683,True,True,2400.0,8.0,768.0,0.27550962313168725,70.8953232414733,0.27550962313168725,0.16530577387901235,0.1102038492526749,True,False,False,True,python_mission_generator,csv_authoritative,validated_csv,explicit_input,calibrated_csv,python_generated_isa_plus_offset
ENG_0001,769.0,temp_mission_001,NORMAL,DESCENT,42,stage5_mission_generator,3892.158062772085,1186.3297775329315,7.293527035711271,878.6166630531977,67.00882676948463,4245.490580087067,21.42926918618954,48.20042424061567,7.188846499370242,0.5973307237641049,283.7785236472823,63.98359053698108,371.18559896158195,399.9265984242306,428.66759788687915,457.4085973495278,414.29709815555486,457.4085973495278,371.18559896158195,86.22299838794584,2.6866226500233013,68.72251624061288,14.35175331985799,88.77629979786985,30.454905800870673,27.70039638095774,14.225674808250659,394.0568309751483,True,True,2400.0,8.0,769.0,0.27512884166319224,70.75817633478445,0.27512884166319224,0.16507730499791534,0.1100515366652769,True,False,False,True,python_mission_generator,csv_authoritative,validated_csv,explicit_input,calibrated_csv,python_generated_isa_plus_offset
ENG_0001,770.0,temp_mission_001,NORMAL,DESCENT,42,stage5_mission_generator,3866.1938957657594,1178.4158994294035,7.344936086383797,879.4640528816457,66.93872351856756,4237.182046645043,21.37369061142834,48.16968176695324,7.171444086707193,0.5978029018663725,283.8150232319066,63.97097605182775,370.91342327965714,399.6451062175032,428.37678915534923,457.1084720931953,414.0109476864262,457.1084720931953,370.91342327965714,86.19504881353816,2.681857217187898,68.70612017695994,14.344092633637972,88.66138950456958,30.371820466450426,27.60900251309547,14.224208596466772,392.7162108866453,True,True,2400.0,8.0,770.0,0.2747443712631085,70.61970077741738,0.2747443712631085,0.1648466227578651,0.10989774850524342,True,False,False,True,python_mission_generator,csv_authoritative,validated_csv,explicit_input,calibrated_csv,python_generated_isa_plus_offset
ENG_0001,771.0,temp_mission_001,NORMAL,DESCENT,42,stage5_mission_generator,3839.984791640399,1170.4273644919938,7.396830112552009,880.320107747043,66.86795893742908,4228.7951333249275,21.31758772729959,48.13852676179043,7.153877505603042,0.598279534336231,283.8518671411958,63.958242565912684,370.638679984938,399.3609585090558,428.0832370331737,456.8055155572915,413.72209777111476,456.8055155572915,370.638679984938,86.16683557235353,2.6770468288802327,68.68956943842011,14.336361232309413,88.5454184846412,30.287951333249275,27.516746466574205,14.222728552939694,391.3632156541474,True,True,2400.0,8.0,771.0,0.2743562739000598,70.4799188887488,0.2743562739000598,0.16461376434003586,0.10974250956002392,True,False,False,True,python_mission_generator,csv_authoritative,validated_csv,explicit_input,calibrated_csv,python_generated_isa_plus_offset
ENG_0001,772.0,temp_mission_001,NORMAL,DESCENT,42,stage5_mission_generator,3813.5350109536175,1162.3654713386627,7.449200678311837,881.1847076377686,66.79654452957476,4220.331203505158,21.260969653900208,48.10696012485409,7.136149611684996,0.5987605436922033,283.889049385796,63.94539214919409,370.36141373975346,399.07420149000086,427.7869892402483,456.4997769904957,413.4305953651246,456.4997769904957,370.36141373975346,86.13836325074226,2.672192267078066,68.67286671548503,14.32856041605841,88.42840624087616,30.203312035051574,27.423643238556735,14.221234918265615,389.9980728102218,True,True,2400.0,8.0,772.0,0.2739646126632369,70.33885339175262,0.2739646126632369,0.16437876759794215,0.10958584506529477,True,False,False,True,python_mission_generator,csv_authoritative,validated_csv,explicit_input,calibrated_csv,python_generated_isa_plus_offset
ENG_0001,773.0,temp_mission_001,NORMAL,DESCENT,42,stage5_mission_generator,3786.8488882775205,1154.2315411469883,7.5020392012105095,882.0577298726712,66.72449199834931,4211.791644248807,21.20384566976167,48.074982847383616,7.118263310188284,0.5992458511068033,283.9265638723063,63.93242690758955,370.0816699823079,398.7848821538844,427.4880943254608,456.19130649703726,413.1364882396726,456.19130649703726,370.0816699823079,86.10963651472935,2.667294327343689,68.65601474538559,14.320691506268856,88.31037259403286,30.117916442488067,27.329708086736872,14.219727937220378,388.62101359705,True,True,2400.0,8.0,773.0,0.2735694517378176,70.19652740414678,0.2735694517378176,0.16414167104269056,0.10942778069512704,True,False,False,True,python_mission_generator,csv_authoritative,validated_csv,explicit_input,calibrated_csv,python_generated_isa_plus_offset
ENG_0001,774.0,temp_mission_001,NORMAL,DESCENT,42,stage5_mission_generator,3759.930830538713,1146.0269171481998,7.555336955533348,882.9390491355053,66.65181324245452,4203.177865772388,21.146225208296514,48.042596013476704,7.100221554843526,0.599735376436722,283.964404405612,63.91934898216949,369.79949490927874,398.49304827868764,427.1866016480965,455.8801550175054,412.83982496339206,455.8801550175054,369.79949490927874,86.08066010822665,2.6623538185192563,68.6390163110437,14.312755844987393,88.19133767481091,30.03177865772388,27.23495652349627,14.218207858665716,387.23227287279377,True,True,2400.0,8.0,774.0,0.2731708563803854,70.0529644295398,0.2731708563803854,0.16390251382823123,0.10926834255215417,True,False,False,True,python_mission_generator,csv_authoritative,validated_csv,explicit_input,calibrated_csv,python_generated_isa_plus_offset
ENG_0001,775.0,temp_mission_001,NORMAL,DESCENT,42,stage5_mission_generator,3732.78531535831,1137.752964121213,7.609085075590547,883.8285375095277,66.57852035146743,4194.491300914659,21.088117854245148,48.00980080148015,7.082027346764162,0.6002290382530179,284.00256469121854,63.906160548350705,369.5149354584161,398.1987484088316,426.88256135924706,455.56637430966254,412.5406548840393,455.56637430966254,369.5149354584161,86.05143885124642,2.657371562422109,68.62187424002398,14.304754794388808,88.07132191583213,29.944913009146592,27.139404310061252,14.216674935455528,385.83208901804153,True,True,2400.0,8.0,775.0,0.2727688928943492,69.90818834857765,0.2727688928943492,0.16366133573660951,0.10910755715773968,True,False,False,True,python_mission_generator,csv_authoritative,validated_csv,explicit_input,calibrated_csv,python_generated_isa_plus_offset
ENG_0001,776.0,temp_mission_001,NORMAL,DESCENT,42,stage5_mission_generator,3705.4168893919436,1129.4110678866646,7.663274559003952,884.7260645122403,66.50462560135824,4185.733404605422,21.029533340122374,47.97659848542314,7.063683733333823,0.6007267538713043,284.0410383375847,63.892863815089875,369.22803929114104,397.9020318371792,426.57602438321743,455.2500169292556,412.2390281101983,455.2500169292556,369.22803929114104,86.02197763811455,2.652348393540101,68.60459140348561,14.296689736241948,87.95034604362922,29.85733404605422,27.043067450659642,14.215129424342134,384.4207038423409,True,True,2400.0,8.0,776.0,0.27236362860536256,69.76222341009037,0.27236362860536256,0.16341817716321752,0.10894545144214503,True,False,False,True,python_mission_generator,csv_authoritative,validated_csv,explicit_input,calibrated_csv,python_generated_isa_plus_offset
ENG_0001,777.0,temp_mission_001,NORMAL,DESCENT,42,stage5_mission_generator,3677.830166669769,1121.0026348009455,7.717896269993858,885.6314971303298,66.43014145000838,4176.905653334326,20.977166727228816,47.95827419328221,7.047130849275643,0.6011598127446356,284.0776050959628,63.88050752741543,368.9527500412012,397.6178340065439,426.28291797188655,454.9480019372292,411.9503759892152,454.9480019372292,368.9527500412012,85.99525189602798,2.6473056496816367,68.58817349281861,14.288562071376147,87.82843107064221,29.769056533343264,26.94596218667759,14.213571585882528,382.9983624908256,True,True,2400.0,8.0,777.0,0.2719564052052311,69.61509422223877,0.2719564052052311,0.16317384312313868,0.10878256208209246,True,False,False,True,python_mission_generator,csv_authoritative,validated_csv,explicit_input,calibrated_csv,python_generated_isa_plus_offset
ENG_0001,778.0,temp_mission_001,NORMAL,DESCENT,42,stage5_mission_generator,3650.0298269364766,1112.529091250238,7.772940942665777,886.544699854801,66.3550805327285,4168.009544619673,20.944999024761422,47.986936097334,7.036419946850848,0.6013847108129559,284.107631969805,63.87128098750143,368.71815570135345,397.37731385496596,426.0364720085784,454.6956301621909,411.7068929317722,454.6956301621909,368.71815570135345,85.97747446083747,2.642287012657086,68.57471911199531,14.280373219148254,87.70559828722382,29.680095446196727,26.848104990816402,14.212001684344648,381.5653133509446,True,True,2400.0,8.0,778.0,0.27154995313164937,69.46682574366122,0.27154995313164937,0.1629299718789896,0.10861998125265976,True,False,False,True,python_mission_generator,csv_authoritative,validated_csv,explicit_input,calibrated_csv,python_generated_isa_plus_offset
ENG_0001,779.0,temp_mission_001,NORMAL,DESCENT,42,stage5_mission_generator,3622.0206139912993,1103.9918831445482,7.828399184297227,887.4655347163331,66.27945565777651,4159.046596477216,20.91258963563127,48.01593734750005,7.02562856984865,0.6016112986153703,284.1378844455515,63.86198512551994,368.4817987760941,397.13498659537913,425.78817441466424,454.4413622339493,411.4615805050217,454.4413622339493,368.4817987760941,85.95956345785521,2.63723066894101,68.5611636439276,14.272124616910284,87.58186925365428,29.590465964772157,26.74951256124937,14.210419987613626,380.1218079592998,True,True,2400.0,8.0,779.0,0.27114044724826164,69.31744327462026,0.27114044724826164,0.16268426834895697,0.10845617889930466,True,False,False,True,python_mission_generator,csv_authoritative,validated_csv,explicit_input,calibrated_csv,python_generated_isa_plus_offset
ENG_0001,780.0,temp_mission_001,NORMAL,DESCENT,42,stage5_mission_generator,3593.8073340280207,1095.3924754117409,7.884261478624519,888.3938613208674,66.20327980187565,4150.018346888966,20.87994412107299,48.04527653487366,7.014758569997235,0.601839537270926,284.1683573320795,63.8526215365788,368.24371982269196,396.89089380952186,425.53806779635175,454.18524178318165,411.2144808029368,454.18524178318165,368.24371982269196,85.9415219604897,2.632137486168205,68.54750941464326,14.263817719477718,87.45726579216577,29.500183468889663,26.65020181577863,14.208826767098053,378.66810090860054,True,True,2400.0,8.0,780.0,0.27072795782354125,69.16697244814944,0.27072795782354125,0.16243677469412474,0.1082911831294165,True,False,False,True,python_mission_generator,csv_authoritative,validated_csv,explicit_input,calibrated_csv,python_generated_isa_plus_offset
ENG_0001,781.0,temp_mission_001,NORMAL,DESCENT,42,stage5_mission_generator,3565.3948539749827,1086.7323514915747,7.940518189129534,889.3295368854596,66.12656610573245,4140.926353271994,20.847068112597,48.07495216337126,7.003811822424575,0.6020693874073422,284.1990453726676,63.84319183594275,368.0039599109274,396.64507760458974,425.28619529825215,453.9273129919145,410.96563645142095,453.9273129919145,368.0039599109274,85.92335308098711,2.62700834293753,68.53375877956339,14.255453998598517,87.33180997897776,29.409263532719944,26.550189885991937,14.207222297636234,377.20444975474066,True,True,2400.0,8.0,781.0,0.2703125560139249,69.0154392211999,0.2703125560139249,0.16218753360835494,0.10812502240556997,True,False,False,True,python_mission_generator,csv_authoritative,validated_csv,explicit_input,calibrated_csv,python_generated_isa_plus_offset
ENG_0001,782.0,temp_mission_001,NORMAL,DESCENT,42,stage5_mission_generator,3536.788099835094,1078.0130128297367,7.997159562326514,890.2724162743924,66.04932786955476,4131.77219194723,20.813967310068755,48.1049626483309,6.99279022501886,0.6023008091744393,284.22994324678837,63.833697658482535,367.76256060908366,396.3975805988737,425.03260058866374,453.66762057845375,410.7150905937687,453.66762057845375,367.76256060908366,85.90505996937009,2.6218441285122385,68.51991412269912,14.247034942422896,87.20552413634346,29.317721919472298,26.449494111419526,14.205606857402453,375.731114924007,True,True,2400.0,8.0,782.0,0.2698943138395432,68.86286986578716,0.2698943138395432,0.16193658830372593,0.10795772553581728,True,False,False,True,python_mission_generator,csv_authoritative,validated_csv,explicit_input,calibrated_csv,python_generated_isa_plus_offset
ENG_0001,783.0,temp_mission_001,NORMAL,DESCENT,42,stage5_mission_generator,3507.9920550258403,1069.2359783718762,8.054175731048836,891.2223520355857,65.97157854856977,4122.557457608269,20.78064747978794,48.135306315082865,6.981695697788942,0.6025337622575667,284.2610455719016,63.824140658123994,367.5195639699397,396.14844590739835,424.77732784485704,453.40620978231567,410.4628868761277,453.40620978231567,367.5195639699397,85.88664581237595,2.616645742520312,68.50597785584822,14.238562054973855,87.07843082460784,29.22557457608269,26.34813203369096,14.203980727813224,374.24835962042465,True,True,2400.0,8.0,783.0,0.2694733041599508,68.70929096013782,0.2694733041599508,0.16168398249597046,0.10778932166398032,True,False,False,True,python_mission_generator,csv_authoritative,validated_csv,explicit_input,calibrated_csv,python_generated_isa_plus_offset
ENG_0001,784.0,temp_mission_001,NORMAL,DESCENT,42,stage5_mission_generator,3479.011758719293,1060.4027840576405,8.1115567177358,892.1791944373131,65.8933317485421,4113.283762790174,20.74711445256779,48.16598139749456,6.970530182224779,0.602768205891034,284.2923469052471,63.81452250729714,367.2750125167614,395.8977171275599,424.5204217383583,453.1431263491568,410.2090694329591,453.1431263491568,367.2750125167614,85.86811383239535,2.611414094654789,68.49195241779164,14.230036855618545,86.95055283427818,29.132837627901736,26.246121390691908,14.20234419343356,372.7564497332456,True,True,2400.0,8.0,784.0,0.26904960064985645,68.55472937983623,0.26904960064985645,0.16142976038991386,0.10761984025994259,True,False,False,True,python_mission_generator,csv_authoritative,validated_csv,explicit_input,calibrated_csv,python_generated_isa_plus_offset
ENG_0001,785.0,temp_mission_001,NORMAL,DESCENT,42,stage5_mission_generator,3449.8523041821127,1051.514982314708,8.169292437719417,893.1427915052417,65.81460122129171,4103.952737338276,20.71337412181419,48.196986036490166,6.9592956406578645,0.6030040988715369,284.32384174563737,63.80484489638522,367.02894922929465,395.6454383247649,424.2619274202351,452.87841651570534,409.9536828725,452.87841651570534,367.02894922929465,85.84946728641069,2.6061501043740964,68.47784027349026,14.221460878540508,86.82191317810762,29.03952737338276,26.143480110721036,14.200697541883226,371.2556537445892,True,True,2400.0,8.0,785.0,0.26862327777485373,68.39921228897127,0.26862327777485373,0.16117396666491224,0.10744931110994149,True,False,False,True,python_mission_generator,csv_authoritative,validated_csv,explicit_input,calibrated_csv,python_generated_isa_plus_offset
ENG_0001,786.0,temp_mission_001,NORMAL,DESCENT,42,stage5_mission_generator,3420.518837115565,1042.5741415528244,8.227372702511182,894.1129890598041,65.73540086021202,4094.566027876981,20.679432441604998,48.228318278547796,6.947994055621676,0.6032413995715892,284.3555245352512,63.79510953317374,366.7814175297565,395.39165401806804,424.0018905063796,452.61212699469115,409.6967722622238,452.61212699469115,366.7814175297565,85.83070946493467,2.600854700602382,68.46364391328142,14.21283567221279,86.69253508319187,28.94566027876981,26.04022630664679,14.199041063742996,369.74624263723837,True,True,2400.0,8.0,786.0,0.2681944107671508,68.24276713128302,0.2681944107671508,0.16091664646029047,0.10727776430686031,True,False,False,True,python_mission_generator,csv_authoritative,validated_csv,explicit_input,calibrated_csv,python_generated_isa_plus_offset
ENG_0001,787.0,temp_mission_001,NORMAL,DESCENT,42,stage5_mission_generator,3391.0165539955215,1033.581845657835,8.285787223088867,895.0896307539455,65.6557446957879,4085.125297278567,20.645295424769262,48.259976074175114,6.936627429212102,0.6034800659529495,284.387389661426,63.78531814229963,366.5324612688277,395.1364091658107,423.74035706279363,452.3443049597766,409.43838311430216,452.3443049597766,366.5324612688277,85.81184369094888,2.595528821429843,68.4493658520756,14.204162798871998,86.56244198307998,28.85125297278567,25.936378270064235,14.197375052460924,368.2284898025996,True,True,2400.0,8.0,787.0,0.2677630756013011,68.08542162130945,0.2677630756013011,0.16065784536078065,0.10710523024052043,True,False,False,True,python_mission_generator,csv_authoritative,validated_csv,explicit_input,calibrated_csv,python_generated_isa_plus_offset
ENG_0001,788.0,temp_mission_001,NORMAL,DESCENT,42,stage5_mission_generator,3361.3507004124735,1024.539693485722,8.344525613183302,896.0725581112231,65.57564689111368,4075.6322241319913,20.610969140966404,48.291957276365146,6.925197782447903,0.6037200555800515,284.419431458451,63.77547246470025,366.2821247116453,394.8797491512592,423.4773735908731,452.07499803048705,409.17856137106617,452.07499803048705,366.2821247116453,85.79287331884177,2.590173413813062,68.43500862855299,14.195443833993327,86.4316575098999,28.756322241319914,25.831954465451904,14.195699804258586,366.7026709488323,True,True,2400.0,8.0,788.0,0.2673293489699332,67.92720373553318,0.2673293489699332,0.16039760938195993,0.10693173958797329,True,False,False,True,python_mission_generator,csv_authoritative,validated_csv,explicit_input,calibrated_csv,python_generated_isa_plus_offset
ENG_0001,789.0,temp_mission_001,NORMAL,DESCENT,42,stage5_mission_generator,3331.5265694115405,1015.4492983566377,8.40357739256515,897.0616105643066,65.49512173741115,4066.0885022116927,20.57645971476547,48.32425963903445,6.913707154631121,0.6039613256334316,284.4516442093602,63.76557425706246,366.03045252379366,394.62171976824294,423.2129870126923,451.80425425714157,408.9173533904676,451.80425425714157,366.03045252379366,85.77380173334791,2.5847894332753314,68.42057480436016,14.186680365766595,86.30020548649892,28.660885022116926,25.72697352432862,14.194015618037358,365.16906400915406,True,True,2400.0,8.0,789.0,0.26689330825948154,67.76814170352822,0.26689330825948154,0.16013598495568893,0.10675732330379262,True,False,False,True,python_mission_generator,csv_authoritative,validated_csv,explicit_input,calibrated_csv,python_generated_isa_plus_offset
ENG_0001,790.0,temp_mission_001,NORMAL,DESCENT,42,stage5_mission_generator,3301.549499832474,1006.3122875489381,8.462931990331702,898.0566254938833,65.41418364954768,4056.4958399463917,20.541773323724385,48.35688081544549,6.902157602707547,0.6042038329231595,284.4840221477253,63.755625291271755,365.7774897572974,394.36236720679267,422.9472446562879,451.5321221057832,408.6548059315403,451.5321221057832,365.7774897572974,85.75463234848576,2.5793778436069905,68.40606696330666,14.17787399457329,86.16810991859936,28.56495839946392,25.62145423941031,14.192322795284657,363.62794905032564,True,True,2400.0,8.0,790.0,0.2664550315259161,67.60826399910653,0.2664550315259161,0.15987301891554964,0.10658201261036644,True,False,False,True,python_mission_generator,csv_authoritative,validated_csv,explicit_input,calibrated_csv,python_generated_isa_plus_offset
ENG_0001,791.0,temp_mission_001,NORMAL,DESCENT,42,stage5_mission_generator,3271.4248746496696,997.1303017932194,8.522578748193654,899.0574382679738,65.33284716155411,4046.855959887894,20.506916196469145,48.389818356614704,6.890551200627137,0.6044475339022656,284.5165594594483,63.74562735386126,365.5232818366131,394.1017380387787,422.68019424094433,451.25865044310996,408.3909661398615,451.25865044310996,365.5232818366131,85.73536860649688,2.5739396165657547,68.39148771056163,14.16902633246471,86.03539498697066,28.46855959887894,25.515415558766836,14.190621639980217,362.0796081813246,True,True,2400.0,8.0,791.0,0.2660145974704732,67.4475993314649,0.2660145974704732,0.1596087584822839,0.10640583898818928,True,False,False,True,python_mission_generator,csv_authoritative,validated_csv,explicit_input,calibrated_csv,python_generated_isa_plus_offset
ENG_0001,792.0,temp_mission_001,NORMAL,DESCENT,42,stage5_mission_generator,3241.158119312175,987.904994766351,8.582506923761894,900.0638822816908,65.25112692214287,4037.170598179896,20.47124231256117,48.42152680015469,6.87837547665976,0.604690455072503,284.54989348711104,63.73543561418918,365.2667221009757,393.8386078869323,422.41049367288895,450.98237945884557,408.12455077991063,450.98237945884557,365.2667221009757,85.71565735786987,2.568471506195422,68.37674182711868,14.1601390026412,85.90208503961802,28.37170598179896,25.408876579978855,14.188912458502335,360.5243254622102,True,True,2400.0,8.0,792.0,0.26557196116810694,67.2861766363316,0.26557196116810694,0.15934317670086415,0.10622878446724278,True,False,False,True,python_mission_generator,csv_authoritative,validated_csv,explicit_input,calibrated_csv,python_generated_isa_plus_offset
ENG_0001,793.0,temp_mission_001,NORMAL,DESCENT,42,stage5_mission_generator,3210.7547000836985,978.6380325855114,8.642705693834277,901.0757889974456,65.16903769022599,4027.4415040267836,20.435117722691754,48.45284523655083,6.865916304581868,0.6049336163421252,284.5836636169847,63.725132749807194,365.00849222072037,393.57372514214313,422.1389580635659,450.70419098498866,407.8563416028545,450.70419098498866,365.00849222072037,85.69569876426829,2.5629768294787714,68.36188591730975,14.151213638932493,85.7682045839874,28.274415040267836,25.30185654429462,14.187195559534139,358.9623868131864,True,True,2400.0,8.0,793.0,0.2651272710569561,67.12402506711307,0.2651272710569561,0.15907636263417366,0.10605090842278245,True,False,False,True,python_mission_generator,csv_authoritative,validated_csv,explicit_input,calibrated_csv,python_generated_isa_plus_offset
ENG_0001,794.0,temp_mission_001,NORMAL,DESCENT,42,stage5_mission_generator,3180.220122382617,969.3310933022217,8.70316415768242,902.0929879856088,65.08659433043306,4017.670439162437,20.39883729357296,48.48445144161077,6.853403384405201,0.6051778265944447,284.6175794291129,63.71478543950466,364.74914835271187,393.3076997095541,421.8662510663962,450.4248024232384,407.58697538797514,450.4248024232384,364.74914835271187,85.67565407052655,2.557458449066158,68.34696592002351,14.142251885279244,85.63377827918866,28.17670439162437,25.19437483078681,14.185471253969842,357.3940799238676,True,True,2400.0,8.0,794.0,0.2646806625801331,66.96117398604062,0.2646806625801331,0.15880839754807988,0.10587226503205326,True,False,False,True,python_mission_generator,csv_authoritative,validated_csv,explicit_input,calibrated_csv,python_generated_isa_plus_offset
ENG_0001,795.0,temp_mission_001,NORMAL,DESCENT,42,stage5_mission_generator,3149.559929121983,959.9858663963804,8.763871340338474,903.1153069656635,65.00381180862935,4007.8591773190346,20.362407611156847,48.51634273341143,6.840838987588352,0.6054230414982058,284.65163476679004,63.70439556161903,364.48873757539764,393.04057988051073,421.5924221856238,450.1442644907369,407.31650103306725,450.1442644907369,364.48873757539764,85.65552691533924,2.5519173667039667,68.33198454367299,14.133255395215727,85.49883092823592,28.078591773190347,25.08645095050938,14.183739854821006,355.8196941627522,True,True,2400.0,8.0,795.0,0.2642322168100531,66.79765295531725,0.2642322168100531,0.15853933008603185,0.10569288672402125,True,False,False,True,python_mission_generator,csv_authoritative,validated_csv,explicit_input,calibrated_csv,python_generated_isa_plus_offset
ENG_0001,796.0,temp_mission_001,NORMAL,DESCENT,42,stage5_mission_generator,3118.7796990495335,950.6040522702979,8.824816195881924,904.1425718478383,64.92070518743374,3998.009503695851,20.32298474426612,48.54170772892484,6.828222186596331,0.6056765999586489,284.6861572592,63.69340585500833,364.2211360123826,392.76576433683636,421.31039266129005,449.8550209857438,407.0380784990632,449.8550209857438,364.2211360123826,85.6338849733612,2.5463402071275305,68.31651693022489,14.123741901835071,85.35612852752607,27.97611404435021,24.972133051741913,14.182001677122797,354.15483282113746,True,True,2400.0,8.0,796.0,0.26378147237950683,66.63349172826419,0.26378147237950683,0.1582688834277041,0.10551258895180274,True,False,False,True,python_mission_generator,csv_authoritative,validated_csv,explicit_input,calibrated_csv,python_generated_isa_plus_offset
ENG_0001,797.0,temp_mission_001,NORMAL,DESCENT,42,stage5_mission_generator,3087.8850450877044,941.1873617427324,8.885987610726346,905.1746067752405,64.8372896217368,3988.1232144280652,20.274819452720173,48.54671076142602,6.815759874128415,0.6060164505668757,284.71861552159675,63.681014768692364,363.93240915458716,392.4685160711322,421.00462298767724,449.5407299042223,406.73656952940473,449.5407299042223,363.93240915458716,85.60832074963514,2.540715221175611,68.29970243590326,14.11227773563028,85.18416603445422,27.85747857313678,24.833725001992914,14.180257037840247,352.14860373529933,True,True,2400.0,8.0,797.0,0.26332741502120965,66.46872024046776,0.26332741502120965,0.15799644901272578,0.10533096600848386,True,False,False,True,python_mission_generator,csv_authoritative,validated_csv,explicit_input,calibrated_csv,python_generated_isa_plus_offset
ENG_0001,798.0,temp_mission_001,NORMAL,DESCENT,42,stage5_mission_generator,3056.8816126736283,931.737515542922,8.947374406906215,906.211234166523,64.7535803542188,3978.202116055561,20.22807482967722,48.55557366554246,6.804953914322076,0.6063456435077348,284.753487970667,63.66885206720484,363.6472372378659,392.1750398151647,420.7028423924635,449.2306449697623,406.4389411038141,449.2306449697623,363.6472372378659,85.58340773189639,2.535076457956056,68.28306727702547,14.100775978972562,85.01163968458843,27.73842539266673,24.694829624777853,14.178506255774511,350.1357963201985,True,True,2400.0,8.0,798.0,0.2628720618567245,66.30336860092602,0.2628720618567245,0.15772323711403471,0.10514882474268981,True,False,False,True,python_mission_generator,csv_authoritative,validated_csv,explicit_input,calibrated_csv,python_generated_isa_plus_offset
ENG_0001,799.0,temp_mission_001,NORMAL,DESCENT,42,stage5_mission_generator,3025.775078099152,922.2562438046216,9.008965345363679,907.252274759062,64.6695927108677,3968.2480249917285,20.18155841121179,48.565433816837135,6.794526009359021,0.6066729741098417,284.7890678028408,63.65671404093533,363.3622364517721,391.8817664297638,420.4012964077554,448.9208263857471,406.1415314187596,448.9208263857471,363.3622364517721,85.55858993397499,2.529420372178878,68.26643434592376,14.089238766159317,84.83858149238976,27.61897629990074,24.555472349884198,14.176749651469128,348.11678407788065,True,True,2400.0,8.0,799.0,0.26241526748866817,66.13746708319547,0.26241526748866817,0.1574491604932009,0.10496610699546727,True,False,False,True,python_mission_generator,csv_authoritative,validated_csv,explicit_input,calibrated_csv,python_generated_isa_plus_offset
ENG_0001,800.0,temp_mission_001,NORMAL,DESCENT,42,stage5_mission_generator,2994.571146850839,912.7452855601357,9.070749129235338,908.2975476526834,64.58534209649727,3958.2627669922686,19.951015505844662,48.13176271070583,6.739863215958623,0.6066379456929483,284.80136710652505,63.60413506553521,362.65912110321364,391.13730863633145,419.6154961694492,448.09368370256703,405.37640240289033,448.09368370256703,362.65912110321364,85.4345625993534,2.5226020526570494,68.22216720985921,14.077668240365757,84.66502360548635,27.499153203907223,24.41567873789176,14.174987547116283,346.09194206400747,True,True,2400.0,8.0,800.0,0.2619220179443368,65.9710461165378,0.2619220179443368,0.15715321076660207,0.10476880717773472,True,False,False,True,python_mission_generator,csv_authoritative,validated_csv,explicit_input,calibrated_csv,python_generated_isa_plus_offset
ENG_0001,801.0,temp_mission_001,NORMAL,DESCENT,42,stage5_mission_generator,2963.2755519499815,903.2063882343544,9.132714407139037,909.3468703539442,64.50084399026495,3948.248176623994,19.856209482980002,48.02454783356533,6.719485630546135,0.6069740641464472,284.8311375333019,63.5818997693291,362.26336685316517,390.7248668971431,419.18636694112104,447.647866985099,404.95561691913207,447.647866985099,362.26336685316517,85.3845001319338,2.516639019498479,68.19823215377228,14.066066552999928,84.49099829499892,27.378978119487925,24.275474472735915,14.173220266463058,344.0616467749873,True,True,2400.0,8.0,801.0,0.261453303087695,65.80413627706656,0.261453303087695,0.156871981852617,0.104581321235078,True,False,False,True,python_mission_generator,csv_authoritative,validated_csv,explicit_input,calibrated_csv,python_generated_isa_plus_offset
ENG_0001,802.0,temp_mission_001,NORMAL,DESCENT,42,stage5_mission_generator,2931.8940522926086,893.6413071387872,9.194849776460636,910.4000588209732,64.41611394119005,3938.2060967336347,19.76114322258556,47.9164911297549,6.6990521097370275,0.6073111052273642,284.86098967832925,63.559603438408274,361.86652627858456,390.31129302714555,418.7560597757066,447.2008265242676,404.5336764014261,447.2008265242676,361.86652627858456,85.33430024568304,2.510659618128561,68.17423139721946,14.054435863059473,84.3165379458921,27.258473160803618,24.134885354270885,14.1714481347177,342.02627603540765,True,True,2400.0,8.0,802.0,0.260983301633506,65.63676827889391,0.260983301633506,0.1565899809801036,0.10439332065340241,True,False,False,True,python_mission_generator,csv_authoritative,validated_csv,explicit_input,calibrated_csv,python_generated_isa_plus_offset
ENG_0001,803.0,temp_mission_001,NORMAL,DESCENT,42,stage5_mission_generator,2900.4324309894914,884.0518049655971,9.257143786640807,911.4569275088861,64.33116756367163,3928.138377916637,19.665834243859585,47.80760394081833,6.678566419103869,0.6076490068243935,284.8909180403321,63.53725018163154,361.4686725108716,389.89666324141854,418.3246539719655,446.75264470251244,404.110658606692,446.75264470251244,361.4686725108716,85.28397219164083,2.504664950455772,68.15016936315808,14.042778336490137,84.14167504735207,27.137660534999647,23.99393729083292,14.169671478455877,339.9862088857741,True,True,2400.0,8.0,803.0,0.26051210019555526,65.46897296527729,0.26051210019555526,0.15630726011733315,0.10420484007822212,True,False,False,True,python_mission_generator,csv_authoritative,validated_csv,explicit_input,calibrated_csv,python_generated_isa_plus_offset
ENG_0001,804.0,temp_mission_001,NORMAL,DESCENT,42,stage5_mission_generator,2868.8964937061573,874.4396512816368,9.319584942461809,912.517289415792,64.24602053300663,3918.0468779859702,19.570300134327127,47.697897975706134,6.65803233890537,0.6079877065839892,284.92091709657973,63.51484412388274,361.06987896664674,389.4810540522891,417.8922291379314,446.30340422357375,403.68664159511025,446.30340422357375,361.06987896664674,85.23352525692701,2.49865612268615,68.12605049179545,14.031096145546057,83.96644218319085,27.016562535831643,23.852656291803584,14.167890625526937,337.9418254705601,True,True,2400.0,8.0,804.0,0.26003978572543096,65.30078129976617,0.26003978572543096,0.15602387143525856,0.10401591429017239,True,False,False,True,python_mission_generator,csv_authoritative,validated_csv,explicit_input,calibrated_csv,python_generated_isa_plus_offset
ENG_0001,805.0,temp_mission_001,NORMAL,DESCENT,42,stage5_mission_generator,2837.2920670028907,864.8066220224812,9.382161707334276,913.5809561293814,64.1606885809078,3907.933461440925,19.474558544811202,47.587385315353565,6.637453663005491,0.6083271419281926,284.950981304465,63.492389404891206,360.67021932675857,389.064542247454,417.4588651681494,445.85318808884483,403.2617037078017,445.85318808884483,360.67021932675857,85.18296876208626,2.4926342450070003,68.10187923931939,14.019391468151833,83.7908720222775,26.8952015372911,23.71106846017295,14.166105904960164,335.8935069265707,True,True,2400.0,8.0,805.0,0.25956644548766283,65.13222435734875,0.25956644548766283,0.1557398672925977,0.10382657819506513,True,False,False,True,python_mission_generator,csv_authoritative,validated_csv,explicit_input,calibrated_csv,python_generated_isa_plus_offset
ENG_0001,806.0,temp_mission_001,NORMAL,DESCENT,42,stage5_mission_generator,2805.6249966747487,855.1544989864634,9.444862506583998,914.6477378741348,64.07518749102182,3897.7999989359196,19.378627184404188,47.476078417182165,6.616834197792603,0.6086672500724625,284.9811051030836,63.469890178052516,360.2697675152929,388.6472048681036,417.0246422209143,445.40207957372496,402.83592354450894,445.40207957372496,360.2697675152929,85.13231205843203,2.4866004312706043,68.07766007662848,14.00766648726643,83.61499730899646,26.773599987231034,23.569199985102873,14.164317646871044,333.84163527162536,True,True,2400.0,8.0,806.0,0.25909216703486004,64.96333331559866,0.25909216703486004,0.15545530022091603,0.10363686681394402,True,False,False,True,python_mission_generator,csv_authoritative,validated_csv,explicit_input,calibrated_csv,python_generated_isa_plus_offset
ENG_0001,807.0,temp_mission_001,NORMAL,DESCENT,42,stage5_mission_generator,2773.9011460915663,845.4850693287094,9.507675730738699,915.7174435591272,63.989533094447225,3887.648366749301,19.28252381543893,47.36399011951383,6.596177761098563,0.6090079680435007,285.0112829148126,63.44735060924898,359.8685976785804,388.2291191870444,416.58964069550825,444.95016220397224,402.4093799412763,444.95016220397224,359.8685976785804,85.08156452539185,2.4805557986779236,68.05339748806266,13.99592339024892,83.43885085373381,26.651780400991615,23.42707713449022,14.162526182367523,331.7865932935613,True,True,2400.0,8.0,807.0,0.2586170381828498,64.79413944582168,0.2586170381828498,0.1551702229097099,0.10344681527313992,True,False,False,True,python_mission_generator,csv_authoritative,validated_csv,explicit_input,calibrated_csv,python_generated_isa_plus_offset
ENG_0001,808.0,temp_mission_001,NORMAL,DESCENT,42,stage5_mission_generator,2742.126394537963,835.8001250551711,9.570589738814833,916.7898808264673,63.9037412652525,3877.480446252148,19.186266248460168,47.25113364588803,6.575488181117889,0.609349232697084,285.0415091468903,63.42477487567024,359.4667841642055,387.8103626868226,416.1539412094397,444.49751973205684,401.98215194813116,444.49751973205684,359.4667841642055,85.03073556785137,2.4745014674623094,68.02909597013361,13.984164368226061,83.26246552339092,26.529765355025773,23.28472624753007,14.160731843456261,329.7287644395609,True,True,2400.0,8.0,808.0,0.25814114698581525,64.62467410420247,0.25814114698581525,0.15488468819148915,0.1032564587943261,True,False,False,True,python_mission_generator,csv_authoritative,validated_csv,explicit_input,calibrated_csv,python_generated_isa_plus_offset
ENG_0001,809.0,temp_mission_001,NORMAL,DESCENT,42,stage5_mission_generator,2710.3066355533556,826.1014625166629,9.633592861604356,917.8648561003585,63.81782791599406,3867.298123377074,19.08987233719568,47.13752260927033,6.554769295326844,0.6096909807358895,285.0717781929943,63.40216716463388,359.06440150001356,387.39101303784673,415.7176245756799,444.0442361135131,401.5543188067633,444.0442361135131,359.06440150001356,84.97983461349952,2.468438560573208,68.00476003025511,13.972391615461762,83.08587423192643,26.407577480524886,23.142173727279033,14.158934962948896,327.66853270580845,True,True,2400.0,8.0,809.0,0.25766458171143414,64.45496872295124,0.25766458171143414,0.15459874902686047,0.10306583268457366,True,False,False,True,python_mission_generator,csv_authoritative,validated_csv,explicit_input,calibrated_csv,python_generated_isa_plus_offset
ENG_0001,810.0,temp_mission_001,NORMAL,DESCENT,42,stage5_mission_generator,2678.447775271962,816.3908819028941,9.696673404961516,918.9421746367958,63.731808993234296,3857.103288087028,18.993359973527628,47.0231710161421,6.534024949402594,0.6100331487273257,285.10208443482185,63.37953167240598,358.66152437312076,386.97114807651144,415.2807717799021,443.5903954832928,401.1259599282068,443.5903954832928,358.66152437312076,84.92887111017205,2.462368203359868,67.98039418547356,13.960607328728422,82.90910993092633,26.285239457044334,22.99944603321839,14.157135874368299,325.60628252747375,True,True,2400.0,8.0,810.0,0.2571874308160168,64.28505480145047,0.2571874308160168,0.1543124584896101,0.10287497232640673,True,False,False,True,python_mission_generator,csv_authoritative,validated_csv,explicit_input,calibrated_csv,python_generated_isa_plus_offset
ENG_0001,811.0,temp_mission_001,NORMAL,DESCENT,42,stage5_mission_generator,2646.555730762814,806.6701867365058,9.759819653089629,920.0216405739149,63.6457004730596,3846.8978338441,18.89674708246378,46.90809327045952,6.513258996142309,0.6103756731213597,285.13242224366786,63.35687260302175,358.2582276089207,386.55084578331986,414.84346395771905,443.1360821321182,400.69715487051946,443.1360821321182,358.2582276089207,84.87785452319747,2.4562915232550444,67.95600296119835,13.948813706680172,82.73220560020258,26.162774006129204,22.856569673817404,14.155334911854842,323.54239866903015,True,True,2400.0,8.0,811.0,0.25670978291964425,64.11496389740167,0.25670978291964425,0.15402586975178653,0.1026839131678577,True,False,False,True,python_mission_generator,csv_authoritative,validated_csv,explicit_input,calibrated_csv,python_generated_isa_plus_offset
ENG_0001,812.0,temp_mission_001,NORMAL,DESCENT,42,stage5_mission_generator,2614.636428369763,796.9411833671038,9.823019871827869,921.10305698298,63.55951835659836,3836.6836570783244,18.800051617108807,46.792304177470484,6.492475294382302,0.6107184902683451,285.1627859820046,63.33419416710607,357.8545861500942,386.1301842610076,414.405782371921,442.68138048283447,400.2679833164643,442.68138048283447,357.8545861500942,84.82679433274029,2.450209649458711,67.9315908899323,13.93701294922803,82.55519423842046,26.040203884939892,22.713571199096542,14.153532410072646,321.47726611490555,True,True,2400.0,8.0,812.0,0.25623172678130723,63.94472761797207,0.25623172678130723,0.15373903606878433,0.1024926907125229,True,False,False,True,python_mission_generator,csv_authoritative,validated_csv,explicit_input,calibrated_csv,python_generated_isa_plus_offset
ENG_0001,813.0,temp_mission_001,NORMAL,DESCENT,42,stage5_mission_generator,2582.6958020514885,787.2056804652938,9.886262311938053,922.1862259200306,63.47327866553902,3826.4626566564766,18.69423033977428,46.653205837999636,6.46713587568597,0.6107338756830316,285.19317000506044,63.30791088836924,357.4310337072783,385.6871726914823,413.9433116756864,442.19945065989043,399.81524218358436,442.19945065989043,357.4310337072783,84.76841695261214,2.443987376642951,67.90580332792292,13.925207256916963,82.37810885375444,25.91755187987772,22.570477193190673,14.151728704115849,319.41126996046853,True,True,2400.0,8.0,813.0,0.2557516253285461,63.77437761094128,0.2557516253285461,0.15345097519712766,0.10230065013141845,True,False,False,True,python_mission_generator,csv_authoritative,validated_csv,explicit_input,calibrated_csv,python_generated_isa_plus_offset
ENG_0001,814.0,temp_mission_001,NORMAL,DESCENT,42,stage5_mission_generator,2550.739791721506,777.4654885167151,9.949535212391417,923.270948478201,63.38699743764806,3816.236733350882,18.587168053107895,46.51031705469235,6.441187757578692,0.6107062356666014,285.22356866239943,63.28114350350596,357.00469769809797,385.24104934576457,413.4774009934312,441.7137526410978,399.3592251695979,441.7137526410978,357.00469769809797,84.70905494299984,2.4377442014221717,67.87982483931656,13.913398830304875,82.20098245457312,25.794840800210583,22.427314266912347,14.149924129414861,317.3447953033532,True,True,2400.0,8.0,814.0,0.2552710659632864,63.60394555584803,0.2552710659632864,0.15316263957797185,0.10210842638531457,True,False,False,True,python_mission_generator,csv_authoritative,validated_csv,explicit_input,calibrated_csv,python_generated_isa_plus_offset
ENG_0001,815.0,temp_mission_001,NORMAL,DESCENT,42,stage5_mission_generator,2518.7743415881796,767.7224193160772,10.012826803655404,924.3570248406846,63.30069072228808,3806.0077893082175,18.480074140249094,46.366617899012944,6.41523197439904,0.6106785874853122,285.25397629949975,63.254368211558955,356.57823574928864,384.7947942152399,413.01135268119117,441.22791114714244,398.90307344821554,441.22791114714244,356.57823574928864,84.6496753978538,2.431499181967844,67.85383867666634,13.901589869343548,82.02384804015323,25.67209347169861,22.284109050315045,14.148119021642627,315.2782271351209,True,True,2400.0,8.0,815.0,0.254790364640822,63.433463155136955,0.254790364640822,0.1528742187844932,0.1019161458563288,True,False,False,True,python_mission_generator,csv_authoritative,validated_csv,explicit_input,calibrated_csv,python_generated_isa_plus_offset
ENG_0001,816.0,temp_mission_001,NORMAL,DESCENT,42,stage5_mission_generator,2486.805398494724,757.978285461192,10.076125310980446,925.4442543343898,63.21437457593576,3795.7777275183116,18.372968524918846,46.222128426752626,6.389273354953501,0.6106509362828239,285.2843872593333,63.2275899937959,356.15172719970946,384.34849032108536,412.5452534424612,440.7420165638371,398.4468718817733,440.7420165638371,356.15172719970946,84.59028936412767,2.4252534801016035,67.82784967443058,13.889782572761494,81.84673859142241,25.54933273021974,22.140888185256365,14.14631371662088,313.2119502332613,True,True,2400.0,8.0,816.0,0.25430961079068953,63.262962125305194,0.25430961079068953,0.15258576647441371,0.10172384431627582,True,False,False,True,python_mission_generator,csv_authoritative,validated_csv,explicit_input,calibrated_csv,python_generated_isa_plus_offset
ENG_0001,817.0,temp_mission_001,NORMAL,DESCENT,42,stage5_mission_generator,2454.83891025922,748.2348998470103,10.139418957686743,926.5324354842564,63.12806505769989,3785.5484512829503,18.265871134104195,46.07686920325125,6.36331672884015,0.6106232872036389,285.31479588394467,63.20081383230103,355.7252514012257,383.90222069808766,412.0791899949497,440.2561592918116,397.99070534651867,440.2561592918116,355.7252514012257,84.53090789058592,2.4190082578355443,67.80186266786008,13.877979137448763,81.66968706173145,25.426581415395404,21.997678317961302,14.144508550226403,311.1463490535336,True,True,2400.0,8.0,817.0,0.25382889385708596,63.092474188049174,0.25382889385708596,0.15229733631425157,0.10153155754283438,True,False,False,True,python_mission_generator,csv_authoritative,validated_csv,explicit_input,calibrated_csv,python_generated_isa_plus_offset
ENG_0001,818.0,temp_mission_001,NORMAL,DESCENT,42,stage5_mission_generator,2422.8808240146145,738.4940751596546,10.202695968451064,927.6213660682545,63.04177822483946,3775.321863684677,18.226211484311847,46.10136708294361,6.356301516577584,0.610866481953299,285.35718043468626,63.189566489184784,355.453195089588,383.62284462628674,411.7924941629854,439.96214369968413,397.70766939463607,439.96214369968413,355.453195089588,84.50894861009613,2.413219768021648,67.7859939304209,13.8661817578437,81.49272636765551,25.303862364216123,21.854506091585478,14.142703858297295,309.08180762264766,True,True,2400.0,8.0,818.0,0.25336114319615555,62.92203106141128,0.25336114319615555,0.15201668591769332,0.10134445727846222,True,False,False,True,python_mission_generator,csv_authoritative,validated_csv,explicit_input,calibrated_csv,python_generated_isa_plus_offset
ENG_0001,819.0,temp_mission_001,NORMAL,DESCENT,42,stage5_mission_generator,2390.9370845487365,728.7576233704549,10.2659445725935,928.7108431730629,62.95553012828159,3765.0998670555955,18.192462733005176,46.14093341280467,6.350944757111123,0.6111332446527086,285.4005936183889,63.17968114336531,355.19475080133884,383.35817391912707,411.52159703691524,439.68502015470347,397.43988547802115,439.68502015470347,355.19475080133884,84.49026935336462,2.407473661855131,67.7710162809947,13.854392625321625,81.31588937982437,25.181198404667146,21.711398138778335,14.140899976539224,307.0187094312843,True,True,2400.0,8.0,819.0,0.2528947250142647,62.75166445092659,0.2528947250142647,0.1517368350085588,0.10115789000570588,True,False,False,True,python_mission_generator,csv_authoritative,validated_csv,explicit_input,calibrated_csv,python_generated_isa_plus_offset
ENG_0001,820.0,temp_mission_001,NORMAL,DESCENT,42,stage5_mission_generator,2359.0136326443017,719.0273552299832,10.329153007364283,929.8006632504326,62.869336808139614,3754.8843624461765,18.158735415628197,46.18068983321215,6.345591399738113,0.6113998379303552,285.44397923025275,63.16980207575759,354.93647065180556,383.0936713051,411.2508719583943,439.40807261168874,397.17227163174715,439.40807261168874,354.93647065180556,84.47160195988317,2.401731205057281,67.75604814391701,13.842613927585468,81.13920891378203,25.058612349354117,21.56838107424647,14.139097240431678,304.9574373274571,True,True,2400.0,8.0,820.0,0.25242860305591186,62.58140604076961,0.25242860305591186,0.1514571618335471,0.10097144122236475,True,False,False,True,python_mission_generator,csv_authoritative,validated_csv,explicit_input,calibrated_csv,python_generated_isa_plus_offset
ENG_0001,821.0,temp_mission_001,NORMAL,DESCENT,42,stage5_mission_generator,2327.1164034189233,709.3050797620879,10.392309521230532,930.8906221742286,62.7832142892311,3744.6772490940557,18.125035802668076,46.22063024112572,6.340242439739568,0.611666212221973,285.4873292041482,63.15993112304985,354.678402659701,382.82938595978123,410.9803692598614,439.1313525599416,396.9048776098213,439.1313525599416,354.678402659701,84.45294990024058,2.3959934652493757,67.74109230202144,13.830847848058353,80.9627177208753,24.936126989128667,21.42548148731678,14.137295985134246,302.89837341021166,True,True,2400.0,8.0,821.0,0.2519628639811693,62.41128748490093,0.2519628639811693,0.15117771838870156,0.10078514559246772,True,False,False,True,python_mission_generator,csv_authoritative,validated_csv,explicit_input,calibrated_csv,python_generated_isa_plus_offset
ENG_0001,822.0,temp_mission_001,NORMAL,DESCENT,42,stage5_mission_generator,2295.2513246651174,699.5926037579278,10.455402377163068,931.9805152981605,62.69717857659582,3734.4804238928373,18.091370156872962,46.26074839246479,6.334898871168134,0.6119323180244682,285.5306354839003,63.150070119663475,354.4205947844732,382.56536699805395,410.7101392116348,438.8549114252155,396.63775310484436,438.8549114252155,354.4205947844732,84.43431664074228,2.390261508735036,67.726151534707,13.819096565278079,80.78644847917118,24.81376508671405,21.282725934499723,14.135496545392854,300.84189892366373,True,True,2400.0,8.0,822.0,0.2514975943431535,62.24134039821396,0.2514975943431535,0.1508985566058921,0.10059903773726141,True,False,False,True,python_mission_generator,csv_authoritative,validated_csv,explicit_input,calibrated_csv,python_generated_isa_plus_offset
ENG_0001,823.0,temp_mission_001,NORMAL,DESCENT,42,stage5_mission_generator,2263.424315190314,689.8917312700077,10.518419855923177,933.0701375141994,62.611245651013846,3724.2957808609003,18.057744731498214,46.301037901644236,6.329561686569711,0.6121981059097815,285.5738900255456,63.14022089723933,354.1630949128754,382.3016634603553,410.4402320078353,438.5788005553152,396.3709477340953,438.5788005553152,354.1630949128754,84.41570564243978,2.384536400201631,67.7112286171598,13.807362252293577,80.61043378440367,24.691549370330804,21.140140932052603,14.133699255446041,298.7883941513762,True,True,2400.0,8.0,823.0,0.2510328805637878,62.07159634768167,0.2510328805637878,0.15061972833827267,0.10041315222551513,True,False,False,True,python_mission_generator,csv_authoritative,validated_csv,explicit_input,calibrated_csv,python_generated_isa_plus_offset
ENG_0001,824.0,temp_mission_001,NORMAL,DESCENT,42,stage5_mission_generator,2231.641283156863,680.2042631062119,10.58135025934941,934.1592833116732,62.52543146452353,3714.1252106101965,18.024165768552606,46.341492241209416,6.3242318767050945,0.6124635265387508,285.6170847995879,63.13038528412404,353.90595084553604,382.0383242989226,410.17069775230914,438.3030712056957,396.10451102561586,438.3030712056957,353.90595084553604,84.39712036015965,2.378819202421669,67.69632631957478,13.795647076063256,80.43470614094885,24.569502527322356,20.99775294854275,14.131904448931211,296.7382383110697,True,True,2400.0,8.0,824.0,0.2505688089095641,61.90208684350328,0.2505688089095641,0.15034128534573846,0.10022752356382565,True,False,False,True,python_mission_generator,csv_authoritative,validated_csv,explicit_input,calibrated_csv,python_generated_isa_plus_offset
ENG_0001,825.0,temp_mission_001,NORMAL,DESCENT,42,stage5_mission_generator,2199.908124422045,670.5319963238394,10.64418191364435,935.2477468370612,62.439751935939526,3703.9705998150544,17.990639497044533,46.382104741574835,6.318910430271594,0.6127285306749742,285.6602117932542,63.12056510485626,353.64921028352785,381.77539836403884,409.90158644454976,438.02777452506075,395.8384924042943,438.02777452506075,353.64921028352785,84.3785642415329,2.3731109759541957,67.68144740637729,13.783953196855249,80.25929795282875,24.447647197780654,20.855588397410763,14.130112458790892,294.6918094496686,True,True,2400.0,8.0,825.0,0.250105465467305,61.73284333025091,0.250105465467305,0.150063279280383,0.10004218618692201,True,False,False,True,python_mission_generator,csv_authoritative,validated_csv,explicit_input,calibrated_csv,python_generated_isa_plus_offset
ENG_0001,826.0,temp_mission_001,NORMAL,DESCENT,42,stage5_mission_generator,2168.230720878079,660.8767237236385,10.706903172661404,936.335321954451,62.35422294637081,3693.833830680985,17.95717213122819,46.42286859087167,6.3135983336246655,0.6129930691986715,285.70326301275037,63.11076217965304,353.3929208149373,381.51293439027893,409.6329479656205,437.7529615409621,395.5729411779497,437.7529615409621,353.3929208149373,84.36004072602475,2.367412778846194,67.6665946354448,13.7722827676496,80.08424151474401,24.32600596817182,20.713673629533794,14.128323617178998,292.6494843386801,True,True,2400.0,8.0,826.0,0.2496429361199259,61.56389717801642,0.2496429361199259,0.14978576167195554,0.09985717444797038,True,False,False,True,python_mission_generator,csv_authoritative,validated_csv,explicit_input,calibrated_csv,python_generated_isa_plus_offset
ENG_0001,827.0,temp_mission_001,NORMAL,DESCENT,42,stage5_mission_generator,2136.6149387921296,651.2402333438412,10.769502421191582,937.4218023066946,62.26886033473875,3683.7167804134815,17.92376986884985,46.46377683490903,6.308296570499551,0.6132570931205483,285.74623048551814,63.100978323896044,353.13712990143546,381.2509809827566,409.36483206407763,437.47868314539875,395.3079065234171,437.47868314539875,353.13712990143546,84.34155324396329,2.3617256663339794,67.65177075732856,13.760637933542299,79.9095690031345,24.20460136496178,20.572034925788742,14.126538255367086,290.61163836990244,True,True,2400.0,8.0,827.0,0.24918130652219714,61.39527967355802,0.24918130652219714,0.1495087839133183,0.09967252260887886,True,False,False,True,python_mission_generator,csv_authoritative,validated_csv,explicit_input,calibrated_csv,python_generated_isa_plus_offset
ENG_0001,828.0,temp_mission_001,NORMAL,DESCENT,42,stage5_mission_generator,2105.0666271463174,641.6243079541975,10.831968078250291,938.5069813772369,62.18367989329506,3673.6213206868215,17.890438889394016,46.504822377253525,6.303006121732898,0.6135205535956578,285.78910626249,63.09121534761793,352.88188486484637,380.98958660336945,409.0972883418926,437.20499008041566,395.043437472631,437.20499008041566,352.88188486484637,84.32310521556929,2.356050690544597,67.63697851447532,13.749020831151206,79.7353124672681,24.083455848241858,20.4306984896155,14.124756703650617,288.57864545146106,True,True,2400.0,8.0,828.0,0.24872066207650584,61.227022011447026,0.24872066207650584,0.1492323972459035,0.09948826483060234,True,False,False,True,python_mission_generator,csv_authoritative,validated_csv,explicit_input,calibrated_csv,python_generated_isa_plus_offset
ENG_0001,829.0,temp_mission_001,NORMAL,DESCENT,42,stage5_mission_generator,2073.591615977728,632.0307245500115,10.8942886003641,939.590652552616,62.09869736313986,3663.549317112873,17.8571265717655,46.545844763796005,6.2977040442153935,0.6137843587680232,285.83182926308154,63.0814676775422,352.6270775613643,380.72863645066025,408.83019533995616,436.93175422925214,394.7794158953082,436.93175422925214,352.6270775613643,84.30467666788786,2.35038881123235,67.62221182336431,13.73743358802383,79.56150382035744,23.962591805354474,20.28969043958022,14.122979291255213,286.5508779041703,True,True,2400.0,8.0,829.0,0.2482610767123203,61.059155285214544,0.2482610767123203,0.14895664602739217,0.09930443068492813,True,False,False,True,python_mission_generator,csv_authoritative,validated_csv,explicit_input,calibrated_csv,python_generated_isa_plus_offset
ENG_0001,830.0,temp_mission_001,NORMAL,DESCENT,42,stage5_mission_generator,2042.1957147184135,622.4612538461724,10.956452484857541,940.6726091856433,62.013928429739714,3653.502628709892,17.820609000575587,46.57839283971247,6.291076841034641,0.6141010389676509,285.87147054505004,63.0713317131164,352.3642204176322,380.4592157934542,408.5542111692762,436.64920654509814,394.5067134813652,436.64920654509814,352.3642204176322,84.28498612746591,2.344736184697824,67.60698889993493,13.725878322046949,79.38817483070423,23.842031544518704,20.14903680193849,14.121206346242923,284.528706358216,True,True,2400.0,8.0,830.0,0.24780202000634052,60.891710478498204,0.24780202000634052,0.1486812120038043,0.09912080800253621,True,False,False,True,python_mission_generator,csv_authoritative,validated_csv,explicit_input,calibrated_csv,python_generated_isa_plus_offset
ENG_0001,831.0,temp_mission_001,NORMAL,DESCENT,42,stage5_mission_generator,2010.8847105354112,612.9176597711934,11.018448273139885,941.7526446592468,61.92938871844561,3643.4831073713317,17.784190175874972,46.61103167434046,6.284467558351522,0.6144168628382041,285.9110046337605,63.061223157164655,352.1020740610442,380.1905236716676,408.2789732822911,436.3674228929145,394.23474847697935,436.3674228929145,352.1020740610442,84.26534883187026,2.3390988433262345,67.59180714053144,13.714357140858045,79.21535711287068,23.72179728845598,20.008763503198644,14.119438195418471,282.512499650158,True,True,2400.0,8.0,831.0,0.2473442046271147,60.72471845618886,0.2473442046271147,0.1484065227762688,0.0989376818508459,True,False,False,True,python_mission_generator,csv_authoritative,validated_csv,explicit_input,calibrated_csv,python_generated_isa_plus_offset
ENG_0001,832.0,temp_mission_001,NORMAL,DESCENT,42,stage5_mission_generator,1979.6643666707455,603.4016989612433,11.080264553991924,942.8305524509789,61.84509379001101,3633.4925973346385,17.747876801073755,46.64375522904168,6.277877412699859,0.614731772247743,285.9504242523939,63.05114387031254,351.840686743419,379.92260954196183,408.00453234050474,436.0864551390476,393.9635709412333,436.0864551390476,351.840686743419,84.2457683956286,2.333477824751586,67.57666933957566,13.702872141258553,79.04308211887829,23.60191116801566,19.86889636268494,14.117675164235525,280.50262472024673,True,True,2400.0,8.0,832.0,0.24688771484216804,60.55820995557731,0.24688771484216804,0.14813262890530082,0.09875508593686722,True,False,False,True,python_mission_generator,csv_authoritative,validated_csv,explicit_input,calibrated_csv,python_generated_isa_plus_offset
ENG_0001,833.0,temp_mission_001,NORMAL,DESCENT,42,stage5_mission_generator,1948.540420781439,593.9151202541826,11.141889966852752,943.9061261981798,61.761059136109886,3623.5329346500603,17.711675549823266,46.67655735492526,6.271307615212871,0.6150457093223956,285.98972215643477,63.04109570492564,351.580106502369,379.6555226414431,407.73093878051725,435.80635491959134,393.6932307109802,435.80635491959134,351.580106502369,84.22624841722234,2.3278741620014736,67.56157827908405,13.691425408628868,78.87138112943303,23.48239521580072,19.729461085100844,14.115917576702952,278.4994465100519,True,True,2400.0,8.0,833.0,0.24643263454493336,60.392215577501005,0.24643263454493336,0.14785958072696,0.09857305381797335,True,False,False,True,python_mission_generator,csv_authoritative,validated_csv,explicit_input,calibrated_csv,python_generated_isa_plus_offset
ENG_0001,834.0,temp_mission_001,NORMAL,DESCENT,42,stage5_mission_generator,1917.5185832795187,584.4596641835973,11.203313205106554,944.9791597637966,61.6773001748547,3613.605946649446,17.675593064085344,46.7094317935531,6.264759371272764,0.6153586164631013,286.0288911357686,63.03108050457368,351.3203811474023,379.38931197341753,407.4582427994328,435.52717362544803,393.4237773864252,435.52717362544803,351.3203811474023,84.20679247804571,2.3222888831982074,67.54653672786277,13.680019016345131,78.70028524517697,23.363271359793355,19.590483253092245,14.11416575529108,276.5033278603979,True,True,2400.0,8.0,834.0,0.24597904723047945,60.22676577749077,0.24597904723047945,0.14758742833828767,0.09839161889219178,True,False,False,True,python_mission_generator,csv_authoritative,validated_csv,explicit_input,calibrated_csv,python_generated_isa_plus_offset
ENG_0001,835.0,temp_mission_001,NORMAL,DESCENT,42,stage5_mission_generator,1886.6045356720228,575.0370624728326,11.264523019369395,946.0494473028485,61.59383224631446,3603.7134514150475,17.639635952201502,46.74237217776574,6.258233880160336,0.6156704363623545,286.0679240167766,63.021100103494604,351.0615582460246,379.12402629314613,407.1864943402677,435.2489623873892,393.1552603167069,435.2489623873892,351.0615582460246,84.1874041413646,2.316723011259943,67.53154744070282,13.668655025197726,78.52982537796589,23.24456141698057,19.451988319810667,14.11242002083795,274.51462940960204,True,True,2400.0,8.0,835.0,0.24552703597123932,60.06189085691746,0.24552703597123932,0.14731622158274357,0.09821081438849573,True,False,False,True,python_mission_generator,csv_authoritative,validated_csv,explicit_input,calibrated_csv,python_generated_isa_plus_offset
ENG_0001,836.0,temp_mission_001,NORMAL,DESCENT,42,stage5_mission_generator,1855.8039289010194,565.6490375290307,11.325508220775982,947.1167833295195,61.510670608032754,3593.8572572483263,17.603810786962168,46.7753720326327,6.251732334704579,0.6159811120209489,286.10681366443225,63.01115632605865,350.80368510984135,378.85971409359985,406.9157430773583,434.9717720611168,392.88772858547907,434.9717720611168,350.80368510984135,84.16808695127543,2.3111775636018153,67.5166131575752,13.657335482811495,78.36003224217244,23.126287086979914,19.31400160147657,14.110680692455587,272.5337094920117,True,True,2400.0,8.0,836.0,0.24507668339273894,59.89762095413877,0.24507668339273894,0.14704601003564335,0.09803067335709559,True,False,False,True,python_mission_generator,csv_authoritative,validated_csv,explicit_input,calibrated_csv,python_generated_isa_plus_offset
ENG_0001,837.0,temp_mission_001,NORMAL,DESCENT,42,stage5_mission_generator,1825.122381683601,556.2973019371616,11.38625768426647,948.180962784898,61.427830430545725,3584.0391621387525,17.56812410367587,46.808424776531076,6.245255920932276,0.6162905867647204,286.1455529843972,63.00125098623242,350.5468087806595,378.59642359121415,406.6460384017689,434.6956532123236,392.62123099649153,434.6956532123236,350.5468087806595,84.14884443166409,2.305653551837062,67.50173660282597,13.646062423067626,78.1909363460144,23.00846994566503,19.176548269942536,14.10894808743625,270.56092403683465,True,True,2400.0,8.0,837.0,0.24462807164932499,59.73398603564588,0.24462807164932499,0.14677684298959498,0.09785122865973,True,False,False,True,python_mission_generator,csv_authoritative,validated_csv,explicit_input,calibrated_csv,python_generated_isa_plus_offset
ENG_0001,838.0,temp_mission_001,NORMAL,DESCENT,42,stage5_mission_generator,1794.5654788519,546.9835579540592,11.446760351873237,949.2417811053247,61.34532679290013,3574.260953232608,17.532582398238475,46.84152372235618,6.238805817717605,0.6165988042612919,286.18413492511706,62.99138588704298,350.2909760165894,378.3342027116445,406.37742940669955,434.4206561017546,392.355816059172,434.4206561017546,350.2909760165894,84.1296800851652,2.3001519814781557,67.48692048437141,13.634837865527183,78.02256798290776,22.891131438791295,19.03965334525651,14.107222521158695,268.5966264672571,True,True,2400.0,8.0,838.0,0.2441812823998937,59.57101588721013,0.2441812823998937,0.1465087694399362,0.09767251295995749,True,False,False,True,python_mission_generator,csv_authoritative,validated_csv,explicit_input,calibrated_csv,python_generated_isa_plus_offset
ENG_0001,839.0,temp_mission_001,NORMAL,DESCENT,42,stage5_mission_generator,1764.1387696931001,537.7094970024569,11.507005236007661,950.2990342913591,61.26317467817137,3564.5244063017917,17.49719212520238,46.874662078867594,6.232383196431738,0.6169057085368161,286.2225524799174,62.981562820041965,350.0362332781476,378.07309907552104,406.1099648728945,434.14683067026795,392.0915319742078,434.14683067026795,350.0362332781476,84.11059739212033,2.294673851637933,67.47216749289308,13.623663814856265,77.85495722284398,22.774292875621498,18.903341688225083,14.105504306994433,266.6411675998463,True,True,2400.0,8.0,839.0,0.2437363967836192,59.408740105029864,0.2437363967836192,0.14624183807017152,0.09749455871344768,True,False,False,True,python_mission_generator,csv_authoritative,validated_csv,explicit_input,calibrated_csv,python_generated_isa_plus_offset
ENG_0001,840.0,temp_mission_001,NORMAL,DESCENT,42,stage5_mission_generator,1733.8477662894356,528.47679916502,11.566981422746917,951.3525189773509,61.18138896898148,3554.831285212619,17.461959695845724,46.90783295217463,6.225989220592444,0.6172112439927209,286.2607986890997,62.97178356476958,349.7826267143576,377.81315998420337,405.8436932540491,433.87422652389483,391.8284266191262,433.87422652389483,349.7826267143576,84.09159980953723,2.289220154730724,67.45748030103309,13.612542260252736,77.68813390379105,22.65797542255143,18.767637992976667,14.103793756213992,264.6948955442288,True,True,2400.0,8.0,840.0,0.24329349539568135,59.24718808687699,0.24329349539568135,0.14597609723740881,0.09731739815827255,True,False,False,True,python_mission_generator,csv_authoritative,validated_csv,explicit_input,calibrated_csv,python_generated_isa_plus_offset
ENG_0001,841.0,temp_mission_001,NORMAL,DESCENT,42,stage5_mission_generator,1703.6979418582114,519.2871326783828,11.626678075120742,952.4020325015993,61.09998444301717,3545.183341394628,17.426891476241607,46.941029347364264,6.219625045513684,0.6175153554224505,286.2988666420374,62.96204988821879,349.53020214885277,377.55443240553575,405.5786626622188,433.6028929189018,391.56654753387727,433.6028929189018,349.53020214885277,84.07269077004901,2.283791876173482,67.44286156258904,13.601475174874524,77.52212762311787,22.542200096735534,18.63256677952479,14.10209117789317,262.7581556030419,True,True,2400.0,8.0,841.0,0.24285265826299474,59.0863890232438,0.24285265826299474,0.14571159495779684,0.0971410633051979,True,False,False,True,python_mission_generator,csv_authoritative,validated_csv,explicit_input,calibrated_csv,python_generated_isa_plus_offset
ENG_0001,842.0,temp_mission_001,NORMAL,DESCENT,42,stage5_mission_generator,1673.6947290918024,510.14215342718137,11.68608443639823,953.4473729771038,61.01897576854787,3535.582313309377,17.3919937853273,46.97424417027541,6.213291817955218,0.6178179880282122,286.3367494792717,62.9523635442993,349.27900506597797,377.2969629596022,405.31492085322645,433.33287874685067,391.3059419064143,433.33287874685067,349.27900506597797,84.0538736808727,2.278389994086912,67.4283139117092,13.590464515269424,77.35696772904137,22.42698775971252,18.498152386331274,14.100396878819302,260.8312901721493,True,True,2400.0,8.0,842.0,0.2424139648199367,58.92637188848961,0.2424139648199367,0.14544837889196202,0.09696558592797469,True,False,False,True,python_mission_generator,csv_authoritative,validated_csv,explicit_input,calibrated_csv,python_generated_isa_plus_offset
ENG_0001,843.0,temp_mission_001,NORMAL,DESCENT,42,stage5_mission_generator,1643.8435184976624,501.04350443808755,11.745189833374628,954.4883393628813,60.93837749994369,3526.029925919252,17.357272892973455,47.007470229422275,6.2069906757722055,0.618119087437718,286.3744403946077,62.94272627330172,349.02908059689173,377.0407979044811,405.0525152120705,433.06423251965987,391.0466565582758,433.06423251965987,349.02908059689173,84.03515192276814,2.2730154789965993,67.4138399620877,13.579512220806386,77.1926833120958,22.312359111031025,18.36441896286953,14.098711163397516,258.9146386411177,True,True,2400.0,8.0,843.0,0.24197749388407558,58.767165431987536,0.24197749388407558,0.14518649633044534,0.09679099755363024,True,False,False,True,python_mission_generator,csv_authoritative,validated_csv,explicit_input,calibrated_csv,python_generated_isa_plus_offset
ENG_0001,844.0,temp_mission_001,NORMAL,DESCENT,42,stage5_mission_generator,1614.149656738341,491.9928153738464,11.803983679658085,955.5247315358413,60.85820407319352,3516.527890156269,17.322735018053297,47.04070023807042,6.200722747564798,0.6184185997209297,286.41193263721004,62.9331398013616,348.7804735056678,376.7859831220003,404.79149273833264,432.7970023546651,390.78873793016646,432.7970023546651,348.7804735056678,84.01652884899727,2.2676692935341425,67.39944230615959,13.568620213108254,77.02930319662381,22.19833468187523,18.23139046218777,14.097034333556989,257.0085372939444,True,True,2400.0,8.0,844.0,0.2415433236318994,58.608798169271154,0.2415433236318994,0.14492599417913962,0.09661732945275976,True,False,False,True,python_mission_generator,csv_authoritative,validated_csv,explicit_input,calibrated_csv,python_generated_isa_plus_offset
ENG_0001,845.0,temp_mission_001,NORMAL,DESCENT,42,stage5_mission_generator,1584.6184449714783,482.9917020273066,11.862455478956473,956.5563503632133,60.77846980142299,3507.077902390873,17.288386326511883,47.07392681646855,6.194489152327754,0.6187164714068016,286.44921951369906,62.92360583992354,348.5332281753978,376.53256410349195,404.531900031586,432.53123595968015,390.532232067539,432.53123595968015,348.5332281753978,83.99800778428232,2.262352392138278,67.38512351429593,13.557790395485897,76.86685593228846,22.08493482869048,18.099090633472223,14.095366688657213,255.11331921003216,True,True,2400.0,8.0,845.0,0.24111153157454396,58.45129837318122,0.24111153157454396,0.14466691894472636,0.09644461262981759,True,False,False,True,python_mission_generator,csv_authoritative,validated_csv,explicit_input,calibrated_csv,python_generated_isa_plus_offset
ENG_0001,846.0,temp_mission_001,NORMAL,DESCENT,42,stage5_mission_generator,1555.2551371898303,474.0417658154603,11.920594828364136,957.5829977755086,60.69918887041254,3497.6816439007457,17.245803769534444,47.084129379823054,6.18705833255611,0.6189267624689205,286.4930702840599,62.91191668760924,348.27188400013233,376.2633879393583,404.2548918785844,432.24639581781037,390.25913990897135,432.24639581781037,348.27188400013233,83.97451181767804,2.632227225342812,67.36962176001389,13.547024652373732,76.705369785606,21.97217972680895,17.967543014610442,14.09370852539425,253.22931416540308,True,True,2400.0,8.0,846.0,0.24068058897925443,58.29469406501243,0.24068058897925443,0.14440835338755265,0.09627223559170178,True,False,False,True,python_mission_generator,csv_authoritative,validated_csv,explicit_input,calibrated_csv,python_generated_isa_plus_offset
ENG_0001,847.0,temp_mission_001,NORMAL,DESCENT,42,stage5_mission_generator,1526.0649385612592,465.1445932734718,11.978391421648707,958.6044768400017,60.6203753341154,3488.340780339603,17.207109206953245,47.104282391963885,6.182609043401937,0.6190989326930827,286.5598294172937,62.90086812190111,348.03060649612684,376.0148644657861,403.9991224354453,431.9833804051046,390.0069934506157,431.9833804051046,348.03060649612684,83.95277390897775,2.627847155979709,67.3547569379724,13.536324848766531,76.54487273149797,21.860089364075236,17.836770924754443,14.092060137706989,251.35684853414313,True,True,2400.0,8.0,847.0,0.24025287972613035,58.139013005660054,0.24025287972613035,0.1441517278356782,0.09610115189045215,True,False,False,True,python_mission_generator,csv_authoritative,validated_csv,explicit_input,calibrated_csv,python_generated_isa_plus_offset
ENG_0001,848.0,temp_mission_001,NORMAL,DESCENT,42,stage5_mission_generator,1497.0530037687558,456.3017555487168,12.035835052537863,959.6205918347199,60.54204311017564,3479.0569612060017,17.168650951128583,47.12441955783815,6.1781869259488715,0.6192700514778557,286.62618085411765,62.88988702951618,347.7908024679948,375.7678587190479,403.74491497010104,431.72197122115415,389.7563868445745,431.72197122115415,347.7908024679948,83.93116875315934,2.623493835594126,67.3399828950391,13.52569282965756,76.3853924448634,21.748683534472022,17.706797456884022,14.090421816683412,249.49624519007298,True,True,2400.0,8.0,848.0,0.23982778248305647,57.9842826867667,0.23982778248305647,0.14389666948983387,0.0959311129932226,True,False,False,True,python_mission_generator,csv_authoritative,validated_csv,explicit_input,calibrated_csv,python_generated_isa_plus_offset
ENG_0001,849.0,temp_mission_001,NORMAL,DESCENT,42,stage5_mission_generator,1468.2244353504425,447.5148078948149,12.092915618006124,960.6311483229275,60.46420597544619,3469.8318193121413,17.13043576599117,47.14453618705081,6.17379275794659,0.6194400887273452,286.6921129248263,62.87897534177831,347.5525140917994,375.52241414182527,403.49231419185116,431.462214241877,389.5073641668382,431.462214241877,347.5525140917994,83.90970015007758,2.6191680298359032,67.32530222963146,13.515130419477915,76.22695629216872,21.637981831745694,17.57764547036998,14.088793850466848,247.64782340863502,True,True,2400.0,8.0,849.0,0.23940537201494946,57.83053032186902,0.23940537201494946,0.14364322320896966,0.09576214880597979,True,False,False,True,python_mission_generator,csv_authoritative,validated_csv,explicit_input,calibrated_csv,python_generated_isa_plus_offset
ENG_0001,850.0,temp_mission_001,NORMAL,DESCENT,42,stage5_mission_generator,1439.58428203958,438.78528916566404,12.149623121561632,961.6359532280875,60.386877561506864,3460.6669702526656,17.092470344147905,47.16462754098793,6.169427308943609,0.6196090146630099,286.7576140827678,62.86813496964613,347.3157830988689,375.2785737187083,403.2413643385477,431.2041549583871,389.259969028628,431.2041549583871,347.3157830988689,83.8883718595182,2.6148704962813123,67.31071751276727,13.504639421537078,76.06959132305619,21.528003643031987,17.449337583537318,14.087176524162235,245.8118987689887,True,True,2400.0,8.0,850.0,0.23898572229835052,57.67778283754443,0.23898572229835052,0.1433914333790103,0.09559428891934021,True,False,False,True,python_mission_generator,csv_authoritative,validated_csv,explicit_input,calibrated_csv,python_generated_isa_plus_offset
ENG_0001,851.0,temp_mission_001,NORMAL,DESCENT,42,stage5_mission_generator,1411.1375371045801,430.11472130947607,12.205947676532931,962.6348149092863,60.31007135018237,3451.5640118734655,17.054761304681442,47.184688834771784,6.165091340034275,0.6197767998334524,286.82267290814093,62.857367803084635,347.08065076207555,375.03637996206317,402.99210916205084,430.94783836203845,389.014244562057,430.94783836203845,347.08065076207555,83.8671875999629,2.6106019841839734,67.29623128721948,13.49422161746462,75.9133242619693,21.418768142481586,17.321896166228516,14.085570119742377,243.98878305630842,True,True,2400.0,8.0,851.0,0.23856890649710244,57.526066864557755,0.23856890649710244,0.14314134389826147,0.09542756259884098,True,False,False,True,python_mission_generator,csv_authoritative,validated_csv,explicit_input,calibrated_csv,python_generated_isa_plus_offset
ENG_0001,852.0,temp_mission_001,NORMAL,DESCENT,42,stage5_mission_generator,1382.8891366890089,421.5046088628099,12.261879509355762,963.6275432371062,60.23380066906032,3442.524523740483,17.017315190949645,47.204715239320294,6.16078560360572,0.6199434151242097,286.8872781117909,62.84667571043694,346.84715788211446,374.79587489789856,402.7445919136827,430.6933089294668,388.77023340579063,430.6933089294668,346.84715788211446,83.84615104735235,2.606363234225767,67.28184606667072,13.483878766652992,75.75818149979489,21.310294284885796,17.19534333236676,14.083974915954203,242.17878416427382,True,True,2400.0,8.0,852.0,0.23815499693802644,57.37540872900805,0.23815499693802644,0.14289299816281587,0.09526199877521058,True,False,False,True,python_mission_generator,csv_authoritative,validated_csv,explicit_input,calibrated_csv,python_generated_isa_plus_offset
ENG_0001,853.0,temp_mission_001,NORMAL,DESCENT,42,stage5_mission_generator,1354.8439581516013,412.9564384446081,12.31740896285983,964.6139496699271,60.15807868700932,3433.5500666085127,16.980138468385157,47.224701883512225,6.156510843084865,0.6201088317675458,286.9514185390065,62.83606053779596,346.61534477378336,374.55710005173336,402.4988553296834,430.4406106076334,388.5279776907084,430.4406106076334,346.61534477378336,83.82526583385004,2.6021549782677487,67.26756433486803,13.473612605701398,75.60418908552097,21.202600799302154,17.069700932519176,14.082391188225031,240.38220599774465,True,True,2400.0,8.0,853.0,0.2377440650865993,57.225834443475215,0.2377440650865993,0.14264643905195956,0.09509762603463973,True,False,False,True,python_mission_generator,csv_authoritative,validated_csv,explicit_input,calibrated_csv,python_generated_isa_plus_offset
ENG_0001,854.0,temp_mission_001,NORMAL,DESCENT,42,stage5_mission_generator,1327.0068184062661,404.47167825022996,12.372526499555594,965.5938473306395,60.082918409696916,3424.6421818900053,16.943237522294872,47.24464385645853,6.152267792685375,0.6202730213522407,287.01508317331593,62.82552410837605,346.3852512522602,374.3200964344624,402.25494161666467,430.18978679886686,388.28751902556354,430.18978679886686,346.3852512522602,83.80453554660664,2.5979779391010602,67.25338854477754,13.46342484786064,75.4513727179096,21.095706182680065,16.944990546460076,14.080819208568824,238.59934837561218,True,True,2400.0,8.0,854.0,0.23733618152263025,57.077369698166756,0.23733618152263025,0.14240170891357815,0.0949344726090521,True,False,False,True,python_mission_generator,csv_authoritative,validated_csv,explicit_input,calibrated_csv,python_generated_isa_plus_offset
ENG_0001,855.0,temp_mission_001,NORMAL,DESCENT,42,stage5_mission_generator,1299.3824722620911,396.0517775454854,12.427222704921059,966.5670510837657,60.008332675107646,3415.8023911238693,16.90661865565948,47.26453620988083,6.1480571771546515,0.6204359558333826,287.07826114028353,62.815068221884786,346.15691661938354,374.0849045282246,402.01289243706566,429.94088034590675,388.04889848264514,429.94088034590675,346.15691661938354,83.78396372652321,2.593832830197848,67.23932111773908,13.453317182478957,75.29975773718435,20.98962869348643,16.821233475734168,14.079259245492448,236.83050693381736,True,True,2400.0,8.0,855.0,0.23693141591593783,56.93003985206449,0.23693141591593783,0.1421588495495627,0.09477256636637514,True,False,False,True,python_mission_generator,csv_authoritative,validated_csv,explicit_input,calibrated_csv,python_generated_isa_plus_offset
ENG_0001,856.0,temp_mission_001,NORMAL,DESCENT,42,stage5_mission_generator,1271.975610763358,387.6981661606715,12.481488290688551,967.5333776129423,59.934334149061065,3407.0321954442743,16.870288086932923,47.284373960597144,6.143879711520796,0.6205976075421586,287.1409417113065,62.80469465389452,345.9303796499308,373.8515642722692,401.77274889460756,429.69393351694595,387.81215658343837,429.69393351694595,345.9303796499308,83.76355386701516,2.5897203554621706,67.22536444262087,13.443291274448736,75.14936911673104,20.884386345331293,16.69845073621984,14.07771156390193,235.07597302852875,True,True,2400.0,8.0,856.0,0.2365298370020272,56.78386992407124,0.2365298370020272,0.1419179022012163,0.09461193480081088,True,False,False,True,python_mission_generator,csv_authoritative,validated_csv,explicit_input,calibrated_csv,python_generated_isa_plus_offset
ENG_0001,857.0,temp_mission_001,NORMAL,DESCENT,42,stage5_mission_generator,1244.7908595295448,379.4122539846053,12.5353140981315,968.4926454987764,59.86093532072977,3398.3330750494542,16.82430564474916,47.276203038074584,6.137637599012349,0.6206750245266652,287.20277583937445,62.79189316960804,345.6836093100055,373.5960951256896,401.50858094137374,429.4210667570578,387.55233803353167,429.4210667570578,345.6836093100055,83.7374574470523,2.58556297304867,67.21002892951034,13.43334876365411,75.00023145481165,20.779996900593453,16.57666305069236,14.076176425008727,233.33603363946906,True,True,2400.0,8.0,857.0,0.23612961802384436,56.63888458415757,0.23612961802384436,0.1416777708143066,0.09445184720953775,True,False,False,True,python_mission_generator,csv_authoritative,validated_csv,explicit_input,calibrated_csv,python_generated_isa_plus_offset
ENG_0001,858.0,temp_mission_001,NORMAL,DESCENT,42,stage5_mission_generator,1217.8327770953429,371.1954304586605,12.588691101351221,969.4446752970414,59.788148498157426,3389.7064886705098,16.72514443535993,47.11716639261241,6.120146820698501,0.6203052355655463,287.2622716934935,62.76567104665803,345.32005060242176,373.21340560341787,401.10676060441403,429.00011560541014,387.16008310391595,429.00011560541014,345.32005060242176,83.68006500298839,2.5810189442866,67.18678695931439,13.42349126441933,74.85236896628994,20.676477864046117,16.455890841387138,14.074654086235972,231.61097127338257,True,True,2400.0,8.0,858.0,0.2357225337873844,56.4951081445085,0.2357225337873844,0.14143352027243064,0.09428901351495377,True,False,False,True,python_mission_generator,csv_authoritative,validated_csv,explicit_input,calibrated_csv,python_generated_isa_plus_offset
ENG_0001,859.0,temp_mission_001,NORMAL,DESCENT,42,stage5_mission_generator,1191.1058532506568,363.0490640708002,12.6416104105637,970.3892896171875,59.715985803776775,3381.15387304021,16.626833507712846,46.95869232959313,6.102806021288174,0.6199386174491963,287.3212573860403,62.73967377163517,344.95960931679326,372.833997544893,400.70838577299276,428.5827740010925,386.7711916589429,428.5827740010925,344.95960931679326,83.62316468429924,2.576513879396753,67.16374428300594,13.413720364957907,74.70580547436862,20.57384647648252,16.33615422256294,14.073144801124743,229.90106386763364,True,True,2400.0,8.0,859.0,0.2353189401930405,56.35256455067017,0.2353189401930405,0.1411913641158243,0.09412757607721621,True,False,False,True,python_mission_generator,csv_authoritative,validated_csv,explicit_input,calibrated_csv,python_generated_isa_plus_offset
ENG_0001,860.0,temp_mission_001,NORMAL,DESCENT,42,stage5_mission_generator,1164.6145073806138,354.9745018496111,12.694063275386384,971.3263132011667,59.64445916992766,3372.6766423617964,16.529389117844485,46.800821958765056,6.085618068139826,0.6195752307991319,287.3797231635359,62.713905643274735,344.6023450532771,372.45793368649055,400.31352231970396,428.16911095291744,386.38572800309726,428.16911095291744,344.6023450532771,83.56676589964036,2.5720485233064885,67.14090471076761,13.40403762682244,74.56056440233661,20.47211970834156,16.21747299306515,14.071648819240318,228.20658469392697,True,True,2400.0,8.0,860.0,0.23491890397634646,56.21127737269661,0.23491890397634646,0.14095134238580787,0.0939675615905386,True,False,False,True,python_mission_generator,csv_authoritative,validated_csv,explicit_input,calibrated_csv,python_generated_isa_plus_offset
ENG_0001,861.0,temp_mission_001,NORMAL,DESCENT,42,stage5_mission_generator,1138.3630868055761,346.9730688583396,12.74604108812496,972.2555730025364,59.57358033437505,3364.2761877777843,16.432827256712123,46.64359655813812,6.068585781855285,0.6192151352483435,287.43765943154614,62.68837089021465,344.24831644015916,372.08527574157415,399.9222350429892,427.7591943444042,386.0037553922817,427.7591943444042,344.24831644015916,83.51087790424504,2.567623608795995,67.11827199065127,13.394444584355083,74.41666876532625,20.371314253333413,16.099866628888982,14.070166386078434,226.52780226213966,True,True,2400.0,8.0,861.0,0.23452249078461213,56.071269796296406,0.23452249078461213,0.14071349447076728,0.09380899631384486,True,False,False,True,python_mission_generator,csv_authoritative,validated_csv,explicit_input,calibrated_csv,python_generated_isa_plus_offset
ENG_0001,862.0,temp_mission_001,NORMAL,DESCENT,42,stage5_mission_generator,1112.3558651211451,339.04606768892506,12.797535387060133,973.1768982658227,59.503360835827095,3355.9538768387665,16.33716364408773,46.48705754872361,6.051711935202737,0.618858389418526,287.4950567583462,62.66307366938072,343.8975811114683,371.7160843769316,399.53458764239497,427.35309090785825,385.6253360096633,427.35309090785825,343.8975811114683,83.45550979638995,2.563239856218488,67.09584980714676,13.384942744138607,74.27414116207912,20.271446522065197,15.98335427574273,14.068697742971548,224.86498022425639,True,True,2400.0,8.0,862.0,0.23412976515185643,55.932564613979444,0.23412976515185643,0.14047785909111385,0.09365190606074258,True,False,False,True,python_mission_generator,csv_authoritative,validated_csv,explicit_input,calibrated_csv,python_generated_isa_plus_offset
ENG_0001,863.0,temp_mission_001,NORMAL,DESCENT,42,stage5_mission_generator,1086.597040538174,331.19477795603547,12.848537859734416,974.0901206061351,59.43381200945307,3347.711052972216,16.242413722451918,46.33124646842052,6.034999252039692,0.6185050508973077,287.5519058785835,62.638018064372055,343.5501956845887,371.3504191892093,399.15064269382987,426.95086619845046,385.25053094151957,426.95086619845046,343.5501956845887,83.40067051386177,2.5588979732203985,67.07364177975084,13.375533584447982,74.13300376671974,20.17253263566659,15.867954741611022,14.067243126995097,223.2183772783969,True,True,2400.0,8.0,863.0,0.23374079047374055,55.795184216203594,0.23374079047374055,0.14024447428424433,0.09349631618949622,True,False,False,True,python_mission_generator,csv_authoritative,validated_csv,explicit_input,calibrated_csv,python_generated_isa_plus_offset
ENG_0001,864.0,temp_mission_001,NORMAL,DESCENT,42,stage5_mission_generator,1061.0907342227797,323.4204557911033,12.899040346238897,974.9950740889966,59.364944982401504,3339.5490349512893,16.148592650887945,46.17620494505645,6.018450406235969,0.6181551762154799,287.60819769694126,62.61320808384635,343.2062157378736,370.9883386813476,398.7704616248217,426.5525845682957,384.87940015308465,426.5525845682957,343.2062157378736,83.34636883042208,2.5545986544615724,67.05165146153594,13.366218554702435,73.99327832053653,20.07458841941547,15.75368648931805,14.065802770873757,221.5882470729263,True,True,2400.0,8.0,864.0,0.233355628982501,55.65915058252149,0.233355628982501,0.1400133773895006,0.09334225159300041,True,False,False,True,python_mission_generator,csv_authoritative,validated_csv,explicit_input,calibrated_csv,python_generated_isa_plus_offset
ENG_0001,865.0,temp_mission_001,NORMAL,DESCENT,42,stage5_mission_generator,1035.8409886363352,315.72433333635496,12.949034842500057,975.8915953103755,59.29677066931811,3331.469116363627,16.055715298975645,46.02197466859353,6.002068020596653,0.6178088208242268,287.6639232918021,62.58864765990521,342.86569578825805,370.6299002390162,398.39410468977434,426.1583091405325,384.51200246439527,426.1583091405325,342.86569578825805,83.29261335227443,2.5503425813354594,67.02988233771906,13.356999074917928,73.85498612376892,19.977629396363525,15.640567629090778,14.0643769028877,219.9748381106374,True,True,2400.0,8.0,865.0,0.2329743417218824,55.52448527272712,0.2329743417218824,0.13978460503312942,0.09318973668875297,True,False,False,True,python_mission_generator,csv_authoritative,validated_csv,explicit_input,calibrated_csv,python_generated_isa_plus_offset
ENG_0001,866.0,temp_mission_001,NORMAL,DESCENT,42,stage5_mission_generator,1010.851765875494,308.1076182388506,12.998513503566521,976.7795234769007,59.229299767863836,3323.4725650801583,16.020364638031623,46.03113470652355,5.998648207305249,0.6178466469325797,287.7174747262221,62.5781575002558,342.6527371193696,370.4100671931377,398.1673972669058,425.92472734067394,384.28873223002176,425.92472734067394,342.6527371193696,83.27199022130435,2.5465518910574243,67.01682308383249,13.347876535159982,73.71814802739974,19.8816707809619,15.528615911122216,14.062965746778852,218.3783936529968,True,True,2400.0,8.0,866.0,0.23260776345489886,55.39120941800264,0.23260776345489886,0.1395646580729393,0.09304310538195955,True,False,False,True,python_mission_generator,csv_authoritative,validated_csv,explicit_input,calibrated_csv,python_generated_isa_plus_offset
ENG_0001,867.0,temp_mission_001,NORMAL,DESCENT,42,stage5_mission_generator,986.1269460121948,300.571493144517,13.047468646895855,977.658700486231,59.16254275423292,3315.5606227239023,16.014554961290024,46.12424636794326,6.001860992327479,0.6180803161427018,287.7696349984085,62.574902372919624,342.50599139320997,370.2621189020564,398.01824641090286,425.7743739197493,384.1401826564796,425.7743739197493,342.50599139320997,83.26838252653931,2.5430186205759444,67.0082770482357,13.338852294996816,73.58278442495224,19.786727472686827,15.417848718134632,14.061569521657159,216.79915162444283,True,True,2400.0,8.0,867.0,0.2322506194437737,55.25934371206504,0.2322506194437737,0.1393503716662642,0.09290024777750949,True,False,False,True,python_mission_generator,csv_authoritative,validated_csv,explicit_input,calibrated_csv,python_generated_isa_plus_offset
ENG_0001,868.0,temp_mission_001,NORMAL,DESCENT,42,stage5_mission_generator,961.6703254336658,293.11711519218136,13.09589275564134,978.5289710075647,59.0965098786709,3307.734504138773,16.008808304265273,46.216786228393865,6.0050389270798235,0.6183114506562971,287.8212294687903,62.5716825551561,342.3608374723301,370.1157754609223,397.8707134495144,425.6256514381066,383.99324445521836,425.6256514381066,342.3608374723301,83.26481396577651,2.5395236767889067,66.9998237146544,13.32992768295272,73.4489152442908,19.692814049665277,15.308283057942823,14.060188441906842,215.237344516726,True,True,2400.0,8.0,868.0,0.23189734950610486,55.12890840231288,0.23189734950610486,0.1391384097036629,0.09275893980244194,True,False,False,True,python_mission_generator,csv_authoritative,validated_csv,explicit_input,calibrated_csv,python_generated_isa_plus_offset
ENG_0001,869.0,temp_mission_001,NORMAL,DESCENT,42,stage5_mission_generator,937.4856151824379,285.74561550760706,13.143778481938773,979.3901825622542,59.031211160992584,3299.9953968583804,16.003125538953913,46.30872885827793,6.008181529343124,0.6185400154010627,287.8722503084334,62.56849853553971,342.2172973823558,369.9710590758587,397.72482076936154,425.47858246286444,383.8479399226101,425.47858246286444,342.2172973823558,83.26128508050863,2.536067590018356,66.99146436579572,13.321103995961604,73.31655993942405,19.599944762300566,15.199935556017326,14.058822717092657,213.6931992932808,True,True,2400.0,8.0,869.0,0.2315480072469993,54.99992328097301,0.2315480072469993,0.13892880434819957,0.09261920289879973,True,False,False,True,python_mission_generator,csv_authoritative,validated_csv,explicit_input,calibrated_csv,python_generated_isa_plus_offset
ENG_0001,870.0,temp_mission_001,NORMAL,DESCENT,42,stage5_mission_generator,913.5764392963479,278.45809869752685,13.191118650193232,980.242185604523,58.96665638610014,3292.3444605748314,15.997507516908685,46.40004888227095,6.011288328203758,0.618765976126959,287.92268987195155,62.565350791190404,342.07539263252625,369.8279914323706,397.58059023221494,425.3331890320593,383.70429083229277,425.3331890320593,342.07539263252625,83.25779639953305,2.532650878153036,66.98320025429389,13.312382498820678,73.18573748231017,19.50813352689798,15.092822448047638,14.057472551866146,212.1669372936189,True,True,2400.0,8.0,870.0,0.23120264501480242,54.87240767624719,0.23120264501480242,0.13872158700888146,0.09248105800592098,True,False,False,True,python_mission_generator,csv_authoritative,validated_csv,explicit_input,calibrated_csv,python_generated_isa_plus_offset
ENG_0001,871.0,temp_mission_001,NORMAL,DESCENT,42,stage5_mission_generator,889.9463331485485,271.2556423436776,13.237906260365873,981.0848336022444,58.90285509950108,3284.7828266075358,15.991955068848505,46.49072099916023,6.014358864269343,0.6189892994218985,287.9725407010082,62.56223978755504,341.9351442058417,369.6865936854117,397.43804316498165,425.18949264455165,383.5623184251967,425.18949264455165,341.9351442058417,83.25434843870994,2.529274046411172,66.9750326021366,13.3037644236442,73.056466354663,19.41739391929043,14.986959572505501,14.056138145871918,210.65877413773487,True,True,2400.0,8.0,871.0,0.23086131387711978,54.74638044345893,0.23086131387711978,0.13851678832627187,0.09234452555084792,True,False,False,True,python_mission_generator,csv_authoritative,validated_csv,explicit_input,calibrated_csv,python_generated_isa_plus_offset
ENG_0001,872.0,temp_mission_001,NORMAL,DESCENT,42,stage5_mission_generator,866.5987417875249,264.1392964968376,13.284134491260701,981.9179831177674,58.83981660282632,3277.311597372008,15.98368634108544,46.572611991866125,6.0166609346174305,0.6191979785503363,288.0217955278186,62.55852114179377,341.7904263884286,369.5402235257407,397.29002066305287,425.039817800365,383.4151220943968,425.039817800365,341.7904263884286,83.24939141193636,2.5259185960605595,66.96654520061367,13.295250969317204,72.92876453975806,19.327739168464092,14.88236236320811,14.054819693653885,209.16891963051071,True,True,2400.0,8.0,872.0,0.2305235335657566,54.62185995620013,0.2305235335657566,0.13831412013945396,0.09220941342630265,True,False,False,True,python_mission_generator,csv_authoritative,validated_csv,explicit_input,calibrated_csv,python_generated_isa_plus_offset
ENG_0001,873.0,temp_mission_001,NORMAL,DESCENT,42,stage5_mission_generator,843.5370182770912,257.1100831708574,13.32979670381136,982.7414938887682,58.77754994934815,3269.931845848669,15.967209807565352,46.62960247600876,6.016749793046277,0.6193683476513525,288.07044727865207,62.55292254199067,341.6291280246728,369.3757499939697,397.12237196326663,424.8689939325635,383.24906097861816,424.8689939325635,341.6291280246728,83.2398659078907,2.522547522474559,66.95691536160801,13.286843300949208,72.80264951423813,19.23918215018403,14.779045841881368,14.05351738456153,207.6975776661116,True,True,2400.0,8.0,873.0,0.23018830635986923,54.49886409747782,0.23018830635986923,0.13811298381592152,0.0920753225439477,True,False,False,True,python_mission_generator,csv_authoritative,validated_csv,explicit_input,calibrated_csv,python_generated_isa_plus_offset
ENG_0001,874.0,temp_mission_001,NORMAL,DESCENT,42,stage5_mission_generator,820.7644220364064,250.16899583669667,13.374886444367915,983.5552289090967,58.7160639394983,3262.64461505165,15.950939842090769,46.68613144904255,6.016837537447593,0.6195365808169081,288.1184890773333,62.547394132426156,341.46985187558397,369.21333848428327,396.95682509298257,424.70031170168187,383.0850817886329,424.70031170168187,341.46985187558397,83.2304598260979,2.5192187123950833,66.94740625291372,13.278542549327774,72.67813823991662,19.151735380619797,14.677024610723098,14.052231402656174,206.24494613236064,True,True,2400.0,8.0,874.0,0.2298572819329606,54.377410250860834,0.2298572819329606,0.13791436915977634,0.09194291277318424,True,False,False,True,python_mission_generator,csv_authoritative,validated_csv,explicit_input,calibrated_csv,python_generated_isa_plus_offset
ENG_0001,875.0,temp_mission_001,NORMAL,DESCENT,42,stage5_mission_generator,798.2841171799791,243.31699891645766,13.419397447983641,984.3590545096073,58.655367116385946,3255.450917497593,15.934878705274983,46.74218308529304,6.0169241556298205,0.6197026546720222,288.1659142487451,62.5419366812393,341.31262007161945,369.0530115627782,396.79340305393697,424.5337945450957,382.9232073083576,424.5337945450957,341.31262007161945,83.22117447347625,2.5159326283401575,66.93801919576391,13.270349810371902,72.55524715557854,19.065411009971115,14.5763128449663,14.050961926617223,204.81121681508304,True,True,2400.0,8.0,875.0,0.22953050627887267,54.25751529162655,0.22953050627887267,0.1377183037673236,0.09181220251154908,True,False,False,True,python_mission_generator,csv_authoritative,validated_csv,explicit_input,calibrated_csv,python_generated_isa_plus_offset
ENG_0001,876.0,temp_mission_001,NORMAL,DESCENT,42,stage5_mission_generator,776.0991708576721,236.55502727741847,13.463323641701809,985.1528404389353,58.59546776131572,3248.351734674455,15.91902858845455,46.79774167364271,6.017009635775022,0.6198665465580433,288.2127163223298,62.53655093302947,341.15745406504675,368.8947911040112,396.63212814297555,424.36946518194,382.76345962349336,424.36946518194,341.15745406504675,83.21201111689322,2.5126897186538923,66.9287554709024,13.262266144585192,72.43399216877789,18.980220816093464,14.476924285442372,14.049709129648434,203.39657530240882,True,True,2400.0,8.0,876.0,0.22920802398196086,54.139195577907586,0.22920802398196086,0.13752481438917652,0.09168320959278435,True,False,False,True,python_mission_generator,csv_authoritative,validated_csv,explicit_input,calibrated_csv,python_generated_isa_plus_offset
ENG_0001,877.0,temp_mission_001,NORMAL,DESCENT,42,stage5_mission_generator,754.2125515947282,229.88398572607318,13.506659147842438,985.9364599442139,58.536373889305764,3241.348016510313,15.903391612503288,46.85279163169489,6.017093966445261,0.6200282345449115,288.2588890355915,62.53123760845334,341.00437461833235,368.73869827915894,396.47302193998564,424.20734560081223,382.6058601095723,424.20734560081223,341.00437461833235,83.20297098247988,2.50949041726383,66.9196163178905,13.254292576508707,72.31438864763061,18.896176198123754,14.37887223114438,14.048473179384173,202.00120088902366,True,True,2400.0,8.0,877.0,0.2288898781929647,54.022466941838545,0.2288898781929647,0.1373339269157788,0.09155595127718588,True,False,False,True,python_mission_generator,csv_authoritative,validated_csv,explicit_input,calibrated_csv,python_generated_isa_plus_offset
ENG_0001,878.0,temp_mission_001,NORMAL,DESCENT,42,stage5_mission_generator,732.6271276317584,223.30474850215998,13.549398287289119,986.7097898516827,58.478093244605745,3234.4406808421627,15.887969826646287,46.90731752014534,6.017177136589005,0.6201876974434218,288.3044263375977,62.52599740382186,340.8534017925317,368.58475354418033,396.31610529582895,424.04745704747756,382.45042942000464,424.04745704747756,340.8534017925317,83.19405525494585,2.506335143438296,66.91060293441386,13.24643009417347,72.19645141260204,18.813288170105952,14.282169531790277,14.047254237795675,200.62526648035725,True,True,2400.0,8.0,878.0,0.2285761106048776,53.907344680702714,0.2285761106048776,0.13714566636292655,0.09143044424195104,True,False,False,True,python_mission_generator,csv_authoritative,validated_csv,explicit_input,calibrated_csv,python_generated_isa_plus_offset
ENG_0001,879.0,temp_mission_001,NORMAL,DESCENT,42,stage5_mission_generator,711.3456652647592,216.8181587726986,13.591535582775776,987.4727106471988,58.42063329621485,3227.6306128847227,15.872765207273943,46.96130405734742,6.017259135547524,0.6203449148174891,288.34932239248195,62.52083099069738,340.70455493567925,368.4329766279767,396.1613983202742,423.88982001257165,382.29718747412545,423.88982001257165,340.70455493567925,83.18526507689239,2.503224301543743,66.90171647558927,13.238679648552559,72.08019472828838,18.731567354616672,14.186828580386118,14.046052461097304,199.268938496698,True,True,2400.0,8.0,879.0,0.2282667614288171,53.79384354807871,0.2282667614288171,0.13696005685729026,0.09130670457152684,True,False,False,True,python_mission_generator,csv_authoritative,validated_csv,explicit_input,calibrated_csv,python_generated_isa_plus_offset
ENG_0001,880.0,temp_mission_001,NORMAL,DESCENT,42,stage5_mission_generator,690.3708271851201,210.4250281260246,13.633065762173462,988.2251065565956,58.364001233399826,3220.9186646992384,15.857779656755945,47.01473613405531,6.01733995306128,0.6204998669964088,288.39357158294507,62.515739015490496,340.55785267117767,368.28338652055373,396.00892036992974,423.7344542193058,382.14615344524174,423.7344542193058,340.55785267117767,83.17660154812813,2.500158280802106,66.89295805327166,13.23104215301272,71.9656322951908,18.65102397639086,14.092861305789338,14.044867999652807,197.93237677722595,True,True,2400.0,8.0,880.0,0.22796186936989546,53.68197774498731,0.22796186936989546,0.13677712162193728,0.09118474774795819,True,False,False,True,python_mission_generator,csv_authoritative,validated_csv,explicit_input,calibrated_csv,python_generated_isa_plus_offset
ENG_0001,881.0,temp_mission_001,NORMAL,DESCENT,42,stage5_mission_generator,669.7051708196313,204.12613606582366,13.67398376177713,988.9668656258827,58.308203961213,3214.305654662282,15.843015002255314,47.067598828330745,6.017419579276334,0.6206525350871221,288.4371685137577,62.51072209905724,340.41331288618795,368.13600146118216,395.85869003617637,423.5813786111706,381.99734574867927,423.5813786111706,340.41331288618795,83.16806572498263,2.497137455048144,66.88432873536073,13.22351848276543,71.85277724148145,18.571667855947382,14.000279165271948,14.04370099788158,196.61573448395035,True,True,2400.0,8.0,881.0,0.22766147160308944,53.571760911038034,0.22766147160308944,0.13659688296185366,0.09106458864123579,True,False,False,True,python_mission_generator,csv_authoritative,validated_csv,explicit_input,calibrated_csv,python_generated_isa_plus_offset
ENG_0001,882.0,temp_mission_001,NORMAL,DESCENT,42,stage5_mission_generator,649.351146670494,197.9222295051666,13.714284729592421,989.6978798012613,58.25324809601034,3207.7923669345582,15.828472994542395,47.11987742059598,6.017498004750727,0.6208029009864783,288.4801080152616,62.50578083629593,340.2709527200183,367.9908389265585,395.71072513309883,423.4306113396391,381.8507820298287,423.4306113396391,340.2709527200183,83.15965861962081,2.494162182486797,66.87582954510789,13.216109474317397,71.74164211476096,18.493508403214697,13.909093137083815,14.042551594164923,195.31915800554472,True,True,2400.0,8.0,882.0,0.22736560374911086,53.46320611557597,0.22736560374911086,0.13641936224946652,0.09094624149964435,True,False,False,True,python_mission_generator,csv_authoritative,validated_csv,explicit_input,calibrated_csv,python_generated_isa_plus_offset
ENG_0001,883.0,temp_mission_001,NORMAL,DESCENT,42,stage5_mission_generator,629.311096655334,191.8140222605458,13.75396402862244,990.4180450089282,58.199139960969404,3201.379550929707,15.814155306808878,47.17155740881708,6.017575220460886,0.6209509473934979,288.52238514687264,62.500915795744284,340.130788552515,367.8479156189675,395.56504268541994,423.2821697518724,381.7064791521937,423.2821697518724,340.130788552515,83.15138119935739,2.491232805450529,66.86746146042316,13.208815924920382,71.63223887380573,18.416554611156485,13.819313713015898,14.041419920752302,194.0427868610669,True,True,2400.0,8.0,883.0,0.22707429985027663,53.35632584882845,0.22707429985027663,0.13624457991016597,0.09082971994011066,True,False,False,True,python_mission_generator,csv_authoritative,validated_csv,explicit_input,calibrated_csv,python_generated_isa_plus_offset
ENG_0001,884.0,temp_mission_001,NORMAL,DESCENT,42,stage5_mission_generator,609.5872524471952,185.8021945459051,13.793017240154553,991.1272612346526,58.14588558160743,3195.0679207831026,15.800063533481815,47.22262452379967,6.017651217808021,0.6210966578216366,288.5639952005816,62.4961275191764,339.99283599245126,367.7072474544417,395.4216589164321,423.1360703784225,381.5644531854369,423.1360703784225,339.99283599245126,83.14323438597125,2.4883496501566778,66.85922541318189,13.20163859202031,71.52457888030465,18.340815049397232,13.730950890963438,14.040306103667607,192.78675360355413,True,True,2400.0,8.0,884.0,0.22678759234637902,53.25113201305171,0.22678759234637902,0.1360725554078274,0.09071503693855161,True,False,False,True,python_mission_generator,csv_authoritative,validated_csv,explicit_input,calibrated_csv,python_generated_isa_plus_offset
ENG_0001,885.0,temp_mission_001,NORMAL,DESCENT,42,stage5_mission_generator,590.1817338145529,179.88739246667572,13.831440167047186,991.8254326030941,58.09349068129929,3188.8581548206566,15.786199189037617,47.27306474457924,6.017725988624517,0.6212400166110481,288.60493370445715,62.491416521199746,339.85710986591687,367.5688495509236,395.28058923593017,422.99232892093687,381.42471939342687,422.99232892093687,339.85710986591687,83.13521905502,2.485513026464804,66.85112228853167,13.194578192705624,71.41867289058436,18.26629785784788,13.644014167489193,14.039210262615411,191.55118372348434,True,True,2400.0,8.0,885.0,0.2265055120505558,53.14763591367761,0.2265055120505558,0.13590330723033348,0.09060220482022233,True,False,False,True,python_mission_generator,csv_authoritative,validated_csv,explicit_input,calibrated_csv,python_generated_isa_plus_offset
ENG_0001,886.0,temp_mission_001,NORMAL,DESCENT,42,stage5_mission_generator,571.0965469613429,174.07022751381734,13.869228837016541,992.5124674568449,58.041960676795625,3182.7508950276297,15.772563706816097,47.32286431388753,6.017799525180327,0.6213810089408464,288.6451964261471,62.4867832888522,339.7236242047084,367.4327362164263,395.1418482281442,422.8509602398621,381.28729222228526,422.8509602398621,339.7236242047084,83.12733603515369,2.482723227634043,66.84315292419922,13.187635403154829,71.31453104732245,18.193010740331555,13.558512530386816,14.038132510887229,190.336195552095,True,True,2400.0,8.0,886.0,0.22622808812516068,53.045848250460494,0.22622808812516068,0.1357368528750964,0.09049123525006428,True,False,False,True,python_mission_generator,csv_authoritative,validated_csv,explicit_input,calibrated_csv,python_generated_isa_plus_offset
ENG_0001,887.0,temp_mission_001,NORMAL,DESCENT,42,stage5_mission_generator,552.3335828669351,168.35127605784183,13.906379505923468,993.1882784351743,57.991300673740724,3176.7467465174195,15.759158437834445,47.37200975367616,6.017871820189378,0.6215196208413712,288.6847793763808,62.48222828119906,339.59239223471855,367.2989209371952,395.0054496396719,422.71197834214854,381.15218528843354,422.71197834214854,339.59239223471855,83.11958610743,2.4799805300804496,66.83531810979707,13.180810858083102,71.21216287124653,18.120960958209036,13.474454451243874,14.03707295526778,189.14190016454293,True,True,2400.0,8.0,887.0,0.2259553480576333,52.94577910862366,0.2259553480576333,0.13557320883457996,0.09038213922305333,True,False,False,True,python_mission_generator,csv_authoritative,validated_csv,explicit_input,calibrated_csv,python_generated_isa_plus_offset
ENG_0001,888.0,temp_mission_001,NORMAL,DESCENT,42,stage5_mission_generator,533.8946156261745,162.731078842858,13.942888661060174,993.85278255245,57.94151546219067,3170.8462770003757,15.745984649601283,47.42048788067791,6.017942866815961,0.6216558392064494,288.72367881247095,62.47775192893003,339.46342636432564,367.1674163658683,394.8714063674109,422.57539636895353,381.0194113666396,422.57539636895353,339.46342636432564,83.11197000462789,2.477285193134348,66.82761858613057,13.17410515018803,71.11157725282045,18.050155324004507,13.39184787800526,14.036031695941244,187.96840128290532,True,True,2400.0,8.0,888.0,0.22568731763636954,52.84743795000626,0.22568731763636954,0.13541239058182172,0.09027492705454782,True,False,False,True,python_mission_generator,csv_authoritative,validated_csv,explicit_input,calibrated_csv,python_generated_isa_plus_offset
ENG_0001,889.0,temp_mission_001,NORMAL,DESCENT,42,stage5_mission_generator,515.781300789361,157.21014048059723,13.978753024437065,994.5059012762183,57.89260951213127,3165.0500162525955,15.733043524930624,47.46828582198572,6.018012658681121,0.6217896518056584,288.7618912418156,62.47335463395627,339.3367381727839,367.03823430963797,394.73973044649205,422.4412265833461,380.888982378065,422.4412265833461,339.3367381727839,83.10448841056223,2.474637458797681,66.8200550445046,13.167518829594307,71.01278244391462,17.980600195031144,13.310700227536337,14.035008826397517,186.81579517900394,True,True,2400.0,8.0,889.0,0.2254240209265917,52.75083360420992,0.2254240209265917,0.13525441255595502,0.09016960837063669,True,False,False,True,python_mission_generator,csv_authoritative,validated_csv,explicit_input,calibrated_csv,python_generated_isa_plus_offset
ENG_0001,890.0,temp_mission_001,NORMAL,DESCENT,42,stage5_mission_generator,497.99517370228386,151.78892894445613,14.013969556069478,995.1475606049138,57.84458696899617,3159.358455584731,15.72033616075595,47.51539103062965,6.018081189869067,0.62192104729659,288.7994134254,62.46903676900734,339.2123383986127,366.91138571841213,394.61043303821157,422.309480358011,380.76090937831185,422.309480358011,339.2123383986127,83.0971419593983,2.4720375515013613,66.81262812603057,13.16105240329742,70.9157860494613,17.91230146701677,13.231018378186235,14.034004433338483,185.68417057704858,True,True,2400.0,8.0,890.0,0.22516548024621882,52.65597425974552,0.22516548024621882,0.13509928814773128,0.09006619209848754,True,False,False,True,python_mission_generator,csv_authoritative,validated_csv,explicit_input,calibrated_csv,python_generated_isa_plus_offset
ENG_0001,891.0,temp_mission_001,NORMAL,DESCENT,42,stage5_mission_generator,480.53764784621035,146.46787506352493,14.048535457264503,995.7776911451963,57.797451649184765,3153.7720473107875,15.707863566944155,47.56179130113064,6.018148454933554,0.6220500152371136,288.83624238129886,62.46479867722827,339.090236927986,366.78688067297463,394.4835244179632,422.1801681629519,380.6352025454689,422.1801681629519,339.090236927986,83.08993123496589,2.4694856778626155,66.80533842093308,13.154706334606207,70.8205950190931,17.84526456772945,13.152808662351024,14.033018596584256,184.5736085560864,True,True,2400.0,8.0,891.0,0.22491171614173674,52.56286745517979,0.22491171614173674,0.13494702968504205,0.0899646864566947,True,False,False,True,python_mission_generator,csv_authoritative,validated_csv,explicit_input,calibrated_csv,python_generated_isa_plus_offset
ENG_0001,892.0,temp_mission_001,NORMAL,DESCENT,42,stage5_mission_generator,463.4100131779114,141.2473720166274,14.082448173907736,996.3962281888643,57.751207035580364,3148.291204216932,15.695626665109632,47.60747478501101,6.018214448904291,0.6221765460976387,288.872375388178,62.46064067177659,338.9704427831228,366.6647283731474,394.359013963172,422.0532995531966,380.5118711681597,422.0532995531966,338.9704427831228,83.08285677007382,2.466982026442337,66.79818646785688,13.148481042584303,70.72721563876455,17.77949445060318,13.076076859037046,14.03205138897946,183.48418245225295,True,True,2400.0,8.0,892.0,0.22466274736406852,52.471520070282196,0.22466274736406852,0.1347976484184411,0.08986509894562741,True,False,False,True,python_mission_generator,csv_authoritative,validated_csv,explicit_input,calibrated_csv,python_generated_isa_plus_offset
ENG_0001,893.0,temp_mission_001,NORMAL,DESCENT,42,stage5_mission_generator,446.6134344696475,136.12777482634857,14.115705399750098,997.0031117893543,57.70585627306805,3142.916299030287,15.683626287428218,47.65243000623997,6.018279167293328,0.6223006312733792,288.90780998879654,62.45656303541926,338.85296411067606,366.54493712595075,394.23691014122545,421.92888315650015,380.3909236335881,421.92888315650015,338.85296411067606,83.0759190458241,2.4645267675024316,66.79117275317361,13.142376901490337,70.63565352235506,17.714995588363443,13.00082818642402,14.031102876299462,182.4159577608092,True,True,2400.0,8.0,893.0,0.22441859084444452,52.38193831717145,0.22441859084444452,0.1346511545066667,0.08976743633777781,True,False,False,True,python_mission_generator,csv_authoritative,validated_csv,explicit_input,calibrated_csv,python_generated_isa_plus_offset
ENG_0001,894.0,temp_mission_001,NORMAL,DESCENT,42,stage5_mission_generator,430.14894964919586,131.1093998530749,14.148305079694593,997.598286837788,57.66140216405283,3137.6476638877425,15.671863175451248,47.6966458765936,6.018342606101458,0.622422263096616,288.9425439935088,62.45256602012974,338.7378081701229,366.42751433376503,394.1172204974071,421.80692666104926,380.2723674155861,421.80692666104926,338.7378081701229,83.06911849092637,2.4621200527631713,66.78429771028878,13.136394240216939,70.54591360325409,17.65177196665291,12.927067294428396,14.03017311715666,181.36899203796438,True,True,2400.0,8.0,894.0,0.22417926167027247,52.294127731462375,0.22417926167027247,0.13450755700216346,0.08967170466810899,True,False,False,True,python_mission_generator,csv_authoritative,validated_csv,explicit_input,calibrated_csv,python_generated_isa_plus_offset
ENG_0001,895.0,temp_mission_001,NORMAL,DESCENT,42,stage5_mission_generator,414.0174681398594,126.19252428902914,14.180245413083078,998.1817031385528,57.61784716397762,3132.4855898047554,15.660337978919559,47.74011171090763,6.01840476182461,0.6225414348489596,288.97657548376634,62.44864984668497,338.62498132215404,366.3124664824916,393.99995164282905,421.6874368031666,380.1562090626603,421.6874368031666,338.62498132215404,83.06245548101253,2.4597620151605364,66.77756171894855,13.130533341728395,70.45800012592592,17.589827077657063,12.854798257266575,14.029262162906722,180.34333480246923,True,True,2400.0,8.0,895.0,0.2239447730610082,52.20809316341259,0.2239447730610082,0.13436686383660493,0.08957790922440328,True,False,False,True,python_mission_generator,csv_authoritative,validated_csv,explicit_input,calibrated_csv,python_generated_isa_plus_offset
ENG_0001,896.0,temp_mission_001,NORMAL,DESCENT,42,stage5_mission_generator,398.2197692004602,121.37738565230026,14.21152485698309,998.7533154843977,57.57519337684124,3127.4303261441473,15.649051254577483,47.78281724220199,6.018465631460241,0.6226581407736148,289.00990281561957,62.44481470426244,338.5144890170633,366.19979912971354,393.88510924236374,421.570419355014,380.04245418603864,421.570419355014,338.5144890170633,83.05593033795071,2.457452768603569,66.77096510454643,13.124794442496992,70.37191663745487,17.529163913729768,12.784024566018063,14.02837005755485,179.33902743697342,True,True,2400.0,8.0,896.0,0.22371513634402523,52.123838769069124,0.22371513634402523,0.13422908180641513,0.0894860545376101,True,False,False,True,python_mission_generator,csv_authoritative,validated_csv,explicit_input,calibrated_csv,python_generated_isa_plus_offset
ENG_0001,897.0,temp_mission_001,NORMAL,DESCENT,42,stage5_mission_generator,382.75650026536186,116.6641812808823,14.242142129474583,999.3130837310289,57.53344255071647,3122.4820800849157,15.638003464986904,47.82475263665568,6.018525212513747,0.6227723760876429,289.04252462322046,62.44106075003711,338.4063357831379,366.0895168928577,393.77269800257756,421.4558791122974,379.93110744771764,421.4558791122974,338.4063357831379,83.04954332915952,2.4551924077317224,66.76450813743041,13.119177731937956,70.28766597906935,17.469784961018988,12.714749121188818,14.027496837662044,178.3561030891424,True,True,2400.0,8.0,897.0,0.2234903609304854,52.04136800141526,0.2234903609304854,0.13409421655829123,0.08939614437219418,True,False,False,True,python_mission_generator,csv_authoritative,validated_csv,explicit_input,calibrated_csv,python_generated_isa_plus_offset
ENG_0001,898.0,temp_mission_001,NORMAL,DESCENT,42,stage5_mission_generator,367.6281752844707,112.05306782670667,14.272096212936749,999.860972871175,57.492596073268075,3117.641016091031,15.627194977341237,47.86590850841069,6.018583503004842,0.622884136994225,289.0744398223235,62.43738810877849,338.3005252150474,365.98162343735504,393.66272165966274,421.3438198819704,379.8221725485089,421.3438198819704,338.3005252150474,83.04329466692298,2.4529810076722067,66.75819103220948,13.113683351842976,70.20525027764465,17.41169219309237,12.646974225274432,14.026642532251358,177.39458657252104,True,True,2400.0,8.0,898.0,0.223270454291209,51.96068360151718,0.223270454291209,0.1339622725747254,0.08930818171648361,True,False,False,True,python_mission_generator,csv_authoritative,validated_csv,explicit_input,calibrated_csv,python_generated_isa_plus_offset
ENG_0001,899.0,temp_mission_001,NORMAL,DESCENT,42,stage5_mission_generator,352.835173063243,107.54416074967648,14.30138635733478,1000.3969531081226,57.45265496727075,3112.907255380238,15.616626062279414,47.90627593418411,6.018640501473959,0.6229934206949258,289.10564761378885,62.43379687244762,338.197059962234,365.87612146480205,393.5551829673701,421.2342444699382,379.7156522160861,421.2342444699382,338.197059962234,83.03718450770418,2.450818623797339,66.75201394706075,13.108311395812224,70.12467093718337,17.354887064562856,12.580701575323332,14.02580716271416,176.4544942671393,True,True,2400.0,8.0,899.0,0.22305542193254488,51.88178758967063,0.22305542193254488,0.13383325315952693,0.08922216877301796,True,False,False,True,python_mission_generator,csv_authoritative,validated_csv,explicit_input,calibrated_csv,python_generated_isa_plus_offset
ENG_0001,900.0,temp_mission_001,NORMAL,DESCENT,42,stage5_mission_generator,338.37773560269943,103.1375338117028,14.330012083506656,1000.9209999286925,57.41361988612729,3108.280875392864,15.606296892699987,47.945846467667494,6.018696206988654,0.6231002254019564,289.1361474870833,62.43028709979411,338.0959417173017,365.77301270112184,393.450083684942,421.12715466876216,379.6115481930319,421.12715466876216,338.0959417173017,83.03121295146047,2.4487052914818928,66.74597698303607,13.103061908684882,70.04592863027324,17.299370504714368,12.515932255500095,14.024990742716389,175.5358340198543,True,True,2400.0,8.0,900.0,0.22284526737224078,51.80468125654773,0.22284526737224078,0.13370716042334446,0.08913810694889632,True,False,False,True,python_mission_generator,csv_authoritative,validated_csv,explicit_input,calibrated_csv,python_generated_isa_plus_offset
ENG_0001,901.0,temp_mission_001,NORMAL,DESCENT,42,stage5_mission_generator,324.2559664394421,98.83321857074195,14.357973186449904,1001.4330941756394,57.375491109386495,3103.7619092606215,15.596207542575039,47.98461215369253,6.018750619149992,0.623204550350437,289.16593922378274,62.42685881595308,337.9971712044066,365.67229788472554,393.3474245650445,421.02255124536345,379.509861224885,421.02255124536345,337.9971712044066,83.02538004095686,2.446641025860448,66.74008018336905,13.097934885968106,69.9690232895216,17.24514291112746,12.452666729648701,14.024193278104816,174.6386050444188,True,True,2400.0,8.0,901.0,0.22263999211531368,51.72936515434369,0.22263999211531368,0.1335839952691882,0.08905599684612547,True,False,False,True,python_mission_generator,csv_authoritative,validated_csv,explicit_input,calibrated_csv,python_generated_isa_plus_offset
ENG_0001,902.0,temp_mission_001,NORMAL,DESCENT,42,stage5_mission_generator,310.4698289856278,94.63120387481936,14.385269738608457,1001.9332221194763,57.3382685382612,3099.350345275401,15.58635798576427,48.02256554214356,6.01880373809895,0.6233063958106615,289.195022901074,62.42351201204229,337.9007481676459,365.5739767546728,393.2472053416998,420.9204339287267,379.4105910481863,420.9204339287267,337.9007481676459,83.01968576108084,2.4446258215847356,66.73432353278177,13.092930273264395,69.89395409896593,17.192204143304814,12.390904833855616,14.023414766813307,173.76279782126923,True,True,2400.0,8.0,902.0,0.2224395956299196,51.655839087923354,0.2224395956299196,0.13346375737795177,0.08897583825196785,True,False,False,True,python_mission_generator,csv_authoritative,validated_csv,explicit_input,calibrated_csv,python_generated_isa_plus_offset
ENG_0001,903.0,temp_mission_001,NORMAL,DESCENT,42,stage5_mission_generator,297.0191448690248,90.53143535607876,14.41190209315933,1002.421375529685,57.30195169114637,3095.0461263580883,15.576748094828968,48.05969970159599,6.018855564522807,0.6234057631003596,289.22339889525693,62.420246644759004,337.80667135944793,365.4780480388336,393.14942471821934,420.820801397605,379.31373637852647,420.820801397605,337.80667135944793,83.01413003815708,2.4426596525809923,66.72870695679168,13.088047965697333,69.82071948546,17.14055351629706,12.330645769013236,14.022655198769074,172.90839399703333,True,True,2400.0,8.0,903.0,0.22224407532322427,51.584102105968135,0.22224407532322427,0.13334644519393454,0.08889763012928971,True,False,False,True,python_mission_generator,csv_authoritative,validated_csv,explicit_input,calibrated_csv,python_generated_isa_plus_offset
ENG_0001,904.0,temp_mission_001,NORMAL,DESCENT,42,stage5_mission_generator,283.9035922729745,86.53381492480263,14.43787088729951,1002.897551745319,57.266539699137034,3090.849149527352,15.567377639846036,48.096008232662165,6.018906099661545,0.6235026545969603,289.2510678852462,62.41706263597716,337.71493852896197,365.38450944204897,393.05408035513597,420.72365126822297,379.21929489859247,420.72365126822297,337.71493852896197,83.008712739261,2.4407424718073027,66.72323032101843,13.083287807335667,69.74931711003501,17.090189794328225,12.271888093382927,14.021914555798945,172.07536628374183,True,True,2400.0,8.0,904.0,0.22205342651727294,51.514152492122534,0.22205342651727294,0.13323205591036377,0.08882137060690919,True,False,False,True,python_mission_generator,csv_authoritative,validated_csv,explicit_input,calibrated_csv,python_generated_isa_plus_offset
ENG_0001,905.0,temp_mission_001,NORMAL,DESCENT,42,stage5_mission_generator,271.1227042764358,82.63820026345763,14.463177045532657,1003.3617537449746,57.23203130154638,3086.7592653684596,15.558246287222014,48.13148528102537,6.018955345314246,0.6235970737498555,289.2780308560734,62.41395987234422,337.6255464104478,365.29335763429236,392.9611688581369,420.62898008198147,379.1272632462146,420.62898008198147,337.6255464104478,83.00343367153368,2.438874211010955,66.7178934304907,13.078649590615706,69.6797438592356,17.041111184421517,12.214629715158434,14.021192811535611,171.26367835774872,True,True,2400.0,8.0,905.0,0.2218676424248611,51.445987756140994,0.2218676424248611,0.13312058545491665,0.08874705696994445,True,False,False,True,python_mission_generator,csv_authoritative,validated_csv,explicit_input,calibrated_csv,python_generated_isa_plus_offset
ENG_0001,906.0,temp_mission_001,NORMAL,DESCENT,42,stage5_mission_generator,258.6758671939797,78.844404320725,14.48782178295592,1003.8139902161286,57.198424841423744,3082.7762775020733,15.549353598507073,48.16612555014356,6.019003303845477,0.6236890250926626,289.304289102389,62.41093820487833,337.538490711665,365.20458823883047,392.8706857659959,420.53678329316136,379.0376370024132,420.53678329316136,337.538490711665,82.99829258149634,2.4370547804857847,66.71269602895308,13.074133055761981,69.61199583642973,16.99331533002488,12.158867885029027,14.020489931323896,170.47328475834695,True,True,2400.0,8.0,906.0,0.22168671412540417,51.37960462503455,0.22168671412540417,0.1330120284752425,0.08867468565016168,True,False,False,True,python_mission_generator,csv_authoritative,validated_csv,explicit_input,calibrated_csv,python_generated_isa_plus_offset
ENG_0001,907.0,temp_mission_001,NORMAL,DESCENT,42,stage5_mission_generator,246.56231891579682,75.15219480553488,14.511806608546722,1004.2542756238138,57.165718261072655,3078.8999420530554,15.540699029209062,48.19992431360577,6.019049978191706,0.6237785142554884,289.32984423196433,62.40799744856519,337.4537661022635,365.1181958203848,392.78262553850607,420.4470552566274,378.95041067944544,420.4470552566274,337.4537661022635,82.99328915436388,2.435284068829527,66.70763779817283,13.06973789020617,69.54606835309255,16.946799304636663,12.104599188742775,14.01980587212701,169.7041307860798,True,True,2400.0,8.0,907.0,0.2215106305408083,51.31499903421759,0.2215106305408083,0.13290637832448499,0.08860425221632333,True,False,False,True,python_mission_generator,csv_authoritative,validated_csv,explicit_input,calibrated_csv,python_generated_isa_plus_offset
ENG_0001,908.0,temp_mission_001,NORMAL,DESCENT,42,stage5_mission_generator,234.78114724769148,71.56129368109637,14.535133328449572,1004.6826302786417,57.13390909756877,3075.1299671192614,15.532281927607455,48.23287742712372,6.01909537186768,0.623865547977192,289.3546981691934,62.405137381955186,337.37136620217217,365.0341738732923,392.69698154441244,420.35978921553254,378.86557770885236,420.35978921553254,337.37136620217217,82.98842301336038,2.4335619427011603,66.7027183572468,13.065463728004227,69.48195592006341,16.90155960543114,12.05181953966966,14.019140582432811,168.95615240073965,True,True,2400.0,8.0,908.0,0.2213393784113396,51.25216611865436,0.2213393784113396,0.13280362704680376,0.08853575136453584,True,False,False,True,python_mission_generator,csv_authoritative,validated_csv,explicit_input,calibrated_csv,python_generated_isa_plus_offset
ENG_0001,909.0,temp_mission_001,NORMAL,DESCENT,42,stage5_mission_generator,223.33128825113545,68.0713766589461,14.557804049262751,1005.0990804041472,57.10299447827806,3071.466012240363,15.524101533567443,48.26498134014278,6.019139488972825,0.6239501341176475,289.378853158595,62.40235774676032,337.2912835699898,364.9525148096672,392.61374604934457,420.274977289022,378.7831304295059,420.274977289022,337.2912835699898,82.9836937190322,2.4318882465782643,66.69793726190827,13.061310149251762,69.41965223877644,16.857592146884354,12.00052417136508,14.018494002160065,168.22927611905826,True,True,2400.0,8.0,909.0,0.22117294227149584,51.19110020400605,0.22117294227149584,0.1327037653628975,0.08846917690859835,True,False,False,True,python_mission_generator,csv_authoritative,validated_csv,explicit_input,calibrated_csv,python_generated_isa_plus_offset
ENG_0001,910.0,temp_mission_001,NORMAL,DESCENT,42,stage5_mission_generator,212.21152458321558,64.68207269296411,14.579821181325233,1005.503658203463,57.07297111637468,3067.907687866629,15.516156977353896,48.296233107057475,6.019182334197651,0.624032281670009,289.40231176831486,62.39965824745128,337.21350969137325,364.87320994756107,392.53291020374894,420.19261045993676,378.703060075655,420.19261045993676,337.21350969137325,82.97910076856351,2.430262802514358,66.69329400383371,13.057276679497551,69.35915019246328,16.81489225439955,11.95070763013281,14.0178660625647,167.52341891207172,True,True,2400.0,8.0,910.0,0.22101130442587527,51.131794797777154,0.22101130442587527,0.13260678265552517,0.08840452177035012,True,False,False,True,python_mission_generator,csv_authoritative,validated_csv,explicit_input,calibrated_csv,python_generated_isa_plus_offset
ENG_0001,911.0,temp_mission_001,NORMAL,DESCENT,42,stage5_mission_generator,201.4204838366968,61.39296347342519,14.60118744200334,1005.8964019252966,57.043835306359085,3064.454554827743,15.508447278445392,48.32663039801637,6.019223912830139,0.6241120007729711,289.42507689362714,62.39703855085439,337.1380349674287,364.79624949912534,392.454464030822,420.1126785625186,378.6253567649737,420.1126785625186,337.1380349674287,82.9746435950899,2.428685409896257,66.68878800994972,13.053362789155264,69.30044183732896,16.773454657932916,11.902363767588401,14.017256686146073,166.83848810217128,True,True,2400.0,8.0,911.0,0.22085444492504755,51.07424258046238,0.22085444492504755,0.13251266695502853,0.08834177797001902,True,False,False,True,python_mission_generator,csv_authoritative,validated_csv,explicit_input,calibrated_csv,python_generated_isa_plus_offset
ENG_0001,912.0,temp_mission_001,NORMAL,DESCENT,42,stage5_mission_generator,190.9566368799924,58.203582921021685,14.621905858977614,1006.2773559292209,57.01558291957598,3061.1061238015973,15.500971344348214,48.356171509303884,6.019264230762136,0.6241893027230346,289.4471517604369,62.39449828574866,337.0648487031001,364.721622558771,392.37839641444197,420.03517027011287,378.5500094866065,420.03517027011287,337.0648487031001,82.97032156701277,2.4271558452014177,66.68441864173978,13.0495678929133,69.2435183936995,16.73327348561917,11.855485733222363,14.016665786553224,166.17438125982775,True,True,2400.0,8.0,912.0,0.22070234154142393,51.018435396693285,0.22070234154142393,0.13242140492485435,0.08828093661656958,True,False,False,True,python_mission_generator,csv_authoritative,validated_csv,explicit_input,calibrated_csv,python_generated_isa_plus_offset
ENG_0001,913.0,temp_mission_001,NORMAL,DESCENT,42,stage5_mission_generator,180.818296197187,55.1134166809026,14.64197977352957,1006.6465707502662,56.988209399732405,3057.8618547830997,15.493727969410395,48.38485537328624,6.019303294495764,0.6242641999867689,289.46853992878175,62.39203704246279,336.9939390955594,364.6493170913308,392.3046950871021,419.96007308287346,378.47700608921645,419.96007308287346,336.9939390955594,82.96613398731404,2.425673861755289,66.68018519455117,13.04589134914281,69.18837023714215,16.694342257397196,11.810065966963396,14.016093268491135,165.5309860999919,True,True,2400.0,8.0,913.0,0.2205549697451272,50.964364246384996,0.2205549697451272,0.13233298184707631,0.08822198789805089,True,False,False,True,python_mission_generator,csv_authoritative,validated_csv,explicit_input,calibrated_csv,python_generated_isa_plus_offset
ENG_0001,914.0,temp_mission_001,NORMAL,DESCENT,42,stage5_mission_generator,171.00361422805508,52.12190161671119,14.661412843828451,1007.0041031628052,56.96170975841575,3054.7211565529774,15.486715833635712,48.41268156791057,6.019341111149798,0.6243367062130742,289.48924529633393,62.38965437247219,336.92529322259645,364.5793199202198,392.2333466178432,419.88737331546656,378.4063332690315,419.88737331546656,336.92529322259645,82.96208009287011,2.4242391894886577,66.67608689690174,13.042332459303822,69.13498688955733,16.65665387863573,11.766096191741683,14.015539027626996,164.90818037816894,True,True,2400.0,8.0,914.0,0.22041230267986225,50.912019275882955,0.22041230267986225,0.13224738160791735,0.0881649210719449,True,False,False,True,python_mission_generator,csv_authoritative,validated_csv,explicit_input,calibrated_csv,python_generated_isa_plus_offset
ENG_0001,915.0,temp_mission_001,NORMAL,DESCENT,42,stage5_mission_generator,161.51058170805663,49.22842530461566,14.680209048218048,1007.350016243741,56.936078570611755,3051.6833861465784,15.479933501497687,48.43965032574684,6.019377688466073,0.6244068362454465,289.5092721019024,62.38734978799595,336.8588970310081,364.51161671559703,392.164336400186,419.81705608477495,378.3379765578915,419.81705608477495,336.8588970310081,82.95815905376685,2.4228515346950026,66.67212290978684,13.038890467349509,69.08335701024264,16.62020063375894,11.723567406052098,14.015002950496456,164.30583178616422,True,True,2400.0,8.0,915.0,0.22027431113878604,50.86138976910964,0.22027431113878604,0.1321645866832716,0.08810972445551442,True,False,False,True,python_mission_generator,csv_authoritative,validated_csv,explicit_input,calibrated_csv,python_generated_isa_plus_offset
ENG_0001,916.0,temp_mission_001,NORMAL,DESCENT,42,stage5_mission_generator,152.33702600833294,46.432325527339884,14.6983726885035,1007.6843794349764,56.9113099702225,3048.7478483226664,15.47337942075361,48.46576254256447,6.019413034815884,0.6244746061342397,289.5286249289345,62.38512276159391,336.79473532498827,364.4461919825259,392.09764864006354,419.74910529760115,378.2719203112947,419.74910529760115,336.79473532498827,82.95436997261288,2.4215105797878356,66.66829232598602,13.03556455912857,69.03346838692856,16.584974179871995,11.68246987651733,14.014484914409882,163.72379784749998,True,True,2400.0,8.0,916.0,0.22014096354037782,50.81246413871111,0.22014096354037782,0.1320845781242267,0.08805638541615113,True,False,False,True,python_mission_generator,csv_authoritative,validated_csv,explicit_input,calibrated_csv,python_generated_isa_plus_offset
ENG_0001,917.0,temp_mission_001,NORMAL,DESCENT,42,stage5_mission_generator,143.4806094757505,43.73288976820876,14.715908393238013,1008.0072686051882,56.88739764558453,3045.91379503224,15.467051921258575,48.491019785435064,6.019447159206368,0.6245400331489291,289.54730870901824,62.38297272576363,336.73279175451745,364.38302904913576,392.0332663437541,419.68350363837243,378.20814769644494,419.68350363837243,336.73279175451745,82.95071188385498,2.420215983058059,66.66459416937006,13.032353861785765,68.98530792678648,16.550965540386883,11.642793130451363,14.01398478735863,163.16192581250897,True,True,2400.0,8.0,917.0,0.2200122259043096,50.765229917204,0.2200122259043096,0.13200733554258576,0.08800489036172385,True,False,False,True,python_mission_generator,csv_authoritative,validated_csv,explicit_input,calibrated_csv,python_generated_isa_plus_offset
ENG_0001,918.0,temp_mission_001,NORMAL,DESCENT,42,stage5_mission_generator,134.93882777287308,41.12935470517172,14.732821121009712,1008.3187661108872,56.86433483498676,3043.1804248873195,15.460949213779443,48.51542430035572,6.019480071286912,0.6246031357903746,289.565328725384,62.38089907253741,336.67304880375275,364.32211005478337,391.971171305814,419.6202325568446,378.1466406802987,419.6202325568446,336.67304880375275,82.94718375309185,2.41896737843131,66.66102739420761,13.029257443160537,68.93886164740806,16.518165098647835,11.604525948422474,14.013502427921292,162.62005255309396,True,True,2400.0,8.0,918.0,0.21988806182731593,50.71967374812199,0.21988806182731593,0.13193283709638956,0.08795522473092637,True,False,False,True,python_mission_generator,csv_authoritative,validated_csv,explicit_input,calibrated_csv,python_generated_isa_plus_offset
ENG_0001,919.0,temp_mission_001,NORMAL,DESCENT,42,stage5_mission_generator,126.70900821799933,38.620905704846194,14.749116163728361,1008.6189608567742,56.84211432218859,3040.5468826297597,15.455069388808907,48.538979019387675,6.019511781355545,0.6246639338030839,289.58269061640686,62.37890115307927,336.6154877794171,364.2634159382133,391.9113440970095,419.5592722558057,378.0873800176114,419.5592722558057,336.6154877794171,82.9437844763886,2.4177643752253077,66.6575908844722,13.026274311183814,68.89411466775721,16.486562591557117,11.567656356816636,14.013037685169959,162.09800445716735,True,True,2400.0,8.0,919.0,0.21976843245906472,50.675781377162664,0.21976843245906472,0.13186105947543883,0.08790737298362589,True,False,False,True,python_mission_generator,csv_authoritative,validated_csv,explicit_input,calibrated_csv,python_generated_isa_plus_offset
ENG_0001,920.0,temp_mission_001,NORMAL,DESCENT,42,stage5_mission_generator,118.78830812515025,36.206676316545796,14.764799149912202,1008.9079483554026,56.82072843193791,3038.012258600048,15.44941041537948,48.56168756730673,6.019542300365338,0.6247224481874764,289.5994003791082,62.37697827728206,336.56008879918915,364.20692642571953,391.85376405224997,419.50060167878036,378.03034523898475,419.50060167878036,336.56008879918915,82.94051287959121,2.416606557907207,66.65428345314896,13.023403413272929,68.85105119909394,16.456147103200575,11.532171620400671,14.01259039857648,161.59559732276261,True,True,2400.0,8.0,920.0,0.2196532964780268,50.63353764333413,0.2196532964780268,0.13179197788681607,0.08786131859121073,True,False,False,True,python_mission_generator,csv_authoritative,validated_csv,explicit_input,calibrated_csv,python_generated_isa_plus_offset
ENG_0001,921.0,temp_mission_001,NORMAL,DESCENT,42,stage5_mission_generator,111.17371314408228,33.885747766316285,14.779876047974717,1009.1858307861312,56.800169025489026,3035.5755882061067,15.44397013987749,48.583554267763,6.019571639930788,0.6247787012121446,289.6154643726579,62.37512971336434,336.50683078009297,364.15262001930654,391.79840925852005,419.4441984977336,377.9755146389133,419.4441984977336,336.50683078009297,82.93736771764065,2.4154934858509427,66.65110384154154,13.020643635724719,68.80965453587079,16.42690705847328,11.498058234885493,14.012160397918725,161.1126362518258,True,True,2400.0,8.0,921.0,0.2195426100673467,50.59292647010178,0.2195426100673467,0.13172556604040803,0.08781704402693868,True,False,False,True,python_mission_generator,csv_authoritative,validated_csv,explicit_input,calibrated_csv,python_generated_isa_plus_offset
ENG_0001,922.0,temp_mission_001,NORMAL,DESCENT,42,stage5_mission_generator,103.8620356003139,31.65714845097568,14.794353169511378,1009.452717053405,56.78042749612085,3033.2358513921004,15.438746284857135,48.604584148949854,6.01959981233423,0.6248327164261197,289.6308893218761,62.3733546874675,336.45569142688777,364.1004739848503,391.74525654281285,419.39003910077537,377.92286526383157,419.39003910077537,336.45569142688777,82.9343476738876,2.414424693094581,66.6480507185789,13.017993803106794,68.76990704660192,16.398830216705203,11.465301919489406,14.011747503186841,160.648915543689,True,True,2400.0,8.0,922.0,0.21943632689071257,50.553930856535004,0.21943632689071257,0.13166179613442755,0.08777453075628504,True,False,False,True,python_mission_generator,csv_authoritative,validated_csv,explicit_input,calibrated_csv,python_generated_isa_plus_offset
ENG_0001,923.0,temp_mission_001,NORMAL,DESCENT,42,stage5_mission_generator,96.8499128350968,29.519853432137506,14.808237172586509,1009.7087228443372,56.761494764654756,3030.991972107231,15.433736447854454,48.62478294878212,6.019626830532219,0.6248845186711333,289.64568232073555,62.37165238325268,336.40664722045744,364.0504643402595,391.6942814600616,419.33809857986364,377.87237290016054,419.33809857986364,336.40664722045744,82.9314513594062,2.4133996880976687,66.64512268012218,13.01545267764701,68.73179016470516,16.371903665286773,11.433887609501234,14.01135152448951,160.20421858822684,True,True,2400.0,8.0,923.0,0.21933439806822624,50.51653286845385,0.21933439806822624,0.13160063884093573,0.0877337592272905,True,False,False,True,python_mission_generator,csv_authoritative,validated_csv,explicit_input,calibrated_csv,python_generated_isa_plus_offset
ENG_0001,924.0,temp_mission_001,NORMAL,DESCENT,42,stage5_mission_generator,90.13380554545893,27.472783930255883,14.821535065019992,1009.9539706856306,56.74336127497274,3028.842817774547,15.428938100201377,48.644157119586296,6.0196527081619395,0.6249341340938811,289.6598508358632,62.37002194149787,336.35967340620033,364.0025658436367,391.64545828107305,419.28835071850943,377.8240120623549,419.28835071850943,336.35967340620033,82.9286773123091,2.4124179534985783,66.64231824827152,13.013018958621174,68.69528437931761,16.34611381329456,11.403799448843655,14.010972261960214,159.77831775870564,True,True,2400.0,8.0,924.0,0.2192367721522739,50.48071362957578,0.2192367721522739,0.13154206329136434,0.08769470886090958,True,False,False,True,python_mission_generator,csv_authoritative,validated_csv,explicit_input,calibrated_csv,python_generated_isa_plus_offset
ENG_0001,925.0,temp_mission_001,NORMAL,DESCENT,42,stage5_mission_generator,83.70999612421019,25.514806818659267,14.834254207674064,1010.1885899998325,56.72601698953537,3026.7871987597473,15.424348585839715,48.66271383230596,6.019677459547591,0.624981590158286,289.67340271004224,62.36846245969485,336.31474398241915,363.9567519814396,391.59875998046,419.24076797948044,377.7777559809498,419.24076797948044,336.31474398241915,82.9260239970613,2.411478945871864,66.6396358706729,13.010691281739005,68.66036922608508,16.321446385116968,11.375020782636462,14.010609505663485,159.3709743043261,True,True,2400.0,8.0,925.0,0.2191433951033962,50.446453312662456,0.2191433951033962,0.1314860370620377,0.08765735804135849,True,False,False,True,python_mission_generator,csv_authoritative,validated_csv,explicit_input,calibrated_csv,python_generated_isa_plus_offset
ENG_0001,926.0,temp_mission_001,NORMAL,DESCENT,42,stage5_mission_generator,77.57458699992094,23.644734117575904,14.846402317740157,1010.4127171609435,56.709451384899786,3024.823867839975,15.419965120135162,48.680460980228375,6.0197010997067855,0.6250269156577613,289.68634616571416,62.36697299164621,336.27183168871,363.91299495664157,391.55415822457314,419.1953214925047,377.73357659060736,419.1953214925047,336.27183168871,82.92348980379472,2.4105820954856023,66.63707391982506,13.00846821852837,68.62702327792555,16.2978864140797,11.347534149759648,14.010263035501172,158.98193824246482,True,True,2400.0,8.0,926.0,0.21905421026615798,50.41373113066625,0.21905421026615798,0.13143252615969478,0.0876216841064632,True,False,False,True,python_mission_generator,csv_authoritative,validated_csv,explicit_input,calibrated_csv,python_generated_isa_plus_offset
ENG_0001,927.0,temp_mission_001,NORMAL,DESCENT,42,stage5_mission_generator,71.72349897695858,21.861322488176977,14.857987472025622,1010.6264955493839,56.693653447237786,3022.9515196726265,15.415784788691342,48.69740718223851,6.019723644356952,0.6250701407274741,289.6986898084809,62.365552547062414,336.23090799435255,363.8712656768934,391.5116233594343,419.15198104197515,377.69144451816385,419.15198104197515,336.23090799435255,82.9210730476226,2.409726806058746,66.63463069238615,13.006348275717865,68.59522413576799,16.27541823607152,11.321321275416771,14.009932621118699,158.61094825062656,True,True,2400.0,8.0,927.0,0.21896915834501895,50.38252532787711,0.21896915834501895,0.13138149500701138,0.08758766333800759,True,False,False,True,python_mission_generator,csv_authoritative,validated_csv,explicit_input,calibrated_csv,python_generated_isa_plus_offset
ENG_0001,928.0,temp_mission_001,NORMAL,DESCENT,42,stage5_mission_generator,66.15246957549971,20.163272726612313,14.86901811024051,1010.83007560635,56.67861166785385,3021.1687902641597,15.411804546163802,48.71356178560903,6.01974510992172,0.6251112968566088,289.7104426306063,62.364200091158764,336.1919430867,363.83153374268454,391.4711243986691,419.1107150546536,377.6513290706768,419.1107150546536,336.1919430867,82.9187719679536,2.408912454518472,66.6323044084808,13.004329894617774,68.56494841926661,16.254025483169915,11.296363063698236,14.009618021811322,158.25773155811055,True,True,2400.0,8.0,928.0,0.21888817738020408,50.35281317106933,0.21888817738020408,0.13133290642812245,0.08755527095208164,True,False,False,True,python_mission_generator,csv_authoritative,validated_csv,explicit_input,calibrated_csv,python_generated_isa_plus_offset
ENG_0001,929.0,temp_mission_001,NORMAL,DESCENT,42,stage5_mission_generator,60.85705137150853,18.5492292580358,14.879503038284414,1011.0236148875687,56.664314038703075,3019.4742564388825,15.408021215074024,48.72893486833659,6.019765513537325,0.6251504169006293,289.72161401451876,62.3629145442524,336.15490585956826,363.7937674355037,391.4326290114392,419.0714905873746,377.61319822347144,419.0714905873746,336.15490585956826,82.91658472780637,2.4081383907575296,66.63009321100682,13.002411450499407,68.5361717574911,16.23369107726659,11.272639590144356,14.009318986430392,157.92200383739623,True,True,2400.0,8.0,929.0,0.21881120272357335,50.324570940648044,0.21881120272357335,0.131286721634144,0.08752448108942934,True,False,False,True,python_mission_generator,csv_authoritative,validated_csv,explicit_input,calibrated_csv,python_generated_isa_plus_offset
ENG_0001,930.0,temp_mission_001,NORMAL,DESCENT,42,stage5_mission_generator,55.83261033678173,17.01777963065107,14.889451431533173,1011.2072781164541,56.65074804790931,3017.86643530777,15.404431484623437,48.74353724103526,6.019784873059,0.6251875350935434,289.7322137363127,62.361694781359354,336.1197639016256,363.75793370600024,391.3961035103749,419.03427331474956,377.5770186081876,419.03427331474956,336.1197639016256,82.91450941312394,2.4074039373915905,66.62799516494205,13.00059125197295,68.50886877959424,16.214397223693243,11.250130094308783,14.009035253289607,157.60346909526606,True,True,2400.0,8.0,930.0,0.21873816701449222,50.29777392179617,0.21873816701449222,0.13124290020869533,0.08749526680579689,True,False,False,True,python_mission_generator,csv_authoritative,validated_csv,explicit_input,calibrated_csv,python_generated_isa_plus_offset
ENG_0001,931.0,temp_mission_001,NORMAL,DESCENT,42,stage5_mission_generator,51.07432417891869,15.567454009734417,14.89887283812574,1011.3812372367245,56.63790067528308,3016.343783737254,15.401031909507433,48.75738044840116,6.019803207067375,0.6252226870601657,289.7422519692506,62.360539631791525,336.0864834847826,363.7239981621452,391.3615128395078,418.9990275168704,377.5427555008265,418.9990275168704,336.0864834847826,82.9125440320878,2.406708389516596,66.62600825665125,12.998867540363797,68.48301310545696,16.19612540484705,11.228812972321554,14.00876655007128,157.30181956366465,True,True,2400.0,8.0,931.0,0.21866900015570165,50.2723963956209,0.21866900015570165,0.131201400093421,0.08746760006228066,True,False,False,True,python_mission_generator,csv_authoritative,validated_csv,explicit_input,calibrated_csv,python_generated_isa_plus_offset
ENG_0001,932.0,temp_mission_001,NORMAL,DESCENT,42,stage5_mission_generator,46.577180681358186,14.196724671677975,14.90777718225091,1011.5456714644629,56.62575838783967,3014.904697818035,15.39781890872938,48.77047677026195,6.01982053487487,0.6252559098283804,289.7517392872651,62.359447878753706,336.0550295525818,363.6919250573926,391.32882056220353,418.96571606701434,377.51037280979807,418.96571606701434,336.0550295525818,82.91068651443254,2.4060510144661054,66.6241303931929,12.997238489087511,68.45857733631267,16.17885637381642,11.20866576945249,14.008512593732595,157.01673559031465,True,True,2400.0,8.0,932.0,0.2186036292891886,50.24841163030058,0.2186036292891886,0.13116217757351317,0.08744145171567545,True,False,False,True,python_mission_generator,csv_authoritative,validated_csv,explicit_input,calibrated_csv,python_generated_isa_plus_offset
ENG_0001,933.0,temp_mission_001,NORMAL,DESCENT,42,stage5_mission_generator,42.335976043386836,12.904005498024308,14.916174767434095,1011.7007673396738,56.61430713531715,3013.547512333884,15.394788764414654,48.782839222228276,6.019836876532094,0.625287241841405,289.76068666846095,62.358418258940574,336.02536570858734,363.6616772788407,391.2979888490941,418.9343004193475,377.4798330639674,418.9343004193475,336.02536570858734,82.90893471076015,2.405431051568648,66.62235940162607,12.99570220302339,68.43553304535085,16.162570148006605,11.189665172674372,14.008273090411862,156.74788552909322,True,True,2400.0,8.0,933.0,0.2185419787720561,50.2257918722314,0.2185419787720561,0.13112518726323366,0.08741679150882245,True,False,False,True,python_mission_generator,csv_authoritative,validated_csv,explicit_input,calibrated_csv,python_generated_isa_plus_offset
ENG_0001,934.0,temp_mission_001,NORMAL,DESCENT,42,stage5_mission_generator,38.34531322013936,11.687651469498478,14.924076279824124,1011.8467187773429,56.603532345694376,3012.2705002304447,15.391937620624601,48.7944815559646,6.019852252834233,0.6253167229700531,289.7691054986168,62.357449462133765,335.99745420477456,363.6332163353926,391.2689784660107,418.90474059662876,377.45109740070166,418.90474059662876,335.99745420477456,82.9072863918542,2.404847711905071,66.62069302831722,12.994256717886776,68.41385076830164,16.147246002765336,11.171787003226225,14.008047735334785,156.4949256301857,True,True,2400.0,8.0,934.0,0.21848397015239374,50.204508337174076,0.21848397015239374,0.13109038209143622,0.0873935880609575,True,False,False,True,python_mission_generator,csv_authoritative,validated_csv,explicit_input,calibrated_csv,python_generated_isa_plus_offset
ENG_0001,935.0,temp_mission_001,NORMAL,DESCENT,42,stage5_mission_generator,34.599600262588865,10.545958160037086,14.931492791480075,1011.9837271180448,56.59341892070899,3011.0718720840287,15.389261482170603,48.8054182590991,6.019866685327457,0.625344394524998,289.7770075746876,62.356540130798784,335.9712559299197,363.60650234591776,391.2417487619158,418.87699517791384,377.4241255539168,418.87699517791384,335.9712559299197,82.90573924799412,2.404300178065884,66.6191289382471,12.992899999600146,68.3934999940022,16.132862465008344,11.1550062091764,14.007836212720711,156.25749993002557,True,True,2400.0,8.0,935.0,0.2184295221451471,50.184531201400475,0.2184295221451471,0.13105771328708826,0.08737180885805884,True,False,False,True,python_mission_generator,csv_authoritative,validated_csv,explicit_input,calibrated_csv,python_generated_isa_plus_offset
ENG_0001,936.0,temp_mission_001,NORMAL,DESCENT,42,stage5_mission_generator,31.093048657584404,9.477161230831728,14.938435763657983,1012.1120011781213,56.58395123137548,3009.949775570427,15.386756213428063,48.81566455479307,6.019880196315312,0.625370299269036,289.7844051083062,62.35568885968211,335.9467303979899,363.5814940274132,391.21625765683655,418.8510212862599,377.3988758421249,418.8510212862599,335.9467303979899,82.90429088827,2.403787603908613,66.61766471431751,12.991629943663096,68.37444915494645,16.119397306845123,11.139296857985977,14.0076381956889,156.03524014104173,True,True,2400.0,8.0,936.0,0.21837855060798886,50.165829592840446,0.21837855060798886,0.1310271303647933,0.08735142024319555,True,False,False,True,python_mission_generator,csv_authoritative,validated_csv,explicit_input,calibrated_csv,python_generated_isa_plus_offset
ENG_0001,937.0,temp_mission_001,NORMAL,DESCENT,42,stage5_mission_generator,27.81967166785853,8.47943592436328,14.94491705009764,1012.2317572994527,56.57511311350322,3008.902294933715,15.384417537150433,48.82523640099269,6.019892808865116,0.625394481429349,289.7913107292853,62.35489419540813,335.92383573653234,363.5581486831646,391.1924616297968,418.82677457642905,377.3753051564807,418.82677457642905,335.92383573653234,82.9029388398967,2.403309114315149,66.61629785665828,12.990444374521267,68.35666561781902,16.10682753920458,11.12463212907201,14.007453346164773,155.82776554122188,True,True,2400.0,8.0,937.0,0.21833096851718872,50.148371582228584,0.21833096851718872,0.13099858111031323,0.08733238740687549,True,False,False,True,python_mission_generator,csv_authoritative,validated_csv,explicit_input,calibrated_csv,python_generated_isa_plus_offset
ENG_0001,938.0,temp_mission_001,NORMAL,DESCENT,42,stage5_mission_generator,24.7732826720121,7.550896558429288,14.950948900309417,1012.3432193988814,56.56688786321443,3007.927450455044,15.382241033283208,48.8341504893872,6.01990454681435,0.6254169867097688,289.79773748911964,62.3541546360762,335.9025286750643,363.53642219090693,391.17031570674953,418.8042092225922,377.35336894882823,418.8042092225922,335.9025286750643,82.90168054752792,2.4028638049490936,66.61502578193388,12.98934104493433,68.34011567401495,16.09512940546053,11.110984306370616,14.007281314786184,155.63468286350766,True,True,2400.0,8.0,938.0,0.21828668594348333,50.132124174250734,0.21828668594348333,0.13097201156608998,0.08731467437739333,True,False,False,True,python_mission_generator,csv_authoritative,validated_csv,explicit_input,calibrated_csv,python_generated_isa_plus_offset
ENG_0001,939.0,temp_mission_001,NORMAL,DESCENT,42,stage5_mission_generator,21.947493504540944,6.68959602018408,14.956543962861009,1012.4466190172977,56.55925823246226,3007.023197921453,15.380222137777961,48.84242424409858,6.019915434777064,0.6254378623030394,289.8036988644879,62.35346863085766,335.882764533463,363.51626899098665,391.14977344851025,418.7832779060339,377.33302121974845,418.7832779060339,335.882764533463,82.90051337257091,2.4024507420131096,66.6138458226505,12.988317635343112,68.32476453014668,16.084278375057437,11.098324770900344,14.00712174080967,155.4555861850447,True,True,2400.0,8.0,939.0,0.21824561002794693,50.117053298690884,0.21824561002794693,0.13094736601676815,0.08729824401117878,True,False,False,True,python_mission_generator,csv_authoritative,validated_csv,explicit_input,calibrated_csv,python_generated_isa_plus_offset
ENG_0001,940.0,temp_mission_001,NORMAL,DESCENT,42,stage5_mission_generator,19.335712795839754,5.893525260171957,14.961715288664237,1012.5421953684463,56.552206424548764,3006.1874280946686,15.378356141406327,48.850075820129746,6.019925498150261,0.6254571569030805,289.80920876075453,62.352834579592816,335.86449721035456,363.4976420745215,391.13078693868835,418.76393180285527,377.3142145066049,418.76393180285527,335.86449721035456,82.89943459250071,2.402068962006271,66.61275522646277,12.987371753235994,68.31057629853991,16.07424913713602,11.08662399332536,14.006974252016706,155.29005681629894,True,True,2400.0,8.0,940.0,0.21820764495786127,50.10312380157781,0.21820764495786127,0.13092458697471676,0.08728305798314451,True,False,False,True,python_mission_generator,csv_authoritative,validated_csv,explicit_input,calibrated_csv,python_generated_isa_plus_offset
ENG_0001,941.0,temp_mission_001,NORMAL,DESCENT,42,stage5_mission_generator,16.931144312201468,5.160612786359008,14.966476334261841,1012.6301953874813,56.54571408964294,3005.4179661799044,15.376638188574049,48.85712410160006,6.019934763120307,0.6254749207172511,289.8142815154718,62.352250832387924,335.84767917150435,363.4804929715625,391.1133067716207,418.7461205716789,377.2968998715916,418.7461205716789,335.84767917150435,82.89844140017453,2.4017174714814082,66.61175115548062,12.986500932514637,68.29751398771957,16.065015594158854,11.075851526518662,14.006838464619983,155.13766319006155,True,True,2400.0,8.0,941.0,0.218172691942586,50.09029943633174,0.218172691942586,0.1309036151655516,0.08726907677703441,True,False,False,True,python_mission_generator,csv_authoritative,validated_csv,explicit_input,calibrated_csv,python_generated_isa_plus_offset
ENG_0001,942.0,temp_mission_001,NORMAL,DESCENT,42,stage5_mission_generator,14.726785295851187,4.488724158175442,14.970840965114215,1012.7108737793144,56.5397623202988,3004.712571294672,15.375063276134966,48.863588699797226,6.019943256669312,0.6254912054786116,289.8189319018821,62.351715689212305,335.83226143820673,363.4647717392554,391.0972820403041,418.7297923413528,377.28102688977975,418.7297923413528,335.83226143820673,82.89753090314605,2.4013952468024624,66.61083068557608,12.985702632859216,68.28553949288823,16.056550855536067,11.065975998125412,14.006713983169648,154.99796075036292,True,True,2400.0,8.0,942.0,0.2181406491894288,50.078542854911205,0.2181406491894288,0.13088438951365727,0.08725625967577152,True,False,False,True,python_mission_generator,csv_authoritative,validated_csv,explicit_input,calibrated_csv,python_generated_isa_plus_offset
ENG_0001,943.0,temp_mission_001,NORMAL,DESCENT,42,stage5_mission_generator,12.715424804926442,3.87566148054158,14.974823458886245,1012.7844930668178,56.5343316469733,3004.0689359375765,15.373626252205044,48.86948995107758,6.019951006581543,0.6255060644581888,289.82317513241935,62.35122739949521,335.8181935756741,363.4504269500007,391.08266032432726,418.71489369865384,377.266543637164,418.71489369865384,335.8181935756741,82.89670012297972,2.40110123390183,66.6099908056902,12.984974239093217,68.27461358639826,16.048827231250918,11.056965103126071,14.006600400459572,154.87049184131314,True,True,2400.0,8.0,943.0,0.21811141187951572,50.067815598959605,0.21811141187951572,0.13086684712770943,0.0872445647518063,True,False,False,True,python_mission_generator,csv_authoritative,validated_csv,explicit_input,calibrated_csv,python_generated_isa_plus_offset
ENG_0001,944.0,temp_mission_001,NORMAL,DESCENT,42,stage5_mission_generator,10.88964205350021,3.3191628979068644,14.978438508734069,1012.851323638904,56.52940203354445,3003.4846854571197,15.37232181497638,48.87484891464675,6.019958041449801,0.625519552477238,289.82702686221126,62.35078416172298,335.80542368142727,363.4374056796157,391.0693876778041,418.70136967599257,377.2533966787099,418.70136967599257,335.80542368142727,82.8959459945653,2.4008343480377135,66.60922841713986,12.984313060547974,68.26469590821961,16.041816225485437,11.048785596399675,14.00649729743361,154.75478559589544,True,True,2400.0,8.0,944.0,0.2180848721436611,50.058078090951994,0.2180848721436611,0.13085092328619666,0.08723394885746444,True,False,False,True,python_mission_generator,csv_authoritative,validated_csv,explicit_input,calibrated_csv,python_generated_isa_plus_offset
ENG_0001,945.0,temp_mission_001,NORMAL,DESCENT,42,stage5_mission_generator,9.241804751577547,2.8169020882808367,14.981701226591877,1012.9116437985444,56.52495287282926,3002.9573775205045,15.371144511531188,48.87968737025489,6.0199643906818325,0.6255317259195055,289.8305031925814,62.35038412303593,335.79389837368456,363.42565349549517,391.05740861730584,418.68916373911645,377.2415310564005,418.68916373911645,335.79389837368456,82.8952653654319,2.4005934735514662,66.60854033292456,12.983716330427045,68.25574495640568,16.035488530246052,11.041403285287062,14.006404243091854,154.65035782473305,True,True,2400.0,8.0,945.0,0.2180609190382382,50.04928962534174,0.2180609190382382,0.13083655142294293,0.08722436761529528,True,False,False,True,python_mission_generator,csv_authoritative,validated_csv,explicit_input,calibrated_csv,python_generated_isa_plus_offset
ENG_0001,946.0,temp_mission_001,NORMAL,DESCENT,42,stage5_mission_generator,7.764067445128603,2.3664877572751983,14.984627146458646,1012.9657398107908,56.52096298210185,3002.484501582441,15.370088736655882,48.88402781584212,6.019970084506722,0.6255426427434944,289.83362067455096,62.35002537882546,335.7835627797519,363.4151144447728,391.0466661097938,418.67821777481475,377.2308902772833,418.67821777481475,335.7835627797519,82.89465499506287,2.400377463624951,66.60792327703336,12.983181205170604,68.24771807755907,16.029814018989295,11.034783022154176,14.0063207943969,154.55671090485592,True,True,2400.0,8.0,946.0,0.2180394385210491,50.041408359707354,0.2180394385210491,0.13082366311262944,0.08721577540841964,True,False,False,True,python_mission_generator,csv_authoritative,validated_csv,explicit_input,calibrated_csv,python_generated_isa_plus_offset
ENG_0001,947.0,temp_mission_001,NORMAL,DESCENT,42,stage5_mission_generator,6.4483698560761695,1.9654631321320166,14.987232227684968,1013.0139059508292,56.517410598611406,3002.0634783539444,15.369148731655017,48.88789346517016,6.01997515398128,0.6255523624947241,289.8363963123408,62.34970597233099,335.77436052441243,363.4057310424822,391.03710156055195,418.66847207862173,377.2214163015171,418.66847207862173,335.77436052441243,82.8941115542093,2.4001851400378778,66.60737388375158,12.982704763819939,68.24057145729908,16.02476174024733,11.028888696955223,14.006246496180108,154.4733336684895,True,True,2400.0,8.0,947.0,0.21802031342719513,50.03439130589907,0.21802031342719513,0.13081218805631709,0.08720812537087806,True,False,False,True,python_mission_generator,csv_authoritative,validated_csv,explicit_input,calibrated_csv,python_generated_isa_plus_offset
ENG_0001,948.0,temp_mission_001,NORMAL,DESCENT,42,stage5_mission_generator,5.286435222292312,1.6113054557546966,14.989532858259862,1013.0564445521433,56.51427337510019,3001.691659271133,15.368318583165333,48.891308245478825,6.01997963099645,0.6255609463179979,289.83884756687354,62.34942389423699,335.76623371831596,363.39744425971776,391.0286548011196,418.6598653425214,377.2130495304187,418.6598653425214,335.76623371831596,82.89363162420545,2.4000152929251573,66.6068886969678,12.982284007382255,68.23426011073383,16.0202999112536,11.023683229795864,14.006180881047847,154.39970129189462,True,True,2400.0,8.0,948.0,0.21800342344494678,50.02819432118555,0.21800342344494678,0.13080205406696807,0.08720136937797872,True,False,False,True,python_mission_generator,csv_authoritative,validated_csv,explicit_input,calibrated_csv,python_generated_isa_plus_offset
ENG_0001,949.0,temp_mission_001,NORMAL,DESCENT,42,stage5_mission_generator,4.269768637647758,1.3014254807550367,14.991545858097458,1013.0936660548429,56.511528375321646,3001.366325964047,15.367592221969776,48.89429679520603,6.019983548283696,0.6255684569696619,289.8409923592753,62.34917708227005,335.7591229463689,363.3901935117962,391.0212640772235,418.6523346426508,377.20572879450987,418.6523346426508,335.7591229463689,82.89321169628192,2.3998666805342523,66.6064641694806,12.981915858195942,68.22873787293913,16.016395911568566,11.01912856349666,14.006123469287774,154.33527518428983,True,True,2400.0,8.0,949.0,0.2179886450916145,50.02277209940078,0.2179886450916145,0.1307931870549687,0.0871954580366458,True,False,False,True,python_mission_generator,csv_authoritative,validated_csv,explicit_input,calibrated_csv,python_generated_isa_plus_offset
ENG_0001,950.0,temp_mission_001,NORMAL,DESCENT,42,stage5_mission_generator,3.3896553919848884,1.033166963476994,14.99328848232387,1013.1258890542113,56.50915206955836,3001.084689725435,15.366963421811496,48.89688446181241,6.019986939421405,0.6255749588298712,289.84284907437785,62.34896342079581,335.7529672561239,363.3839166464176,391.01486603671134,418.64581542700506,377.1993913415645,418.64581542700506,335.7529672561239,82.89284817088117,2.3997380289825245,66.60609666230539,12.98159715929643,68.22395738944644,16.01301627670522,11.01518565615609,14.006073768775076,154.27950287687528,True,True,2400.0,8.0,950.0,0.2179758516894182,50.01807816209058,0.2179758516894182,0.1307855110136509,0.08719034067576728,True,False,False,True,python_mission_generator,csv_authoritative,validated_csv,explicit_input,calibrated_csv,python_generated_isa_plus_offset
ENG_0001,951.0,temp_mission_001,NORMAL,DESCENT,42,stage5_mission_generator,2.63715931113893,0.803806158035146,14.994778424563945,1013.1534403495423,56.507120330140076,3000.843890979564,15.36642579820786,48.89909729975206,6.019989838841278,0.6255805179148527,289.8444365642206,62.348780740416,335.74770414616955,363.3785499318265,391.0093957174835,418.6402415031405,377.193972824655,418.6402415031405,335.74770414616955,82.89253735697093,2.39962803201458,66.60578244398135,12.981324673782852,68.21987010674279,16.01012669175477,11.011814473713898,14.006031274878747,154.23181791199931,True,True,2400.0,8.0,951.0,0.2179649133413581,50.0140648496594,0.2179649133413581,0.13077894800481485,0.08718596533654324,True,False,False,True,python_mission_generator,csv_authoritative,validated_csv,explicit_input,calibrated_csv,python_generated_isa_plus_offset
ENG_0001,952.0,temp_mission_001,NORMAL,DESCENT,42,stage5_mission_generator,2.003121096936411,0.6105513103462181,14.996033820228066,1013.1766549933391,56.50540842696173,3000.6409987510197,15.36597280726446,48.900962068632516,6.019992281834729,0.6255852018891669,289.8457741515523,62.34862681756545,335.7432695545197,363.3740280449727,391.0047865354257,418.6355450258787,377.1894072901992,418.6355450258787,335.7432695545197,82.89227547135897,2.3995353507596233,66.60551768987817,12.98109508418567,68.21642626278505,16.007691985012237,11.008973982514275,14.005995470367827,154.1916397324922,True,True,2400.0,8.0,952.0,0.21795569690708433,50.010683312516996,0.21795569690708433,0.13077341814425059,0.08718227876283374,True,False,False,True,python_mission_generator,csv_authoritative,validated_csv,explicit_input,calibrated_csv,python_generated_isa_plus_offset
ENG_0001,953.0,temp_mission_001,NORMAL,DESCENT,42,stage5_mission_generator,1.478156667224539,0.4505421521700395,14.997073249798895,1013.1958763409335,56.503991023001504,3000.4730101335117,15.365597744489161,48.90250623160867,6.019994304559284,0.6255890800779723,289.8468816333335,62.348499374109124,335.7395978470038,363.37028405967294,391.0009702723421,418.63165648501126,377.1856271660075,418.63165648501126,335.7395978470038,82.89205863800748,2.399458613488804,66.60529848150289,12.980904991835454,68.21357487753181,16.00567612160214,11.006622141869164,14.005965825317679,154.15837357120438,True,True,2400.0,8.0,953.0,0.21794806597876787,50.0078835022252,0.21794806597876787,0.1307688395872607,0.08717922639150716,True,False,False,True,python_mission_generator,csv_authoritative,validated_csv,explicit_input,calibrated_csv,python_generated_isa_plus_offset
ENG_0001,954.0,temp_mission_001,NORMAL,DESCENT,42,stage5_mission_generator,1.0526554958714769,0.3208493951416262,14.997915742118174,1013.2114561006103,56.50284216983886,3000.336849758679,15.365293743606081,48.903757954055855,6.019995944044969,0.6255922234792891,289.8477792842381,62.348396076939125,335.73662180565617,363.36724943477196,390.99787706388776,418.62850469300355,377.18256324932986,418.62850469300355,335.73662180565617,82.89188288734738,2.3993964153725655,66.60512080580683,12.98075091623303,68.21126374349545,16.004042197104148,11.004715896621505,14.005941797016238,154.13141034078015,True,True,2400.0,8.0,954.0,0.2179418808569703,50.00561416264465,0.2179418808569703,0.13076512851418218,0.08717675234278813,True,False,False,True,python_mission_generator,csv_authoritative,validated_csv,explicit_input,calibrated_csv,python_generated_isa_plus_offset
ENG_0001,955.0,temp_mission_001,NORMAL,DESCENT,42,stage5_mission_generator,0.716778952736604,0.2184742247941169,14.998580777673581,1013.2237543843029,56.50193530317239,3000.2293692648755,15.365053775369569,48.90474610256962,6.019997238200711,0.6255947047762607,289.84848786015516,62.34831453757164,335.7342726171053,363.3648540023029,390.9954353875004,418.62601677269794,377.1801446949016,418.62601677269794,335.7342726171053,82.89174415559262,2.3993473182379907,66.60498055449237,12.980629294421146,68.2094394163172,16.002752431178507,11.003211169708257,14.005922829870272,154.11012652370044,True,True,2400.0,8.0,955.0,0.2179369985265136,50.00382282108126,0.2179369985265136,0.13076219911590817,0.08717479941060545,True,False,False,True,python_mission_generator,csv_authoritative,validated_csv,explicit_input,calibrated_csv,python_generated_isa_plus_offset
ENG_0001,956.0,temp_mission_001,NORMAL,DESCENT,42,stage5_mission_generator,0.460458643752645,0.1403477946158062,14.99908829188537,1013.233139758939,56.501243238338134,3000.1473467660007,15.364870646378327,48.90550024433996,6.019998225820737,0.6255965983494186,289.84902860169177,62.34825231174403,335.7324798609649,363.3630259556497,390.99357205033454,418.62411814501934,377.1782990029921,418.62411814501934,335.7324798609649,82.89163828405447,2.3993098503261594,66.60487352331977,12.980536480357959,68.20804720536938,16.001768161192008,11.002062854724011,14.005908355311648,154.09388406264296,True,True,2400.0,8.0,956.0,0.21793327263235165,50.00245577943335,0.21793327263235165,0.130759963579411,0.08717330905294067,True,False,False,True,python_mission_generator,csv_authoritative,validated_csv,explicit_input,calibrated_csv,python_generated_isa_plus_offset
ENG_0001,957.0,temp_mission_001,NORMAL,DESCENT,42,stage5_mission_generator,0.2733947508795609,0.08333072006809017,14.999458678393259,1013.2399892985335,56.50073816582737,3000.0874863202816,15.364736997889306,48.90605064695003,6.019998946590959,0.6255979802889446,289.8494232376738,62.348206899011835,335.7311714982215,363.36169183770687,390.9922121771922,418.62273251667756,377.17695200744953,418.62273251667756,335.7311714982215,82.89156101845606,2.3992825060494893,66.60479541141406,12.980468744292455,68.20703116438683,16.00104983584338,11.001224808483943,14.00589779170358,154.0820302511799,True,True,2400.0,8.0,957.0,0.21793055345543919,50.001458105338024,0.21793055345543919,0.1307583320732635,0.08717222138217567,True,False,False,True,python_mission_generator,csv_authoritative,validated_csv,explicit_input,calibrated_csv,python_generated_isa_plus_offset
ENG_0001,958.0,temp_mission_001,NORMAL,DESCENT,42,stage5_mission_generator,0.1450543721239228,0.04421257262337167,14.999712792343194,1013.2446886370795,56.50039164680474,3000.0464173990795,15.364645304631795,48.90642827865028,6.01999944109539,0.6255989284069353,289.84969398864894,62.34817574234573,335.73027385962615,363.36077652904163,390.9912791984571,418.6217818678726,377.17602786374937,418.6217818678726,335.73027385962615,82.89150800824643,2.399263745749087,66.60474182057187,12.980422272142102,68.20633408213153,16.000557008788952,11.000649843587112,14.005890544246897,154.07389762486784,True,True,2400.0,8.0,958.0,0.21792868788860273,50.00077362331799,0.21792868788860273,0.13075721273316163,0.0871714751554411,True,False,False,True,python_mission_generator,csv_authoritative,validated_csv,explicit_input,calibrated_csv,python_generated_isa_plus_offset
ENG_0001,959.0,temp_mission_001,NORMAL,DESCENT,42,stage5_mission_generator,0.06466986156374332,0.019711373804628965,14.999871953674104,1013.2476320223669,56.500174608626224,3000.0206943557005,15.364587873621398,48.90666480916021,6.019999750822514,0.6255995222496632,289.8498635703879,62.34815622772858,335.72971163408306,363.3602032360548,390.9906948380266,418.6211864399984,377.1754490370407,418.6211864399984,335.72971163408306,82.89147480591532,2.3992519954521008,66.60470825456824,12.980393164872947,68.20589747309421,16.000248332268406,11.000289720979806,14.0058860048863,154.06880385276568,True,True,2400.0,8.0,959.0,0.21792751941241062,50.000344905928344,0.21792751941241062,0.13075651164744637,0.08717100776496425,True,False,False,True,python_mission_generator,csv_authoritative,validated_csv,explicit_input,calibrated_csv,python_generated_isa_plus_offset
ENG_0001,960.0,temp_mission_001,NORMAL,DESCENT,42,stage5_mission_generator,0.02123716929963848,0.006473089202529809,14.999957950404786,1013.2492223707821,56.50005734035711,3000.006795894176,15.364556842974029,48.9067926110521,6.019999918171705,0.6255998431098422,289.8499551973872,62.34814568375245,335.7294078570392,363.35989347914153,390.9903791012439,418.62086472334624,377.1751362901927,418.62086472334624,335.7294078570392,82.89145686630707,2.3992456466290566,66.60469011846345,12.980377437882384,68.20566156823575,16.000081550730112,11.000095142518463,14.00588355221662,154.06605162941727,True,True,2400.0,8.0,960.0,0.21792688807104252,50.00011326490293,0.21792688807104252,0.1307561328426255,0.08717075522841701,True,False,False,True,python_mission_generator,csv_authoritative,validated_csv,explicit_input,calibrated_csv,python_generated_isa_plus_offset
ENG_0001,961.0,temp_mission_001,NORMAL,DESCENT,42,stage5_mission_generator,0.0035141815733368276,0.001071122543553065,14.999993041920485,1013.2498713232004,56.500009488290246,3000.001124538104,15.364544180719998,48.90684476177123,6.019999986459612,0.6255999740388895,289.8499925863699,62.34814138121558,335.7292838988745,363.35976708085286,390.9902502628313,418.6207334448097,377.1750086718421,418.6207334448097,335.7292838988745,82.89144954593519,2.399243055951228,66.60468271790995,12.980371020384915,68.20556530577373,16.000013494457246,11.000015743533453,14.005882551389078,154.06492856736034,True,True,2400.0,8.0,961.0,0.21792663044816135,50.00001874230173,0.21792663044816135,0.13075597826889682,0.08717065217926455,True,False,False,True,python_mission_generator,csv_authoritative,validated_csv,explicit_input,calibrated_csv,python_generated_isa_plus_offset
ENG_0001,962.0,temp_mission_001,NORMAL,DESCENT,42,stage5_mission_generator,1.9060675185755827e-05,5.809693796618376e-06,14.999999962259864,1013.2499993020662,56.50000005146382,3000.000006099416,15.36454168361797,48.90685504635101,6.019999999926559,0.6255999998591888,289.8499999597891,62.34814053271945,335.72925945329126,363.3597421540569,390.9902248548225,418.6207075555881,377.1749835044397,418.6207075555881,335.72925945329126,82.89144810229686,2.399242545047967,66.60468125845914,12.980369754801034,68.20554632201551,16.000000073192993,11.000000085391827,14.005882354017544,154.06470709018086,True,True,2400.0,8.0,962.0,0.21792657964278192,50.00000010165694,0.21792657964278192,0.13075594778566915,0.08717063185711277,True,False,False,True,python_mission_generator,csv_authoritative,validated_csv,explicit_input,calibrated_csv,python_generated_isa_plus_offset
ENG_0001,963.0,temp_mission_001,NORMAL,IDLE/LANDING,42,stage5_mission_generator,0.0,0.0,15.0,1013.25,56.5,3000.0,15.36454167,48.90685510243809,6.02,0.6256,289.85,62.348140528092166,335.729259319977,363.3597420181183,390.99022471625966,418.62070741440095,377.174983367189,418.62070741440095,335.729259319977,82.89144809442394,2.399242542261751,66.6046812505,12.980369747899159,68.2055462184874,16.0,11.0,14.005882352941176,154.06470588235294,True,True,2400.0,8.0,963.0,0.2179265793657143,50.0,0.2179265793657143,0.13075594761942858,0.08717063174628573,True,False,False,True,python_mission_generator,csv_authoritative,validated_csv,explicit_input,calibrated_csv,python_generated_isa_plus_offset
ENG_0001,964.0,temp_mission_001,NORMAL,IDLE/LANDING,42,stage5_mission_generator,0.0,0.0,15.0,1013.25,56.5,3000.0,15.36454167,48.90685510243809,6.02,0.6256,289.85,62.348140528092166,335.729259319977,363.3597420181183,390.99022471625966,418.62070741440095,377.174983367189,418.62070741440095,335.729259319977,82.89144809442394,2.399242542261751,66.6046812505,12.980369747899159,68.2055462184874,16.0,11.0,14.005882352941176,154.06470588235294,True,True,2400.0,8.0,964.0,0.2179265793657143,50.0,0.2179265793657143,0.13075594761942858,0.08717063174628573,True,False,False,True,python_mission_generator,csv_authoritative,validated_csv,explicit_input,calibrated_csv,python_generated_isa_plus_offset
ENG_0001,965.0,temp_mission_001,NORMAL,IDLE/LANDING,42,stage5_mission_generator,0.0,0.0,15.0,1013.25,56.5,3000.0,15.36454167,48.90685510243809,6.02,0.6256,289.85,62.348140528092166,335.729259319977,363.3597420181183,390.99022471625966,418.62070741440095,377.174983367189,418.62070741440095,335.729259319977,82.89144809442394,2.399242542261751,66.6046812505,12.980369747899159,68.2055462184874,16.0,11.0,14.005882352941176,154.06470588235294,True,True,2400.0,8.0,965.0,0.2179265793657143,50.0,0.2179265793657143,0.13075594761942858,0.08717063174628573,True,False,False,True,python_mission_generator,csv_authoritative,validated_csv,explicit_input,calibrated_csv,python_generated_isa_plus_offset
ENG_0001,966.0,temp_mission_001,NORMAL,IDLE/LANDING,42,stage5_mission_generator,0.0,0.0,15.0,1013.25,56.5,3000.0,15.36454167,48.90685510243809,6.02,0.6256,289.85,62.348140528092166,335.729259319977,363.3597420181183,390.99022471625966,418.62070741440095,377.174983367189,418.62070741440095,335.729259319977,82.89144809442394,2.399242542261751,66.6046812505,12.980369747899159,68.2055462184874,16.0,11.0,14.005882352941176,154.06470588235294,True,True,2400.0,8.0,966.0,0.2179265793657143,50.0,0.2179265793657143,0.13075594761942858,0.08717063174628573,True,False,False,True,python_mission_generator,csv_authoritative,validated_csv,explicit_input,calibrated_csv,python_generated_isa_plus_offset
ENG_0001,967.0,temp_mission_001,NORMAL,IDLE/LANDING,42,stage5_mission_generator,0.0,0.0,15.0,1013.25,56.5,3000.0,15.36454167,48.90685510243809,6.02,0.6256,289.85,62.348140528092166,335.729259319977,363.3597420181183,390.99022471625966,418.62070741440095,377.174983367189,418.62070741440095,335.729259319977,82.89144809442394,2.399242542261751,66.6046812505,12.980369747899159,68.2055462184874,16.0,11.0,14.005882352941176,154.06470588235294,True,True,2400.0,8.0,967.0,0.2179265793657143,50.0,0.2179265793657143,0.13075594761942858,0.08717063174628573,True,False,False,True,python_mission_generator,csv_authoritative,validated_csv,explicit_input,calibrated_csv,python_generated_isa_plus_offset
ENG_0001,968.0,temp_mission_001,NORMAL,IDLE/LANDING,42,stage5_mission_generator,0.0,0.0,15.0,1013.25,56.5,3000.0,15.36454167,48.90685510243809,6.02,0.6256,289.85,62.348140528092166,335.729259319977,363.3597420181183,390.99022471625966,418.62070741440095,377.174983367189,418.62070741440095,335.729259319977,82.89144809442394,2.399242542261751,66.6046812505,12.980369747899159,68.2055462184874,16.0,11.0,14.005882352941176,154.06470588235294,True,True,2400.0,8.0,968.0,0.2179265793657143,50.0,0.2179265793657143,0.13075594761942858,0.08717063174628573,True,False,False,True,python_mission_generator,csv_authoritative,validated_csv,explicit_input,calibrated_csv,python_generated_isa_plus_offset
ENG_0001,969.0,temp_mission_001,NORMAL,IDLE/LANDING,42,stage5_mission_generator,0.0,0.0,15.0,1013.25,56.5,3000.0,15.36454167,48.90685510243809,6.02,0.6256,289.85,62.348140528092166,335.729259319977,363.3597420181183,390.99022471625966,418.62070741440095,377.174983367189,418.62070741440095,335.729259319977,82.89144809442394,2.399242542261751,66.6046812505,12.980369747899159,68.2055462184874,16.0,11.0,14.005882352941176,154.06470588235294,True,True,2400.0,8.0,969.0,0.2179265793657143,50.0,0.2179265793657143,0.13075594761942858,0.08717063174628573,True,False,False,True,python_mission_generator,csv_authoritative,validated_csv,explicit_input,calibrated_csv,python_generated_isa_plus_offset
ENG_0001,970.0,temp_mission_001,NORMAL,IDLE/LANDING,42,stage5_mission_generator,0.0,0.0,15.0,1013.25,56.5,3000.0,15.36454167,48.90685510243809,6.02,0.6256,289.85,62.348140528092166,335.729259319977,363.3597420181183,390.99022471625966,418.62070741440095,377.174983367189,418.62070741440095,335.729259319977,82.89144809442394,2.399242542261751,66.6046812505,12.980369747899159,68.2055462184874,16.0,11.0,14.005882352941176,154.06470588235294,True,True,2400.0,8.0,970.0,0.2179265793657143,50.0,0.2179265793657143,0.13075594761942858,0.08717063174628573,True,False,False,True,python_mission_generator,csv_authoritative,validated_csv,explicit_input,calibrated_csv,python_generated_isa_plus_offset
ENG_0001,971.0,temp_mission_001,NORMAL,IDLE/LANDING,42,stage5_mission_generator,0.0,0.0,15.0,1013.25,56.5,3000.0,15.36454167,48.90685510243809,6.02,0.6256,289.85,62.348140528092166,335.729259319977,363.3597420181183,390.99022471625966,418.62070741440095,377.174983367189,418.62070741440095,335.729259319977,82.89144809442394,2.399242542261751,66.6046812505,12.980369747899159,68.2055462184874,16.0,11.0,14.005882352941176,154.06470588235294,True,True,2400.0,8.0,971.0,0.2179265793657143,50.0,0.2179265793657143,0.13075594761942858,0.08717063174628573,True,False,False,True,python_mission_generator,csv_authoritative,validated_csv,explicit_input,calibrated_csv,python_generated_isa_plus_offset
ENG_0001,972.0,temp_mission_001,NORMAL,IDLE/LANDING,42,stage5_mission_generator,0.0,0.0,15.0,1013.25,56.5,3000.0,15.36454167,48.90685510243809,6.02,0.6256,289.85,62.348140528092166,335.729259319977,363.3597420181183,390.99022471625966,418.62070741440095,377.174983367189,418.62070741440095,335.729259319977,82.89144809442394,2.399242542261751,66.6046812505,12.980369747899159,68.2055462184874,16.0,11.0,14.005882352941176,154.06470588235294,True,True,2400.0,8.0,972.0,0.2179265793657143,50.0,0.2179265793657143,0.13075594761942858,0.08717063174628573,True,False,False,True,python_mission_generator,csv_authoritative,validated_csv,explicit_input,calibrated_csv,python_generated_isa_plus_offset
ENG_0001,973.0,temp_mission_001,NORMAL,IDLE/LANDING,42,stage5_mission_generator,0.0,0.0,15.0,1013.25,56.5,3000.0,15.36454167,48.90685510243809,6.02,0.6256,289.85,62.348140528092166,335.729259319977,363.3597420181183,390.99022471625966,418.62070741440095,377.174983367189,418.62070741440095,335.729259319977,82.89144809442394,2.399242542261751,66.6046812505,12.980369747899159,68.2055462184874,16.0,11.0,14.005882352941176,154.06470588235294,True,True,2400.0,8.0,973.0,0.2179265793657143,50.0,0.2179265793657143,0.13075594761942858,0.08717063174628573,True,False,False,True,python_mission_generator,csv_authoritative,validated_csv,explicit_input,calibrated_csv,python_generated_isa_plus_offset
ENG_0001,974.0,temp_mission_001,NORMAL,IDLE/LANDING,42,stage5_mission_generator,0.0,0.0,15.0,1013.25,56.5,3000.0,15.36454167,48.90685510243809,6.02,0.6256,289.85,62.348140528092166,335.729259319977,363.3597420181183,390.99022471625966,418.62070741440095,377.174983367189,418.62070741440095,335.729259319977,82.89144809442394,2.399242542261751,66.6046812505,12.980369747899159,68.2055462184874,16.0,11.0,14.005882352941176,154.06470588235294,True,True,2400.0,8.0,974.0,0.2179265793657143,50.0,0.2179265793657143,0.13075594761942858,0.08717063174628573,True,False,False,True,python_mission_generator,csv_authoritative,validated_csv,explicit_input,calibrated_csv,python_generated_isa_plus_offset
ENG_0001,975.0,temp_mission_001,NORMAL,IDLE/LANDING,42,stage5_mission_generator,0.0,0.0,15.0,1013.25,56.5,3000.0,15.36454167,48.90685510243809,6.02,0.6256,289.85,62.348140528092166,335.729259319977,363.3597420181183,390.99022471625966,418.62070741440095,377.174983367189,418.62070741440095,335.729259319977,82.89144809442394,2.399242542261751,66.6046812505,12.980369747899159,68.2055462184874,16.0,11.0,14.005882352941176,154.06470588235294,True,True,2400.0,8.0,975.0,0.2179265793657143,50.0,0.2179265793657143,0.13075594761942858,0.08717063174628573,True,False,False,True,python_mission_generator,csv_authoritative,validated_csv,explicit_input,calibrated_csv,python_generated_isa_plus_offset
ENG_0001,976.0,temp_mission_001,NORMAL,IDLE/LANDING,42,stage5_mission_generator,0.0,0.0,15.0,1013.25,56.5,3000.0,15.36454167,48.90685510243809,6.02,0.6256,289.85,62.348140528092166,335.729259319977,363.3597420181183,390.99022471625966,418.62070741440095,377.174983367189,418.62070741440095,335.729259319977,82.89144809442394,2.399242542261751,66.6046812505,12.980369747899159,68.2055462184874,16.0,11.0,14.005882352941176,154.06470588235294,True,True,2400.0,8.0,976.0,0.2179265793657143,50.0,0.2179265793657143,0.13075594761942858,0.08717063174628573,True,False,False,True,python_mission_generator,csv_authoritative,validated_csv,explicit_input,calibrated_csv,python_generated_isa_plus_offset
ENG_0001,977.0,temp_mission_001,NORMAL,IDLE/LANDING,42,stage5_mission_generator,0.0,0.0,15.0,1013.25,56.5,3000.0,15.36454167,48.90685510243809,6.02,0.6256,289.85,62.348140528092166,335.729259319977,363.3597420181183,390.99022471625966,418.62070741440095,377.174983367189,418.62070741440095,335.729259319977,82.89144809442394,2.399242542261751,66.6046812505,12.980369747899159,68.2055462184874,16.0,11.0,14.005882352941176,154.06470588235294,True,True,2400.0,8.0,977.0,0.2179265793657143,50.0,0.2179265793657143,0.13075594761942858,0.08717063174628573,True,False,False,True,python_mission_generator,csv_authoritative,validated_csv,explicit_input,calibrated_csv,python_generated_isa_plus_offset
ENG_0001,978.0,temp_mission_001,NORMAL,IDLE/LANDING,42,stage5_mission_generator,0.0,0.0,15.0,1013.25,56.5,3000.0,15.36454167,48.90685510243809,6.02,0.6256,289.85,62.348140528092166,335.729259319977,363.3597420181183,390.99022471625966,418.62070741440095,377.174983367189,418.62070741440095,335.729259319977,82.89144809442394,2.399242542261751,66.6046812505,12.980369747899159,68.2055462184874,16.0,11.0,14.005882352941176,154.06470588235294,True,True,2400.0,8.0,978.0,0.2179265793657143,50.0,0.2179265793657143,0.13075594761942858,0.08717063174628573,True,False,False,True,python_mission_generator,csv_authoritative,validated_csv,explicit_input,calibrated_csv,python_generated_isa_plus_offset
ENG_0001,979.0,temp_mission_001,NORMAL,IDLE/LANDING,42,stage5_mission_generator,0.0,0.0,15.0,1013.25,56.5,3000.0,15.36454167,48.90685510243809,6.02,0.6256,289.85,62.348140528092166,335.729259319977,363.3597420181183,390.99022471625966,418.62070741440095,377.174983367189,418.62070741440095,335.729259319977,82.89144809442394,2.399242542261751,66.6046812505,12.980369747899159,68.2055462184874,16.0,11.0,14.005882352941176,154.06470588235294,True,True,2400.0,8.0,979.0,0.2179265793657143,50.0,0.2179265793657143,0.13075594761942858,0.08717063174628573,True,False,False,True,python_mission_generator,csv_authoritative,validated_csv,explicit_input,calibrated_csv,python_generated_isa_plus_offset
ENG_0001,980.0,temp_mission_001,NORMAL,IDLE/LANDING,42,stage5_mission_generator,0.0,0.0,15.0,1013.25,56.5,3000.0,15.36454167,48.90685510243809,6.02,0.6256,289.85,62.348140528092166,335.729259319977,363.3597420181183,390.99022471625966,418.62070741440095,377.174983367189,418.62070741440095,335.729259319977,82.89144809442394,2.399242542261751,66.6046812505,12.980369747899159,68.2055462184874,16.0,11.0,14.005882352941176,154.06470588235294,True,True,2400.0,8.0,980.0,0.2179265793657143,50.0,0.2179265793657143,0.13075594761942858,0.08717063174628573,True,False,False,True,python_mission_generator,csv_authoritative,validated_csv,explicit_input,calibrated_csv,python_generated_isa_plus_offset
